<?xml version="1.0" encoding="iso-8859-1"?>

<!--
	Please see the license.html file included with this distribution for
	attribution and copyright information.
-->

<root>
	<windowclass name="charwizard_levelup">
		<frame>utilitybox</frame>
		<placement>
			<nosave />
		</placement>
		<sizelimits>
			<minimum width="720" height="600" />
			<dynamic />
		</sizelimits>
		<minimize>minimized_char</minimize>
		<sheetdata>
			<windowtitlebar_utilitybox name="title" />
			<windowmenubar_utilitybox name="menubar" />

			<anchor_content_utilitybox_top />
			<anchor_content_utilitybox_bottom />

			<sub_content_top name="sub_step_buttons">
				<anchored height="50" />
				<class>sub_charwizard_levelup_step_buttons</class>
			</sub_content_top>

			<sub_content_framed_groupbox_hidden name="sub_class">
				<class>charwizard_sub_class</class>
			</sub_content_framed_groupbox_hidden>
			<sub_content_framed_groupbox_hidden name="sub_commit">
				<class>charwizard_sub_commit</class>
			</sub_content_framed_groupbox_hidden>

			<scrollbar_content_base>
				<anchored to="sub_class" />
				<target>sub_class</target>
			</scrollbar_content_base>
			<scrollbar_content_base>
				<anchored to="sub_commit" />
				<target>sub_commit</target>
			</scrollbar_content_base>

			<resize_utilitybox />
		</sheetdata>
	</windowclass>

	<windowclass name="sub_charwizard_levelup_step_buttons">
		<margins control="0,0,0,5" />
		<sheetdata>
			<anchor_charwizard_tab />
			<button_charwizard_tab name="button_class" >
				<state textres="charwizard_label_class" />
			</button_charwizard_tab>
			<button_charwizard_tab name="button_commit" >
				<state textres="charwizard_label_commit" />
			</button_charwizard_tab>
		</sheetdata>
	</windowclass>
</root>
