<?xml version="1.0" encoding="iso-8859-1"?>

<!--
	Please see the license.html file included with this distribution for
	attribution and copyright information.
-->

<root>
	<windowclass name="charwizard_sub_commit">
		<margins control="0,0,0,2" />
		<script>
			function onInit()
				self.update();
			end
			function update()
				CharWizardManager.clearSummary();
				CharWizardManager.populateSummary();
				CharWizardManager.checkCompletion();
			end
		</script>
		<sheetdata>
			<anchor_content_top />

			<sub_content_top name="sub_instructions">
				<class>charwizard_commit_instructions</class>
			</sub_content_top>

			<sub_content_top name="sub_warnings">
				<class>charwizard_commit_warnings</class>
			</sub_content_top>
			<sub_content_top name="sub_save">
				<class>charwizard_commit_save</class>
			</sub_content_top>
			<sub_content_top name="sub_summary">
				<class>charwizard_commit_summary</class>
			</sub_content_top>
		</sheetdata>
	</windowclass>
	<windowclass name="charwizard_commit_instructions" copy="charwizard_instructions">
		<script>
			function onInit()
				super.onInit();
				if WindowManager.getTopWindow(self).getClass() == "charwizard_levelup" then
					text.setValue(Interface.getString("charwizard_message_instructions_commit_levelup"));
				end
			end
		</script>
		<sheetdata>
			<stringc_content_noframe_noscroll_static_top name="text">
				<static textres="charwizard_message_instructions_commit" />
			</stringc_content_noframe_noscroll_static_top>
		</sheetdata>
	</windowclass>

	<windowclass name="charwizard_commit_warnings">
		<sheetdata>
			<anchor_content_top />

			<header_content_framed_metalplate_with_icon_top name="header">
				<icon>button_alert</icon>
				<static textres="charwizard_label_warnings" />
			</header_content_framed_metalplate_with_icon_top>
			<list_content_noscroll_top name="list">
				<class>charwizard_commit_warning_entry</class>
			</list_content_noscroll_top>
		</sheetdata>
	</windowclass>
	<windowclass name="charwizard_commit_warning_entry">
		<margins control="0,0,0,2" />
		<sheetdata>
			<anchor_listitem_left />
			<anchor_listitem_right />

			<stringc_listitem_left_noframe_static name="warning_label">
				<anchored width="90" />
				<font>reference-h</font>
				<default>WARNING</default>
			</stringc_listitem_left_noframe_static>

			<stringc_listitem_center_noframe_static name="warning">
				<font name="sheetlabel" />
			</stringc_listitem_center_noframe_static>
		</sheetdata>
	</windowclass>

	<windowclass name="charwizard_commit_save">
		<margins control="0,0,0,2" />
		<sheetdata>
			<anchor_content_top />

			<header_content_framed_metalplate name="header">
				<static textres="charwizard_title_save" />
			</header_content_framed_metalplate>

			<button_text name="button_commit">
				<anchored>
					<top parent="contentanchor" anchor="bottom" relation="relative" offset="5" />
					<left anchor="center" offset="-45" />
					<right anchor="center" offset="45" />
				</anchored>
				<state textres="charwizard_label_save" />
				<script>
					function onButtonPress()
						CharWizardManager.onCommit();
					end
				</script>
			</button_text>
		</sheetdata>
	</windowclass>

	<windowclass name="charwizard_commit_summary">
		<script>
			function onInit()
				if WindowManager.getTopWindow(self).getClass() == "charwizard_levelup" then
					name_label.setVisible(false);
					name.setVisible(false);
				end
			end
		</script>
		<sheetdata>
			<anchor_content_top />

			<header_content_framed_metalplate_with_icon_top name="summary_label">
				<icon>char_notes</icon>
				<static textres="charwizard_title_summary" />
			</header_content_framed_metalplate_with_icon_top>

			<label_content_column name="name_label">
				<anchored>
					<left offset="15" />
				</anchored>
				<static textres="char_label_name" />
			</label_content_column>
			<stringc_content_column name="name">
				<anchored>
					<right offset="-15" />
				</anchored>
				<script>
					function onValueChanged()
						CharWizardManager.setName(getValue());
					end
				</script>
			</stringc_content_column>

			<spacer_content_top name="spacer" />

			<sub_content_top name="contents">
				<class>charwizard_commit_summary_contents</class>
			</sub_content_top>
		</sheetdata>
	</windowclass>
	<windowclass name="charwizard_commit_summary_contents">
		<margins control="0,0,0,2" />
		<sheetdata>
			<basicnumberc name="constitution_total">
				<anchored width="40" height="30">
					<top offset="10" />
					<left anchor="center" offset="-55" />
				</anchored>
				<default>10</default>
				<nodrag />
				<readonly />
			</basicnumberc>
			<label_abilityscore>
				<anchored to="constitution_total" />
				<static textres="CON" />
			</label_abilityscore>
			<string_npc_abilitymodtext name="constitution_modifier">
				<anchored to="constitution_total" />
				<default>0</default>
			</string_npc_abilitymodtext>

			<basicnumberc name="dexterity_total">
				<anchored width="40" height="30">
					<top parent="constitution_total" anchor="top" />
					<right parent="constitution_total" anchor="left" relation="relative" offset="-20" />
				</anchored>
				<default>10</default>
				<nodrag />
				<readonly />
			</basicnumberc>
			<label_abilityscore>
				<anchored to="dexterity_total" />
				<static textres="DEX" />
			</label_abilityscore>
			<string_npc_abilitymodtext name="dexterity_modifier">
				<anchored to="dexterity_total" />
				<default>0</default>
			</string_npc_abilitymodtext>

			<basicnumberc name="strength_total">
				<anchored width="40" height="30">
					<top parent="constitution_total" anchor="top" />
					<right parent="constitution_total" anchor="left" relation="relative" offset="-20" />
				</anchored>
				<default>10</default>
				<nodrag />
				<readonly />
			</basicnumberc>
			<label_abilityscore>
				<anchored to="strength_total" />
				<static textres="STR" />
			</label_abilityscore>
			<string_npc_abilitymodtext name="strength_modifier">
				<anchored to="strength_total" />
				<default>0</default>
			</string_npc_abilitymodtext>

			<basicnumberc name="intelligence_total">
				<anchored width="40" height="30">
					<top parent="constitution_total" anchor="top" />
					<left parent="constitution_total" anchor="right" relation="relative" offset="20" />
				</anchored>
				<default>10</default>
				<nodrag />
				<readonly />
			</basicnumberc>
			<label_abilityscore>
				<anchored to="intelligence_total" />
				<static textres="INT" />
			</label_abilityscore>
			<string_npc_abilitymodtext name="intelligence_modifier">
				<anchored to="intelligence_total" />
				<default>0</default>
			</string_npc_abilitymodtext>

			<basicnumberc name="wisdom_total">
				<anchored width="40" height="30">
					<top parent="constitution_total" anchor="top" />
					<left parent="constitution_total" anchor="right" relation="relative" offset="20" />
				</anchored>
				<default>10</default>
				<nodrag />
				<readonly />
			</basicnumberc>
			<label_abilityscore>
				<anchored to="wisdom_total" />
				<static textres="WIS" />
			</label_abilityscore>
			<string_npc_abilitymodtext name="wisdom_modifier">
				<anchored to="wisdom_total" />
				<default>0</default>
			</string_npc_abilitymodtext>

			<basicnumberc name="charisma_total">
				<anchored width="40" height="30">
					<top parent="constitution_total" anchor="top" />
					<left parent="constitution_total" anchor="right" relation="relative" offset="20" />
				</anchored>
				<default>10</default>
				<nodrag />
				<readonly />
			</basicnumberc>
			<label_abilityscore>
				<anchored to="charisma_total" />
				<static textres="CHA" />
			</label_abilityscore>
			<string_npc_abilitymodtext name="charisma_modifier">
				<anchored to="charisma_total" />
				<default>0</default>
			</string_npc_abilitymodtext>

			<label name="summary_speciestitle">
				<anchored>
					<top parent="constitution_total" anchor="bottom" relation="relative" offset="10" />
					<left offset="15" />
					<right anchor="center" offset="-100" />
				</anchored>
				<static textres="char_label_race" />
			</label>
			<stringcu name="summary_species">
				<anchored to="summary_speciestitle" position="insidetop" offset="0,15" height="20" />
				<readonly />
			</stringcu>

			<label name="summary_backgroundtitle">
				<anchored height="20">
					<top parent="summary_speciestitle" />
					<left anchor="center" offset="-90" />
					<right anchor="center" offset="90" />
				</anchored>
				<static textres="char_label_background" />
			</label>
			<stringcu name="summary_background">
				<anchored to="summary_backgroundtitle" position="insidetop" offset="0,15" height="20" />
				<readonly />
			</stringcu>

			<stringcu name="summary_class">
				<anchored height="20">
					<top parent="summary_speciestitle" anchor="top" offset="15" />
					<left parent="summary_backgroundtitle" anchor="right" offset="10" />
					<right offset="-10" />
				</anchored>
				<multilinespacing>20</multilinespacing>
				<readonly />
			</stringcu>
			<label name="summary_classtitle">
				<anchored to="summary_class" position="above" offset="-5" height="20" />
				<static textres="char_label_class" />
			</label>

			<label name="summary_sensestitle">
				<anchored>
					<top parent="constitution_total" anchor="bottom" relation="relative" offset="20" />
					<left offset="15" />
					<right anchor="center" offset="-100" />
				</anchored>
				<static textres="char_label_senses" />
			</label>
			<stringcu name="summary_senses">
				<anchored to="summary_sensestitle" position="insidetop" offset="0,15" height="20" />
				<readonly />
			</stringcu>

			<label name="summary_speedtitle">
				<anchored height="20">
					<top parent="summary_sensestitle" />
					<left anchor="center" offset="-90" />
					<right anchor="center" offset="90" />
				</anchored>
				<static textres="char_label_speed" />
			</label>
			<stringcu name="summary_speed">
				<anchored to="summary_speedtitle" position="insidetop" offset="0,15" height="20" />
				<readonly />
			</stringcu>

			<label name="summary_speedspecialtitle">
				<anchored height="20">
					<top parent="summary_sensestitle" />
					<left parent="summary_speedtitle" anchor="right" offset="10" />
					<right offset="-10" />
				</anchored>
				<static textres="char_label_speedspecial" />
			</label>
			<stringcu name="summary_speedspecial">
				<anchored to="summary_speedspecialtitle" position="insidetop" offset="0,15" height="20" />
				<readonly />
			</stringcu>

			<label name="summary_languagetitle">
				<anchored height="20">
					<top parent="constitution_total" anchor="bottom" relation="relative" offset="20" />
					<left offset="15" />
				</anchored>
				<static textres="char_abilities_label_languages" />
			</label>
			<windowlist name="summary_languages">
				<anchored>
					<top parent="summary_languagetitle" anchor="bottom" relation="relative" offset="10" />
					<left offset="15" />
					<right anchor="center" offset="-5" />
				</anchored>
				<readonly />
				<class>charwizard_summary_item</class>
				<columns width="140" fillwidth="true" dynamic="true" />
				<sortby><control>name</control></sortby>
			</windowlist>

			<label name="summary_skillstitle">
				<anchored height="20">
					<top parent="summary_languagetitle" />
					<left anchor="center" offset="5" />
				</anchored>
				<static textres="library_recordtype_label_skill" />
			</label>
			<windowlist name="summary_skills">
				<anchored>
					<top parent="summary_skillstitle" anchor="bottom" relation="relative" offset="10" />
					<left anchor="center" offset="5" />
					<right offset="-5" />
				</anchored>
				<readonly />
				<class>charwizard_summary_item</class>
				<columns width="140" fillwidth="true" dynamic="true" />
				<sortby><control>name</control></sortby>
			</windowlist>

			<label name="summary_traitstitle">
				<anchored height="20">
					<top parent="summary_languagetitle" anchor="bottom" relation="relative" offset="20" />
					<left offset="15" />
				</anchored>
				<static textres="char_abilities_label_traits" />
			</label>
			<windowlist name="summary_traits">
				<anchored>
					<top parent="summary_languagetitle" anchor="bottom" relation="relative" offset="20" />
					<left offset="15" />
					<right anchor="center" offset="-5" />
				</anchored>
				<readonly />
				<class>charwizard_summary_item</class>
				<sortby><control>name</control></sortby>
			</windowlist>

			<label name="summary_featurestitle">
				<anchored height="20">
					<top parent="summary_skills" anchor="bottom" relation="relative" offset="20" />
					<left anchor="center" offset="5" />
				</anchored>
				<static textres="char_abilities_label_features" />
			</label>
			<windowlist name="summary_features">
				<anchored>
					<top parent="summary_featurestitle" anchor="bottom" offset="20" />
					<left anchor="center" offset="5" />
					<right offset="-5" />
				</anchored>
				<readonly />
				<class>charwizard_summary_item</class>
				<columns width="140" fillwidth="true" dynamic="true" />
				<sortby><control>name</control></sortby>
			</windowlist>

			<label name="summary_proficienciestitle">
				<anchored height="20">
					<top parent="summary_traits" anchor="bottom" relation="relative" offset="20" />
					<left offset="15" />
				</anchored>
				<static textres="char_abilities_label_proficiencies" />
			</label>
			<windowlist name="summary_proficiencies">
				<anchored>
					<top parent="summary_proficienciestitle" anchor="bottom" relation="relative" offset="20" />
					<left offset="15" />
					<right anchor="center" offset="-5" />
				</anchored>
				<readonly />
				<class>charwizard_summary_item</class>
				<columns width="140" fillwidth="true" dynamic="true" />
				<sortby><control>name</control></sortby>
			</windowlist>

			<label name="summary_featstitle">
				<anchored height="20">
					<top parent="summary_features" anchor="bottom" relation="relative" offset="20" />
					<left anchor="center" offset="5" />
				</anchored>
				<static textres="char_abilities_label_feats" />
			</label>
			<windowlist name="summary_feats">
				<anchored>
					<top parent="summary_featstitle" anchor="bottom" offset="20" />
					<left anchor="center" offset="5" />
					<right offset="-5" />
				</anchored>
				<readonly />
				<class>charwizard_summary_item</class>
				<columns width="140" fillwidth="true" dynamic="true" />
				<sortby><control>name</control></sortby>
			</windowlist>
		</sheetdata>
	</windowclass>
	<windowclass name="charwizard_summary_item">
		<sheetdata>
			<anchor_listitem_left />
			<anchor_listitem_right />

			<stringc_listitem_center_noframe_static name="name" />
		</sheetdata>
	</windowclass>
</root>
