<?xml version="1.0" encoding="iso-8859-1"?>

<!--
	Please see the license.html file included with this distribution for
	attribution and copyright information.
-->

<root>
	<windowclass name="charwizard_sub_class">
		<margins control="0,0,0,2" />
		<sheetdata>
			<anchor_content_top />

			<sub_content_top name="sub_instructions">
				<class>charwizard_class_instructions</class>
			</sub_content_top>

			<header_content_framed_metalplate_with_icon_top name="class_select_header">
				<icon>char_class</icon>
				<static textres="charwizard_title_class" />
			</header_content_framed_metalplate_with_icon_top>

			<list_content_noscroll_top name="class_list">
				<class>list_entry_charwizard_class</class>
			</list_content_noscroll_top>

			<button_text_content_top name="button_addclass">
				<state textres="charwizard_label_class_add" />
				<invisible />
				<script>
					function onButtonPress()
						CharWizardClassManager.onAddClassSelectButton(window);
					end
				</script>
			</button_text_content_top>

			<sub_content_top name="sub_classselection">
				<class>sub_charwizard_class_classselection</class>
			</sub_content_top>
		</sheetdata>
	</windowclass>
	<windowclass name="charwizard_class_instructions" copy="charwizard_instructions">
		<script>
			function onInit()
				super.onInit();
				if WindowManager.getTopWindow(self).getClass() == "charwizard_levelup" then
					text.setValue(Interface.getString("charwizard_message_instructions_class_levelup"));
				end
			end
		</script>
		<sheetdata>
			<stringc_content_noframe_noscroll_static_top name="text">
				<static textres="charwizard_message_instructions_class" />
			</stringc_content_noframe_noscroll_static_top>
		</sheetdata>
	</windowclass>

	<windowclass name="list_entry_charwizard_class">
		<margins control="0,0,0,5" />
		<script>
			function onInit()
				self.onToggle("features");
			end
			function onToggle(sType)
				if sType == "features" then
					button_spells.setValue(0);
				elseif sType == "spells" then
					button_features.setValue(0);
				end

				list_features.setVisible(sType == "features");
				sub_class_spells.setVisible(button_spells.isVisible() and (sType == "spells"));

				WindowManager.callInnerWindowFunction(self, "rebuildSpells");
			end
		</script>
		<sheetdata>
			<anchor_listitem_left name="leftanchor" />
			<linkc_listitem_left name="shortcut">
				<class>reference_class</class>
			</linkc_listitem_left>

			<anchor_listitem_right name="rightanchor" />
			<anchor_content_top>
				<anchored>
					<left parent="leftanchor" offset="10" />
					<right parent="rightanchor" offset="-10" />
				</anchored>
			</anchor_content_top>

			<button_charwizard_alert name="alert" />

			<button_charwizard_idelete name="idelete">
				<script>
					function onButtonPress()
						CharWizardClassManager.onDeleteClassButton(window);
					end
				</script>
			</button_charwizard_idelete>

			<button_charwizard_class_level_up name="level_up" />
			<numberc_listitem_right_static name="level">
				<default>1</default>
				<nodrag />
				<invisible />
			</numberc_listitem_right_static>
			<button_charwizard_class_level_down name="level_down" />
			<button_listitem_text_right name="levelup_button">
				<anchored width="60" />
				<state textres="charwizard_label_class_levelup" />
				<invisible />
				<script>
					function onButtonPress()
						CharWizardClassManager.onLevelUpClassButton(window);
					end
				</script>
			</button_listitem_text_right>
			<button_listitem_text_right name="cancellevelup_button">
				<anchored width="60" />
				<state textres="charwizard_label_class_cancel" />
				<invisible />
				<script>
					function onButtonPress()
						CharWizardClassManager.onCancelLevelUpClassButton(window);
					end
				</script>
			</button_listitem_text_right>
			<label_listitem_right name="level_label">
				<static textres="charwizard_label_level" />
				<invisible />
			</label_listitem_right>

			<string_listitem_center_noframe_static_linked name="class">
				<anchored>
					<top parent="contentanchor" relation="relative" offset="5" postoffset="5" />
				</anchored>
				<font>reference-b-large</font>
				<linktarget>shortcut</linktarget>
			</string_listitem_center_noframe_static_linked>

			<area_content_top name="area_buttons">
				<anchored height="24" />
			</area_content_top>
			<button_charwizard_class_features name="button_features">
				<anchored to="area_buttons" position="insidetopleft" offset="10,0" />
				<state textres="charwizard_label_features" />
			</button_charwizard_class_features>
			<button_charwizard_class_features name="button_spells">
				<anchored to="button_features" position="righthigh" offset="10,0" />
				<state textres="charwizard_label_spells" />
			</button_charwizard_class_features>

			<list_content_noscroll_top name="list_features">
				<class>list_entry_charwizard_classfeatures</class>
				<sortby><control>level</control><control>feature</control></sortby>
				<invisible />
			</list_content_noscroll_top>
			<sub_content_top name="sub_class_spells">
				<class>charwizard_sub_classspells</class>
				<invisible />
			</sub_content_top>
		</sheetdata>
	</windowclass>

	<windowclass name="sub_charwizard_class_classselection">
		<script file="charwizard/scripts/class_sub_classselections.lua" />
		<sheetdata>
			<anchor_content_top />

			<filter_label_content_top name="label_source">
				<static textres="charwizard_label_filtersource" />
			</filter_label_content_top>
			<filter_comboboxc_content_top name="filter_source">
				<listdirection>down</listdirection>
				<listmaxsize>8</listmaxsize>
			</filter_comboboxc_content_top>
			<filter_label_content_top name="label_name">
				<static textres="charwizard_label_filtername" />
			</filter_label_content_top>
			<filter_stringc_content_top name="filter_name" />
			<spacer_content_top name="spacer">
				<anchored height="5" />
			</spacer_content_top>

			<list_content_noscroll_top name="list">
				<class>list_entry_charwizard_classselection</class>
				<sortby><control>name</control></sortby>
				<empty textres="charwizard_empty_list" />
			</list_content_noscroll_top>

			<sub_content_paging_top name="sub_paging" />
		</sheetdata>
	</windowclass>
	<windowclass name="list_entry_charwizard_classselection" copy="list_entry_charwizard_item_selection" />

	<windowclass name="list_entry_charwizard_classfeatures" copy="list_entry_charwizard_item">
		<sheetdata>
			<hlinkc name="shortcut">
				<class>reference_classfeature</class>
			</hlinkc>
			<list_content_noscroll_top name="list_decisions">
				<class>list_entry_charwizard_feature_decisions</class>
			</list_content_noscroll_top>
		</sheetdata>
	</windowclass>
	<windowclass name="list_entry_charwizard_feature_decisions" copy="list_entry_charwizard_item_decision" />

	<windowclass name="decision_sub_subclass_choice">
		<script file="charwizard/scripts/decision_sub_subclass_choice.lua" />
		<sheetdata>
			<anchor_content_top />
			<anchor_content_bottom />

			<filter_label_content_top name="label_source">
				<anchored width="70" />
				<static textres="charwizard_label_filtersource" />
			</filter_label_content_top>
			<filter_comboboxc_content_top name="filter_source">
				<anchored to="contentanchor" height="20">
					<left offset="115" />
				</anchored>
				<listdirection>down</listdirection>
				<listmaxsize>8</listmaxsize>
			</filter_comboboxc_content_top>
			<filter_label_content_top name="label_name">
				<anchored width="70" />
				<static textres="charwizard_label_filtername" />
			</filter_label_content_top>
			<filter_stringc_content_top name="filter_name">
				<anchored to="contentanchor" height="20">
					<left offset="115" />
				</anchored>
			</filter_stringc_content_top>
			<spacer_content_top name="spacer">
				<anchored height="5" />
			</spacer_content_top>

			<sub_content_paging name="sub_paging" />

			<list_content_noscroll_top name="list">
				<class>list_entry_charwizard_subclassselection</class>
				<sortby><control>name</control></sortby>
				<empty textres="charwizard_empty_list" />
			</list_content_noscroll_top>
		</sheetdata>
	</windowclass>
	<windowclass name="list_entry_charwizard_subclassselection" copy="list_entry_charwizard_item_selection" />

	<windowclass name="decision_sub_classfeat_choice">
		<script file="charwizard/scripts/decision_sub_feat_choice.lua" />
		<sheetdata>
			<anchor_content_top />
			<anchor_content_bottom />

			<filter_label_content_top name="label_source">
				<anchored width="70" />
				<static textres="charwizard_label_filtersource" />
			</filter_label_content_top>
			<filter_comboboxc_content_top name="filter_source">
				<anchored to="contentanchor" height="20">
					<left offset="115" />
				</anchored>
				<listdirection>down</listdirection>
				<listmaxsize>8</listmaxsize>
			</filter_comboboxc_content_top>
			<filter_label_content_top name="label_category">
				<anchored width="70" />
				<static textres="charwizard_label_filtercategory" />
			</filter_label_content_top>
			<filter_comboboxc_content_top name="filter_category">
				<anchored to="contentanchor" height="20">
					<left offset="115" />
				</anchored>
				<listdirection>down</listdirection>
				<listmaxsize>8</listmaxsize>
			</filter_comboboxc_content_top>
			<filter_label_content_top name="label_name">
				<anchored width="70" />
				<static textres="charwizard_label_filtername" />
			</filter_label_content_top>
			<filter_stringc_content_top name="filter_name">
				<anchored to="contentanchor" height="20">
					<left offset="115" />
				</anchored>
			</filter_stringc_content_top>
			<spacer_content_top name="spacer">
				<anchored height="5" />
			</spacer_content_top>

			<sub_content_paging name="sub_paging" />

			<list_content_noscroll_top name="list">
				<class>list_entry_decision_classfeat</class>
				<sortby><control>name</control></sortby>
				<empty textres="charwizard_empty_list" />
			</list_content_noscroll_top>
		</sheetdata>
	</windowclass>
	<windowclass name="list_entry_decision_classfeat" copy="list_entry_charwizard_item_selection" />

	<windowclass name="charwizard_sub_classspells">
		<margins control="0,0,0,7" />
		<script>
			function onInit()
				self.updateTotals();
			end
			function updateTotals()
				local sClassName = parentcontrol.window.class.getValue();
				local tClassData = CharWizardClassManager.getClassDataByName(sClassName);

				if tClassData then
					cantrips_max.setValue(tClassData.cantrips);
					known_spells_max.setValue(tClassData.knownspells);
					prepared_spells_max.setValue(tClassData.preparedspells);
				end

				cantrips_max.setVisible(cantrips_max.getValue() ~= 0);
				cantrips_max_label.setVisible(cantrips_max.getValue() ~= 0);
				known_spells_max.setVisible(known_spells_max.getValue() ~= 0);
				known_spells_label.setVisible(known_spells_max.getValue() ~= 0);
				prepared_spells_max.setVisible(prepared_spells_max.getValue() ~= 0);
				prepared_spells_label.setVisible(prepared_spells_max.getValue() ~= 0);
			end
		</script>
		<sheetdata>
			<anchor_content_top />

			<label_content_column name="cantrips_max_label">
				<static textres="charwizard_label_cantrips" />
			</label_content_column>
			<numberc_content_column name="cantrips_max">
				<readonly />
			</numberc_content_column>

			<label_content_column name="known_spells_label">
				<static textres="charwizard_label_knownspells" />
			</label_content_column>
			<numberc_content_column name="known_spells_max">
				<readonly />
			</numberc_content_column>

			<label_content_column_right name="prepared_spells_label">
				<anchored to="known_spells_max" />
				<static textres="charwizard_label_preparedspells" />
			</label_content_column_right>
			<numberc_content_column_right name="prepared_spells_max">
				<anchored to="known_spells_max" />
				<readonly />
			</numberc_content_column_right>

			<sub_content_top name="sub_spellsknownlist">
				<class>classspells_sub_spellsknown</class>
			</sub_content_top>
			<sub_content_top name="sub_spellslist">
				<class>classspells_sub_spells</class>
			</sub_content_top>
		</sheetdata>
	</windowclass>
	<windowclass name="classspells_sub_spellsknown">
		<script file="charwizard/scripts/classspells_sub_known.lua" />
		<sheetdata>
			<anchor_content_top />

			<header_content_framed_metalplate name="spellsknown_header">
				<static textres="charwizard_header_spellsknown" />
			</header_content_framed_metalplate>

			<sub_content_top name="spellcasting_filters">
				<class>classspells_sub_spellsfilter</class>
				<activate />
				<fastinit />
			</sub_content_top>

			<list_content_noscroll_top name="list">
				<class>list_entry_list_known</class>
				<columns width="140" fillwidth="true" dynamic="true" />
				<sortby><control>name</control></sortby>
			</list_content_noscroll_top>
		</sheetdata>
	</windowclass>
	<windowclass name="classspells_sub_spellsfilter">
		<margins control="0,0,0,2" />
		<sheetdata>
			<anchor_listitem_left name="leftanchor">
				<anchored offset="10,10" />
			</anchor_listitem_left>
		</sheetdata>
	</windowclass>
	<windowclass name="list_entry_list_known">
		<margins control="0,0,0,2" />
		<sheetdata>
			<hlinkc name="shortcut">
				<class>reference_spell</class>
			</hlinkc>

			<anchor_listitem_left_sm name="leftanchor" />
			<button_charwizard_list_idelete name="idelete">
				<invisible merge="delete" />
				<script>
					function onButtonPress()
						CharWizardClassManager.removeClassKnownSpell(window);
					end
				</script>
			</button_charwizard_list_idelete>

			<anchor_listitem_right_sm name="rightanchor" />
			<string_listitem_center_noframe_static_linked name="name">
				<linktarget>shortcut</linktarget>
			</string_listitem_center_noframe_static_linked>
		</sheetdata>
	</windowclass>
	<windowclass name="classspells_sub_spells">
		<script file="charwizard/scripts/classspells_sub_spells.lua" />
		<sheetdata>
			<anchor_content_top />

			<header_content_framed_metalplate name="spells_header">
				<static textres="charwizard_header_spells" />
			</header_content_framed_metalplate>
			<filter_label_content_top name="label_source">
				<static textres="charwizard_label_filtersource" />
			</filter_label_content_top>
			<filter_comboboxc_content_top name="filter_source">
				<listdirection>down</listdirection>
				<listmaxsize>8</listmaxsize>
			</filter_comboboxc_content_top>
			<filter_label_content_top name="label_name">
				<static textres="charwizard_label_filtername" />
			</filter_label_content_top>
			<filter_stringc_content_top name="filter_name" />

			<sub_content_top name="spellcasting_filters">
				<class>classspells_sub_spellsfilter</class>
				<activate />
				<fastinit />
			</sub_content_top>

			<list_content_noscroll_top name="list">
				<class>list_entry_list_spells</class>
				<sortby><control>name</control></sortby>
				<empty textres="emptyset" />
			</list_content_noscroll_top>

			<sub_content_paging_top name="sub_paging" />
		</sheetdata>
	</windowclass>
	<windowclass name="list_entry_list_spells" copy="list_entry_charwizard_item_selection" />
</root>
