<?xml version="1.0" encoding="iso-8859-1"?>

<!--
	Please see the license.html file included with this distribution for
	attribution and copyright information.
-->

<root>
	<windowclass name="charwizard_sub_species">
		<margins control="0,0,0,2" />
		<sheetdata>
			<anchor_content_top />
			<anchor_content_bottom />

			<sub_content_top name="sub_instructions">
				<class>charwizard_species_instructions</class>
			</sub_content_top>

			<header_content_framed_metalplate_with_icon_top name="ancestry_selection_header">
				<static textres="charwizard_label_ancestryselection" />
				<icon>char_abilities</icon>
				<invisible />
			</header_content_framed_metalplate_with_icon_top>

			<list_content_top name="ancestry_selection_list">
				<class>list_entry_charwizard_ancestryselection</class>
				<sortby><control>name</control></sortby>
				<invisible />
			</list_content_top>

			<header_content_framed_metalplate_with_icon_top name="species_select_header">
				<icon>char_race</icon>
				<static textres="charwizard_label_speciesselection" />
			</header_content_framed_metalplate_with_icon_top>
			<button_text name="button_changespecies">
				<anchored to="species_select_header" position="insidetopleft" offset="45,0" width="100" height="20" />
				<state textres="charwizard_label_changespecies" />
				<invisible />
				<script>
					function onButtonPress()
						CharWizardSpeciesManager.resetSpecies(window);
					end
				</script>
			</button_text>
			<button_text name="button_changeancestry">
				<anchored to="species_select_header" position="insidetopright" offset="25,0" width="100" height="20" />
				<state textres="charwizard_label_changeancestry" />
				<invisible />
				<script>
					function onButtonPress()
						CharWizardSpeciesManager.resetAncestry(window);
					end
				</script>
			</button_text>

			<sub_content_top name="sub_speciesselection">
				<class>sub_charwizard_species_speciesselection</class>
			</sub_content_top>
			<list_content_top name="list_features">
				<class>list_entry_charwizard_speciestraits</class>
				<sortby><control>trait</control></sortby>
				<empty textres="charwizard_empty_list" />
				<invisible />
			</list_content_top>
		</sheetdata>
	</windowclass>
	<windowclass name="charwizard_species_instructions" copy="charwizard_instructions">
		<sheetdata>
			<stringc_content_noframe_noscroll_static_top name="text">
				<static textres="charwizard_message_instructions_species" />
			</stringc_content_noframe_noscroll_static_top>
		</sheetdata>
	</windowclass>

	<windowclass name="sub_charwizard_species_speciesselection">
		<script file="charwizard/scripts/species_sub_speciesselections.lua" />
		<sheetdata>
			<anchor_content_top />

			<filter_label_content_top name="label_source">
				<static textres="charwizard_label_filtersource" />
			</filter_label_content_top>
			<filter_comboboxc_content_top name="filter_source">
				<listdirection>down</listdirection>
				<listmaxsize>8</listmaxsize>
			</filter_comboboxc_content_top>
			<filter_label_content_top name="label_name">
				<static textres="charwizard_label_filtername" />
			</filter_label_content_top>
			<filter_stringc_content_top name="filter_name" />
			<spacer_content_top name="spacer">
				<anchored height="5" />
			</spacer_content_top>

			<list_content_top name="list">
				<class>list_entry_charwizard_speciesselection</class>
				<sortby><control>name</control></sortby>
				<empty textres="charwizard_empty_list" />
			</list_content_top>

			<sub_content_paging_top name="sub_paging" />
		</sheetdata>
	</windowclass>
	<windowclass name="list_entry_charwizard_speciesselection" copy="list_entry_charwizard_item_selection">
		<script>
			function onModuleValueChanged()
				super.onModuleValueChanged();

				local tAncestries = CharSpeciesManager.getAncestryOptions(shortcut.getTargetDatabaseNode());
				if #tAncestries > 0 then
					ancestries.closeAll();
					for _,v in ipairs(tAncestries) do
						local w = ancestries.createWindow();
						w.name.setValue(v.text);
						w.shortcut.setValue(v.linkclass, v.linkrecord);
					end
					ancestries_label.setVisible(true);
					ancestries.setVisible(true);
				else
					ancestries_label.setVisible(false);
					ancestries.setVisible(false);
					ancestries.closeAll();
				end
			end
		</script>
		<sheetdata>
			<label name="ancestries_label">
				<anchored>
					<top parent="name" anchor="bottom" offset="7" />
					<left parent="leftanchor" offset="20" />
				</anchored>
				<static textres="library_recordtype_label_race_subrace" />
				<invisible />
			</label>
			<windowlist name="ancestries">
				<anchored to="contentanchor">
					<top parent="name" anchor="bottom" offset="5" />
					<left parent="leftanchor" offset="120" />
					<right parent="rightanchor" />
				</anchored>
				<columns width="150" fillwidth="true" dynamic="true" />
				<noscroll />
				<class>list_entry_charwizard_speciesselection_ancestry</class>
				<invisible />
			</windowlist>
		</sheetdata>
	</windowclass>
	<windowclass name="list_entry_charwizard_speciesselection_ancestry">
		<margins control="0,0,0,2" />
		<sheetdata>
			<anchor_listitem_left_sm />
			<anchor_listitem_right_sm />

			<link_listitem_left name="shortcut" />

			<string_listitem_center_noframe_static_linked name="name">
				<linktarget>shortcut</linktarget>
			</string_listitem_center_noframe_static_linked>
		</sheetdata>
	</windowclass>

	<windowclass name="list_entry_charwizard_ancestryselection" copy="list_entry_charwizard_item_selection" />

	<windowclass name="list_entry_charwizard_speciestraits" copy="list_entry_charwizard_item">
		<sheetdata>
			<hlinkc name="shortcut">
				<class>reference_racialtrait</class>
			</hlinkc>
			<list_content_noscroll_top name="list_decisions">
				<class>list_entry_charwizard_trait_decisions</class>
			</list_content_noscroll_top>
		</sheetdata>
	</windowclass>
	<windowclass name="list_entry_charwizard_trait_decisions" copy="list_entry_charwizard_item_decision" />

	<windowclass name="decision_sub_speciesfeat_choice">
		<script file="charwizard/scripts/decision_sub_feat_choice.lua" />
		<sheetdata>
			<anchor_content_top />
			<anchor_content_bottom />

			<filter_label_content_top name="label_source">
				<anchored width="70" />
				<static textres="charwizard_label_filtersource" />
			</filter_label_content_top>
			<filter_comboboxc_content_top name="filter_source">
				<anchored to="contentanchor" height="20">
					<left offset="115" />
				</anchored>
				<listdirection>down</listdirection>
				<listmaxsize>8</listmaxsize>
			</filter_comboboxc_content_top>
			<filter_label_content_top name="label_category">
				<anchored width="70" />
				<static textres="charwizard_label_filtercategory" />
			</filter_label_content_top>
			<filter_comboboxc_content_top name="filter_category">
				<anchored to="contentanchor" height="20">
					<left offset="115" />
				</anchored>
				<listdirection>down</listdirection>
				<listmaxsize>8</listmaxsize>
			</filter_comboboxc_content_top>
			<filter_label_content_top name="label_name">
				<anchored width="70" />
				<static textres="charwizard_label_filtername" />
			</filter_label_content_top>
			<filter_stringc_content_top name="filter_name">
				<anchored to="contentanchor" height="20">
					<left offset="115" />
				</anchored>
			</filter_stringc_content_top>
			<spacer_content_top name="spacer">
				<anchored height="5" />
			</spacer_content_top>

			<sub_content_paging name="sub_paging" />

			<list_content_noscroll_top name="list">
				<class>list_entry_decision_speciesfeat</class>
				<sortby><control>name</control></sortby>
				<empty textres="charwizard_empty_list" />
			</list_content_noscroll_top>
		</sheetdata>
	</windowclass>
	<windowclass name="list_entry_decision_speciesfeat" copy="list_entry_charwizard_item_selection" />
</root>
