<?xml version="1.0" encoding="iso-8859-1"?>

<!--
	Please see the license.html file included with this distribution for
	attribution and copyright information.
-->

<root>
	<windowclass name="charwizard">
		<frame>utilitybox</frame>
		<sizelimits>
			<minimum width="720" height="600" />
			<dynamic />
		</sizelimits>
		<minimize>minimized_char</minimize>
		<script>
			function onInit()
				CharWizardManager.registerWindow(self);
			end
		</script>
		<sheetdata>
			<windowtitlebar_utilitybox name="title" />
			<windowmenubar_utilitybox name="menubar" />

			<anchor_content_utilitybox_top />
			<anchor_content_utilitybox_bottom />

			<sub_content_top name="sub_step_buttons">
				<anchored height="50" />
				<class>sub_charwizard_step_buttons</class>
			</sub_content_top>

			<sub_content_framed_groupbox_hidden name="sub_class">
				<class>charwizard_sub_class</class>
			</sub_content_framed_groupbox_hidden>
			<sub_content_framed_groupbox_hidden name="sub_background">
				<class>charwizard_sub_background</class>
			</sub_content_framed_groupbox_hidden>
			<sub_content_framed_groupbox_hidden name="sub_species">
				<class>charwizard_sub_species</class>
			</sub_content_framed_groupbox_hidden>
			<sub_content_framed_groupbox_hidden name="sub_abilities">
				<class>charwizard_sub_abilities</class>
				<fastinit />
			</sub_content_framed_groupbox_hidden>
			<sub_content_framed_groupbox_hidden name="sub_equipment">
				<class>charwizard_sub_equipment</class>
			</sub_content_framed_groupbox_hidden>
			<sub_content_framed_groupbox_hidden name="sub_commit">
				<class>charwizard_sub_commit</class>
			</sub_content_framed_groupbox_hidden>

			<scrollbar_content_base>
				<anchored to="sub_class" />
				<target>sub_class</target>
			</scrollbar_content_base>
			<scrollbar_content_base>
				<anchored to="sub_background" />
				<target>sub_background</target>
			</scrollbar_content_base>
			<scrollbar_content_base>
				<anchored to="sub_species" />
				<target>sub_species</target>
			</scrollbar_content_base>
			<scrollbar_content_base>
				<anchored to="sub_abilities" />
				<target>sub_abilities</target>
			</scrollbar_content_base>
			<scrollbar_content_base>
				<anchored to="sub_equipment" />
				<target>sub_equipment</target>
			</scrollbar_content_base>
			<scrollbar_content_base>
				<anchored to="sub_commit" />
				<target>sub_commit</target>
			</scrollbar_content_base>

			<resize_utilitybox />
		</sheetdata>
	</windowclass>

	<windowclass name="sub_charwizard_step_buttons">
		<margins control="0,0,0,5" />
		<sheetdata>
			<anchor_charwizard_tab />
			<button_charwizard_tab name="button_class" >
				<state textres="charwizard_label_class" />
			</button_charwizard_tab>
			<button_charwizard_tab name="button_background" >
				<state textres="charwizard_label_background" />
			</button_charwizard_tab>
			<button_charwizard_tab name="button_species" >
				<state textres="charwizard_label_species" />
			</button_charwizard_tab>
			<button_charwizard_tab name="button_abilities" >
				<state textres="charwizard_label_abilities" />
			</button_charwizard_tab>
			<button_charwizard_tab name="button_equipment" >
				<state textres="charwizard_label_equipment" />
			</button_charwizard_tab>
			<button_charwizard_tab name="button_commit" >
				<state textres="charwizard_label_commit" />
			</button_charwizard_tab>
		</sheetdata>
	</windowclass>

	<windowclass name="charwizard_instructions">
		<script>
			function onInit()
				CharWizardManager.refreshInstructionsVisibility(self);
			end
			function toggleInstructions()
				local bShow = (button_toggle.getValue() == 1);
				CharWizardManager.setInstructionsVisibility(bShow);
			end
		</script>
		<sheetdata>
			<anchor_content_top />
			<anchor_content_bottom />

			<header_content_framed_metalplate name="header">
				<static textres="charwizard_header_instructions" />
				<script>
					function onClickDown()
						return true;
					end
					function onClickRelease()
						window.toggleInstructions();
						return true;
					end
				</script>
			</header_content_framed_metalplate>
			<button_collapse_expand_toggle name="button_toggle">
				<anchored to="header" position="insidetopright" offset="10,0" />
				<colortarget>header</colortarget>
				<script>
					function onClickDown()
						return true;
					end
					function onClickRelease()
						window.toggleInstructions();
						return true;
					end
				</script>
			</button_collapse_expand_toggle>

			<stringc_content_noframe_noscroll_static_top name="text">
				<anchored>
					<left offset="10" />
					<right offset="-10" />
				</anchored>
			</stringc_content_noframe_noscroll_static_top>
		</sheetdata>
	</windowclass>
</root>
