<?xml version="1.0" encoding="iso-8859-1"?>

<!--
	Please see the license.html file included with this distribution for
	attribution and copyright information.
-->

<root>
	<windowclass name="charwizard_sub_abilities">
		<margins control="0,0,0,7" />
		<sheetdata>
			<anchor_content_top />

			<sub_content_top name="sub_instructions">
				<class>charwizard_abilities_instructions</class>
			</sub_content_top>

			<header_content_framed_metalplate_with_icon_top name="abilities_select_header">
				<icon>char_stats</icon>
				<static textres="charwizard_title_abilityscores" />
			</header_content_framed_metalplate_with_icon_top>

			<comboboxc name="cb_genmethod">
				<anchored width="150" height="20">
					<top parent="contentanchor" anchor="bottom" relation="relative" offset="10" />
					<left offset="85" />
				</anchored>
				<listdirection >down</listdirection>
				<center />
				<script>
					function onInit()
						super.onInit();
						addItems(CharWizardData.genmethod);
					end
					function onValueChanged()
						CharWizardAbilitiesManager.setGenMethod(window);
						CharWizardManager.updateAlerts();
					end
				</script>
			</comboboxc>
			<label>
				<anchored to="cb_genmethod" position="lefthigh" offset="10,0" width="60" />
				<static textres="charwizard_label_method" />
			</label>

			<button_roll name="cb_genroll">
				<anchored to="cb_genmethod" position="righthigh" offset="10,0" width="20" height="20" />
				<invisible />
				<script>
					function onButtonPress()
						CharWizardAbilitiesManager.performGenRoll();
					end
				</script>
			</button_roll>

			<label name="point_label">
				<anchored to="cb_genmethod" position="righthigh" offset="40,0" />
				<static textres="charwizard_label_pointsremaining" />
				<invisible />
			</label>
			<numbercontrol name="points_used">
				<anchored to="point_label" position="righthigh" offset="10,0" width="40" height="20" />
				<invisible />
			</numbercontrol>
			<label name="pointbuy_label">
				<anchored to="points_used" position="righthigh" offset="5,0" />
				<invisible />
				<static>/</static>
			</label>
			<numbercontrol name="points_max">
				<anchored to="points_used" position="righthigh" offset="20,0" width="40" height="20" />
				<invisible />
				<default>27</default>
				<readonly />
			</numbercontrol>

			<!-- Totals -->
			<number_charwizard_abilitytotal name="strength_total">
				<anchored>
					<top parent="contentanchor" anchor="bottom" relation="relative" offset="25" merge="replace" />
					<left anchor="center" offset="-230" merge="replace" />
				</anchored>
			</number_charwizard_abilitytotal>
			<label_abilityscore>
				<anchored to="strength_total" />
				<static textres="STR" />
			</label_abilityscore>
			<string_abilitymodtext name="strength_modifier">
				<anchored to="strength_total" />
			</string_abilitymodtext>

			<number_charwizard_abilitytotal name="dexterity_total" />
			<label_abilityscore>
				<anchored to="dexterity_total" />
				<static textres="DEX" />
			</label_abilityscore>
			<string_abilitymodtext name="dexterity_modifier">
				<anchored to="dexterity_total" />
			</string_abilitymodtext>

			<number_charwizard_abilitytotal name="constitution_total" />
			<label_abilityscore>
				<anchored to="constitution_total" />
				<static textres="CON" />
			</label_abilityscore>
			<string_abilitymodtext name="constitution_modifier">
				<anchored to="constitution_total" />
			</string_abilitymodtext>

			<number_charwizard_abilitytotal name="intelligence_total" />
			<label_abilityscore>
				<anchored to="intelligence_total" />
				<static textres="INT" />
			</label_abilityscore>
			<string_abilitymodtext name="intelligence_modifier">
				<anchored to="intelligence_total" />
			</string_abilitymodtext>

			<number_charwizard_abilitytotal name="wisdom_total" />
			<label_abilityscore>
				<anchored to="wisdom_total" />
				<static textres="WIS" />
			</label_abilityscore>
			<string_abilitymodtext name="wisdom_modifier">
				<anchored to="wisdom_total" />
			</string_abilitymodtext>

			<number_charwizard_abilitytotal name="charisma_total" />
			<label_abilityscore>
				<anchored to="charisma_total" />
				<static textres="CHA" />
			</label_abilityscore>
			<string_abilitymodtext name="charisma_modifier">
				<anchored to="charisma_total" />
			</string_abilitymodtext>

			<spacer_content_top name="spacer">
				<anchored height="15" />
			</spacer_content_top>

			<!-- Base -->
			<header_content_framed_metalplate name="abilities_base_header">
				<static textres="charwizard_label_base" />
			</header_content_framed_metalplate>
			<number_charwizard_abilitybase name="strength_base">
				<anchored>
					<top parent="contentanchor" anchor="bottom" relation="relative" offset="0" merge="replace" />
					<left parent="strength_total" offset="10" merge="replace" />
				</anchored>
			</number_charwizard_abilitybase>
			<button_charwizard_ability_genvalup name="strength_genup">
				<anchored to="strength_base" />
			</button_charwizard_ability_genvalup>
			<button_charwizard_ability_genvaldown name="strength_gendown">
				<anchored to="strength_base" />
			</button_charwizard_ability_genvaldown>
			<button_charwizard_ability_genright name="strength_genright">
				<anchored to="strength_base" />
			</button_charwizard_ability_genright>

			<number_charwizard_abilitybase name="dexterity_base" />
			<button_charwizard_ability_genvalup name="dexterity_genup">
				<anchored to="dexterity_base" />
			</button_charwizard_ability_genvalup>
			<button_charwizard_ability_genvaldown name="dexterity_gendown">
				<anchored to="dexterity_base" />
			</button_charwizard_ability_genvaldown>
			<button_charwizard_ability_genleft name="dexterity_genleft">
				<anchored to="dexterity_base" />
			</button_charwizard_ability_genleft>
			<button_charwizard_ability_genright name="dexterity_genright">
				<anchored to="dexterity_base" />
			</button_charwizard_ability_genright>

			<number_charwizard_abilitybase name="constitution_base" />
			<button_charwizard_ability_genvalup name="constitution_genup">
				<anchored to="constitution_base" />
			</button_charwizard_ability_genvalup>
			<button_charwizard_ability_genvaldown name="constitution_gendown">
				<anchored to="constitution_base" />
			</button_charwizard_ability_genvaldown>
			<button_charwizard_ability_genleft name="constitution_genleft">
				<anchored to="constitution_base" />
			</button_charwizard_ability_genleft>
			<button_charwizard_ability_genright name="constitution_genright">
				<anchored to="constitution_base" />
			</button_charwizard_ability_genright>

			<number_charwizard_abilitybase name="intelligence_base" />
			<button_charwizard_ability_genvalup name="intelligence_genup">
				<anchored to="intelligence_base" />
			</button_charwizard_ability_genvalup>
			<button_charwizard_ability_genvaldown name="intelligence_gendown">
				<anchored to="intelligence_base" />
			</button_charwizard_ability_genvaldown>
			<button_charwizard_ability_genleft name="intelligence_genleft">
				<anchored to="intelligence_base" />
			</button_charwizard_ability_genleft>
			<button_charwizard_ability_genright name="intelligence_genright">
				<anchored to="intelligence_base" />
			</button_charwizard_ability_genright>

			<number_charwizard_abilitybase name="wisdom_base" />
			<button_charwizard_ability_genvalup name="wisdom_genup">
				<anchored to="wisdom_base" />
			</button_charwizard_ability_genvalup>
			<button_charwizard_ability_genvaldown name="wisdom_gendown">
				<anchored to="wisdom_base" />
			</button_charwizard_ability_genvaldown>
			<button_charwizard_ability_genleft name="wisdom_genleft">
				<anchored to="wisdom_base" />
			</button_charwizard_ability_genleft>
			<button_charwizard_ability_genright name="wisdom_genright">
				<anchored to="wisdom_base" />
			</button_charwizard_ability_genright>

			<number_charwizard_abilitybase name="charisma_base" />
			<button_charwizard_ability_genvalup name="charisma_genup">
				<anchored to="charisma_base" />
			</button_charwizard_ability_genvalup>
			<button_charwizard_ability_genvaldown name="charisma_gendown">
				<anchored to="charisma_base" />
			</button_charwizard_ability_genvaldown>
			<button_charwizard_ability_genleft name="charisma_genleft">
				<anchored to="charisma_base" />
			</button_charwizard_ability_genleft>

			<!-- Background -->
			<header_content_framed_metalplate name="abilities_background_header">
				<static textres="charwizard_label_background" />
			</header_content_framed_metalplate>
			<number_charwizard_abilitybackground name="strength_background">
				<anchored>
					<top parent="contentanchor" anchor="bottom" relation="relative" offset="0" merge="replace" />
					<left parent="strength_total" offset="10" merge="replace" />
				</anchored>
			</number_charwizard_abilitybackground>
			<number_charwizard_abilitybackground name="dexterity_background" />
			<number_charwizard_abilitybackground name="constitution_background" />
			<number_charwizard_abilitybackground name="intelligence_background" />
			<number_charwizard_abilitybackground name="wisdom_background" />
			<number_charwizard_abilitybackground name="charisma_background" />

			<!-- Species -->
			<header_content_framed_metalplate name="abilities_species_header">
				<static textres="charwizard_label_species" />
			</header_content_framed_metalplate>
			<number_charwizard_abilityspecies name="strength_species">
				<anchored>
					<top parent="contentanchor" anchor="bottom" relation="relative" offset="0" merge="replace" />
					<left parent="strength_total" offset="10" merge="replace" />
				</anchored>
			</number_charwizard_abilityspecies>
			<number_charwizard_abilityspecies name="dexterity_species" />
			<number_charwizard_abilityspecies name="constitution_species" />
			<number_charwizard_abilityspecies name="intelligence_species" />
			<number_charwizard_abilityspecies name="wisdom_species" />
			<number_charwizard_abilityspecies name="charisma_species" />

			<!-- ASI -->
			<header_content_framed_metalplate name="abilities_asi_header">
				<static textres="charwizard_label_asi" />
			</header_content_framed_metalplate>
			<number_charwizard_abilityasi name="strength_asi">
				<anchored>
					<top parent="contentanchor" anchor="bottom" relation="relative" offset="0" merge="replace" />
					<left parent="strength_total" offset="10" merge="replace" />
				</anchored>
			</number_charwizard_abilityasi>
			<number_charwizard_abilityasi name="dexterity_asi" />
			<number_charwizard_abilityasi name="constitution_asi" />
			<number_charwizard_abilityasi name="intelligence_asi" />
			<number_charwizard_abilityasi name="wisdom_asi" />
			<number_charwizard_abilityasi name="charisma_asi" />

			<!-- Misc -->
			<header_content_framed_metalplate name="abilities_misc_header">
				<static textres="misc" />
			</header_content_framed_metalplate>
			<number_charwizard_abilitymisc name="strength_misc">
				<anchored>
					<top parent="contentanchor" anchor="bottom" relation="relative" offset="0" merge="replace" />
					<left parent="strength_total" offset="10" merge="replace" />
				</anchored>
				<displaysign />
			</number_charwizard_abilitymisc>
			<number_charwizard_abilitymisc name="dexterity_misc" />
			<number_charwizard_abilitymisc name="constitution_misc" />
			<number_charwizard_abilitymisc name="intelligence_misc" />
			<number_charwizard_abilitymisc name="wisdom_misc" />
			<number_charwizard_abilitymisc name="charisma_misc" />
		</sheetdata>
	</windowclass>
	<windowclass name="charwizard_abilities_instructions" copy="charwizard_instructions">
		<sheetdata>
			<stringc_content_noframe_noscroll_static_top name="text">
				<static textres="charwizard_message_instructions_abilities" />
			</stringc_content_noframe_noscroll_static_top>
		</sheetdata>
	</windowclass>

	<windowclass name="sub_charwizard_abilities_pointbuy">
		<sheetdata>
			<anchor_column name="columnanchor" />

			<label_column name="point_label">
				<anchored>
					<left offset="15" />
				</anchored>
				<static textres="charwizard_label_pointsremaining" />
			</label_column>
			<numbercontrol name="points_used">
				<anchored width="40" height="20">
					<top parent="columnanchor" anchor="bottom" relation="relative" offset="7" />
					<left offset="125" />
				</anchored>
			</numbercontrol>
			<label>
				<anchored to="points_used" position="right" offset="5,0" />
				<static>/</static>
			</label>
			<numbercontrol name="points_max">
				<anchored to="points_used" position="righthigh" offset="20,0" width="40" height="20" />
				<default>27</default>
				<readonly />
			</numbercontrol>
		</sheetdata>
	</windowclass>
</root>
