<?xml version="1.0" encoding="iso-8859-1"?>

<!--
	Please see the license.html file included with this distribution for
	attribution and copyright information.
-->

<root>
	<windowclass name="charwizard_sub_equipment">
		<margins control="0,0,0,7" />
		<script>
			function onInit()
				self.update();
			end
			function update()
				CharWizardEquipmentManager.onEquipmentPageUpdate();
			end
		</script>
		<sheetdata>
			<anchor_content_top />
			<anchor_content_bottom />

			<sub_content_top name="sub_instructions">
				<class>charwizard_equipment_instructions</class>
			</sub_content_top>

			<sub_content_top name="sub_equipment_startingwealth">
				<class>charwizard_equipment_startingwealth</class>
			</sub_content_top>
			<sub_content_top name="sub_equipment_startingkit">
				<class>charwizard_equipment_startingkit</class>
			</sub_content_top>
		</sheetdata>
	</windowclass>
	<windowclass name="charwizard_equipment_instructions" copy="charwizard_instructions">
		<sheetdata>
			<stringc_content_noframe_noscroll_static_top name="text">
				<static textres="charwizard_message_instructions_equipment" />
			</stringc_content_noframe_noscroll_static_top>
		</sheetdata>
	</windowclass>

	<windowclass name="charwizard_equipment_startingwealth">
		<margins control="0,0,0,2" />
		<sheetdata>
			<anchor_content_top />

			<header_content_framed_metalplate_with_icon_top name="select_header">
				<icon>char_inventory</icon>
				<static textres="charwizard_title_equipment" />
			</header_content_framed_metalplate_with_icon_top>

			<header_content_framed_metalplate name="currentinventory_header">
				<static textres="charwizard_label_equipment_wealth" />
			</header_content_framed_metalplate>

			<label_content_column name="rolledwealth_label">
				<static textres="charwizard_label_equipment_rolledwealth" />
				<tooltip textres="charwizard_tooltip_equipment_rolledwealth" />
			</label_content_column>
			<numberc_content_column name="rolledwealth">
				<anchored>
					<left offset="230" />
				</anchored>
				<tooltip textres="charwizard_tooltip_equipment_rolledwealth" />
				<script>
					function onValueChanged()
						CharWizardEquipmentManager.onRolledWealthChanged(getValue());
					end
				</script>
			</numberc_content_column>
			<button_text_sm name="button_rolledwealth">
				<anchored to="rolledwealth" width="40" height="20">
					<left relation="relative" offset="15" postoffset="5" />
					<top />
				</anchored>
				<state textres="button_dialog_roll" />
				<tooltip textres="charwizard_tooltip_equipment_rolledwealth" />
				<script>
					function onButtonPress()
						CharWizardEquipmentManager.handleWealthRoll();
					end
				</script>
			</button_text_sm>
			<stringc_content_base name="string_rolledwealth">
				<anchored to="rolledwealth" width="45" height="20">
					<left relation="relative" offset="5" postoffset="5" />
					<top />
					<right merge="delete" />
				</anchored>
			</stringc_content_base>
			<button_text_sm name="button_rolledwealth_clear">
				<anchored to="rolledwealth" width="40" height="20">
					<left relation="relative" offset="10" postoffset="5" />
					<top />
				</anchored>
				<state textres="button_clear" />
				<tooltip textres="charwizard_tooltip_equipment_rolledwealth" />
				<script>
					function onButtonPress()
						CharWizardEquipmentManager.handleWealthRollClear();
					end
				</script>
			</button_text_sm>

			<label_content_column name="backgroundwealth_label">
				<static textres="charwizard_label_equipment_backgroundwealth" />
			</label_content_column>
			<numberc_static name="backgroundgold">
				<anchored to="contentanchor" width="40" height="20">
					<top relation="relative" offset="3" postoffset="3" />
					<left offset="230" />
				</anchored>
				<frame name="fieldlight" offset="5,5,5,5" />
				<script>
					function onValueChanged()
						CharWizardEquipmentManager.onBackgroundWealthChanged(getValue());
					end
				</script>
			</numberc_static>

			<label_content_column name="classwealth_label">
				<static textres="charwizard_label_equipment_classwealth" />
			</label_content_column>
			<numberc_static name="classgold">
				<anchored to="contentanchor" width="40" height="20">
					<top relation="relative" offset="3" postoffset="3" />
					<left offset="230" />
				</anchored>
				<frame name="fieldlight" offset="5,5,5,5" />
				<script>
					function onValueChanged()
						CharWizardEquipmentManager.onClassWealthChanged(getValue());
					end
				</script>
			</numberc_static>

			<label_content_column name="startingwealth_custom_label">
				<static textres="charwizard_label_equipment_customwealth" />
			</label_content_column>
			<list_content_noscroll_top name="edit_currencylist">
				<anchored>
					<left offset="135" />
				</anchored>
				<class>cw_edit_currencyitem</class>
				<columns width="90" fillwidth="true" dynamic="true" />
				<script>
					function onInit()
						if isEmpty() then
							CharWizardEquipmentManager.setDefaultCurrencies(self);
						end
					end
					function onSortCompare(w1, w2)
						return CurrencyManager.sortCampaignCurrenciesUsingNames(w1.name.getValue(), w2.name.getValue());
					end
				</script>
			</list_content_noscroll_top>

			<label_content_column name="finalstartingwealth_label">
				<static textres="charwizard_label_equipment_finalwealth" />
			</label_content_column>
			<list_content_noscroll_top name="currencylist">
				<anchored>
					<left offset="135" />
				</anchored>
				<class>cw_currencyitem</class>
				<columns width="90" fillwidth="true" dynamic="true" />
				<script>
					function onInit()
						if isEmpty() then
							CharWizardEquipmentManager.setDefaultCurrencies(self);
						end
					end
					function onSortCompare(w1, w2)
						return CurrencyManager.sortCampaignCurrenciesUsingNames(w1.name.getValue(), w2.name.getValue());
					end
				</script>
			</list_content_noscroll_top>
		</sheetdata>
	</windowclass>
	<windowclass name="cw_edit_currencyitem">
		<margins control="0,0,0,2" />
		<sheetdata>
			<anchor_listitem_left_sm name="leftanchor" />
			<numberc_listitem_left name="amount">
				<description field="name" />
				<delaykeyupdate />
				<script>
					function onValueChanged()
						CharWizardEquipmentManager.updateEditWealthAmount(window.name.getValue(), getValue());
					end
				</script>
			</numberc_listitem_left>

			<anchor_listitem_right_sm name="rightanchor" />

			<stringc_listitem_center_noframe_static name="name" />
		</sheetdata>
	</windowclass>
	<windowclass name="cw_currencyitem">
		<margins control="0,0,0,2" />
		<sheetdata>
			<anchor_listitem_left_sm name="leftanchor" />
			<numberc_listitem_left_static name="amount">
				<description field="name" />
				<delaykeyupdate />
			</numberc_listitem_left_static>

			<anchor_listitem_right_sm name="rightanchor" />

			<stringc_listitem_center_noframe_static name="name" />
		</sheetdata>
	</windowclass>

	<windowclass name="charwizard_equipment_startingkit">
		<margins control="0,0,0,2" />
		<sheetdata>
			<anchor_content_top />

			<header_content_framed_metalplate name="backgroundkit_header">
				<static textres="charwizard_header_equipment_backgroundkit" />
			</header_content_framed_metalplate>
			<stringc_content_noframe_noscroll_static_top name="backgroundkit_items">
				<center />
				<invisible />
				<script>
					function onValueChanged()
						self.setVisible(not self.isEmpty());
					end
				</script>
			</stringc_content_noframe_noscroll_static_top>
			<list_content_noscroll_top name="list_backgroundkit">
				<class>list_entry_charwizard_kitselection</class>
				<empty textres="emptyset" />
				<sortby><control>type</control></sortby>
			</list_content_noscroll_top>

			<header_content_framed_metalplate name="classkit_header">
				<static textres="charwizard_header_equipment_classkit" />
			</header_content_framed_metalplate>
			<stringc_content_noframe_noscroll_static_top name="classkit_items">
				<center />
				<script>
					function onValueChanged()
						self.setVisible(not self.isEmpty());
					end
				</script>
			</stringc_content_noframe_noscroll_static_top>
			<list_content_noscroll_top name="list_classkit">
				<class>list_entry_charwizard_kitselection</class>
				<empty textres="emptyset" />
				<sortby><control>type</control></sortby>
			</list_content_noscroll_top>
		</sheetdata>
	</windowclass>
	<windowclass name="list_entry_charwizard_kitselection">
		<margins control="0,0,0,15" />
		<frame>groupbox</frame>
		<script file="charwizard/scripts/equipment_sub_kit.lua" />
		<sheetdata>
			<hsc name="selectionlink" />

			<anchor_content_groupbox_top />

			<area_content_top name="area_controls">
				<anchored height="20" />
			</area_content_top>
			<anchor_listitem_left_relative>
				<anchored to="area_controls" />
			</anchor_listitem_left_relative>
			<anchor_listitem_right_relative>
				<anchored to="area_controls" />
			</anchor_listitem_right_relative>

			<genericcontrol name="alert">
				<anchored to="leftanchor" width="20" height="20">
					<top />
					<left relation="relative" offset="2" postoffset="2" />
				</anchored>
				<icon>button_alert</icon>
				<invisible />
			</genericcontrol>
			<button_idelete name="button_modify">
				<anchored to="leftanchor" width="20" height="20">
					<top />
					<left relation="relative" offset="2" postoffset="2" />
				</anchored>
				<invisible />
				<script>
					function onButtonPress()
						CharWizardEquipmentManager.resetKitSelection(window);
					end
				</script>
			</button_idelete>
			<stringcontrol name="selection">
				<anchored to="rightanchor" width="190" height="20">
					<top />
					<right relation="relative" offset="-5" postoffset="-5" />
				</anchored>
				<multilinespacing>20</multilinespacing>
				<readonly />
			</stringcontrol>
			<label name="type">
				<anchored to="rightanchor">
					<top />
					<left parent="leftanchor" relation="current" offset="5" />
					<right relation="current" offset="-5" />
				</anchored>
			</label>

			<list_content_noscroll_top name="list">
				<class>list_entry_charwizard_kitchoice</class>
				<columns width="170" fillwidth="true" dynamic="true" />
			</list_content_noscroll_top>

			<sub_content_paging_top name="sub_paging" />
		</sheetdata>
	</windowclass>
	<windowclass name="list_entry_charwizard_kitchoice">
		<margins control="0,0,0,2" />
		<sheetdata>
			<hlinkc name="link">
				<class>item</class>
			</hlinkc>

			<anchor_listitem_left_sm name="leftanchor" />
			<button_iadd_base name="button_select">
				<anchored to="leftanchor" width="20" height="20">
					<top />
					<left relation="relative" offset="2" postoffset="2" />
				</anchored>
				<script>
					function onButtonPress()
						CharWizardEquipmentManager.processKitSelection(window);
					end
				</script>
			</button_iadd_base>

			<anchor_listitem_right_sm name="rightanchor" />
			<numberc_listitem_right_static name="count">
				<anchored width="30" />
				<invisible />
			</numberc_listitem_right_static>

			<stringc_listitem_center_noframe_static_linked name="name">
				<script>
					function onClickDown(button, x, y)
						local bIs2024 = WindowManager.callOuterWindowFunction(window, "is2024");
						if bIs2024 then
							return false
						end
						return true
					end
				</script>
			</stringc_listitem_center_noframe_static_linked>
		</sheetdata>
	</windowclass>
</root>
