<?xml version="1.0" encoding="iso-8859-1"?>

<!--
  Please see the license.html file included with this distribution for
  attribution and copyright information.
-->

<root>
	<windowclass name="charselect_host">
		<frame>charselect</frame>
		<placement>
			<nosave />
		</placement>
		<sizelimits>
			<minimum width="680" height="390" />
			<dynamic />
		</sizelimits>
		<helplinkres>help_library_charselect</helplinkres>
		<sheetdata>
			<windowtitlebar_charselect name="title">
				<resource>charselect_window_title</resource>
			</windowtitlebar_charselect>
			<windowmenubar_charselect name="menubar" />

			<anchor_content_charselect_top name="contentanchor" />
			<anchor_content_charselect_bottom name="bottomanchor" />

			<area_list_content_controls name="area_controls" />
			<anchor_list_content_controls_right name="rightanchor" />
			<button_iedit_list_content_controls name="list_iedit">
				<gmvisibleonly />
			</button_iedit_list_content_controls>
			<button_iadd_list_content_controls name="list_iadd">
				<recordtype>charsheet</recordtype>
				<script file="campaign/scripts/campaign_button_new.lua" />
			</button_iadd_list_content_controls>
			<button_iimport_list_content_controls name="list_iimport">
				<tooltip textres="charselect_tooltip_import" />
				<script>
					function onButtonPress()
						Interface.openWindow("charselect_import", "");
						window.close();
					end
				</script>
			</button_iimport_list_content_controls>
			<filter_list_content_controls name="filter" />

			<list_content name="list">
				<datasource>.</datasource>
				<class>charselect_host_entry</class>
				<columns width="300" fillwidth="true" dynamic="true" />
				<sortby><control>name</control></sortby>
				<filter><control>filter</control></filter>
				<filteron><control>name</control></filteron>
				<allowdelete />
				<script>
					function onDrop(x, y, draginfo)
						if StringManager.contains({ "shortcut", "token" }, draginfo.getType()) then
							return CampaignDataManager.handleDrop("charsheet", draginfo);
						end
					end
				</script>
			</list_content>
			<scrollbar_content_list />

			<resize_charselect />
		</sheetdata>
	</windowclass>
	<windowclass name="charselect_host_entry">
		<frame>fieldlight</frame>
		<script file="campaign/scripts/charselect_host_entry.lua" />
		<sheetdata>
			<genericcontrol name="portrait">
				<bounds>10,10,72,72</bounds>
				<disabled />
			</genericcontrol>

			<stringfield name="name">
				<anchored position="insidetopleft" offset="90,20">
					<right offset="-40" />
				</anchored>
				<multilinespacing>20</multilinespacing>
				<font>charselecttitle</font>
				<empty textres="library_recordtype_empty_charsheet" />
				<disabled />
			</stringfield>
			<stringcontrol name="details">
				<anchored to="name" position="belowleft">
					<right />
				</anchored>
				<multilinespacing>20</multilinespacing>
				<font>charselectbody</font>
				<disabled />
			</stringcontrol>
			<stringcontrol name="owner">
				<anchored to="details" position="belowleft">
					<right />
				</anchored>
				<multilinespacing>20</multilinespacing>
				<font>charselecttitle</font>
				<disabled />
			</stringcontrol>

			<buttoncontrol name="base">
				<anchored position="insidetopleft">
					<right />
					<bottom parent="owner" offset="12" />
				</anchored>
				<script>
					function onButtonPress()
						window.openCharacter();
						return true;
					end

					function onDragStart(button, x, y, draginfo)
						window.dragCharacter(draginfo);
						return true;
					end
				</script>
			</buttoncontrol>

			<button_idelete name="idelete">
				<bounds>-30,10,20,20</bounds>
				<editmode>list_iedit</editmode>
			</button_idelete>
			<button_exportchar name="iexport">
				<anchored to="base" position="insidebottomright" offset="10,10" />
				<script>
					function onInit()
						self.onEditModeChanged();
					end
					function onEditModeChanged()
						setVisible(WindowManager.getEditMode(window, "list_iedit"));
					end
					function onButtonPress()
						CampaignDataManager.exportChar(window.getDatabaseNode());
					end
				</script>
			</button_exportchar>
		</sheetdata>
	</windowclass>

	<windowclass name="charselect_client">
		<frame>charselect</frame>
		<placement>
			<nosave />
		</placement>
		<sizelimits>
			<minimum width="680" height="390" />
			<dynamic />
		</sizelimits>
		<helplinkres>help_library_charselect</helplinkres>
		<sheetdata>
			<windowtitlebar_charselect name="title">
				<resource>charselect_window_title</resource>
			</windowtitlebar_charselect>
			<windowmenubar_charselect name="menubar" />

			<anchor_content_charselect_top name="contentanchor" />
			<anchor_content_charselect_bottom name="bottomanchor" />

			<area_list_content_controls name="area_controls" />
			<anchor_list_content_controls_right name="rightanchor" />
			<button_iadd_list_content_controls name="list_iadd">
				<visible />
				<script>
					local _bRequested = false;
					function onButtonPress()
						if not _bRequested then
							UserManager.requestIdentity(nil, { fnResponse = self.requestResponse, });
							_bRequested = true;
						end
					end
					function requestResponse(result, identity)
						RecordManager.onRecordAddEvent("charsheet", DB.findNode(DB.getPath("charsheet", identity)));
						window.close();
					end
				</script>
			</button_iadd_list_content_controls>
			<button_iimport_list_content_controls name="list_iimport">
				<tooltip textres="charselect_tooltip_import" />
				<script>
					function onButtonPress()
						Interface.openWindow("charselect_import", "");
						window.close();
					end
				</script>
			</button_iimport_list_content_controls>
			<filter_list_content_controls name="filter" />

			<list_content name="list">
				<class>charselect_client_entry</class>
				<columns width="300" fillwidth="true" dynamic="true" />
				<sortby>
					<control desc="true">campaign</control>
					<control>name</control>
				</sortby>
				<filter><control>filter</control></filter>
				<filteron><control>name</control></filteron>
				<script file="campaign/scripts/charselect_client_list.lua" />
			</list_content>
			<scrollbar_content_list />

			<resize_charselect />
		</sheetdata>
	</windowclass>
	<windowclass name="charselect_client_entry">
		<margins control="0,0,0,10" />
		<frame>fieldlight</frame>
		<script file="campaign/scripts/charselect_client_entry.lua" />
		<sheetdata>
			<genericcontrol name="portrait">
				<bounds>10,10,72,72</bounds>
				<disabled />
			</genericcontrol>

			<genericcontrol name="error">
				<bounds>-65,15,56,56</bounds>
				<icon>error</icon>
				<disabled />
				<invisible />
			</genericcontrol>

			<stringcontrol name="name">
				<anchored position="insidetopleft" offset="90,20">
					<right offset="-40" />
				</anchored>
				<multilinespacing>20</multilinespacing>
				<font>charselecttitle</font>
				<empty textres="library_recordtype_empty_charsheet" />
				<disabled />
			</stringcontrol>
			<stringcontrol name="details">
				<anchored to="name" position="belowleft">
					<right />
				</anchored>
				<multilinespacing>20</multilinespacing>
				<font>charselectbody</font>
				<disabled />
			</stringcontrol>
			<stringcontrol name="campaign">
				<anchored to="details" position="belowleft">
					<right />
				</anchored>
				<multilinespacing>20</multilinespacing>
				<font>charselecttitle</font>
				<static textres="charselect_label_server" />
				<disabled />
			</stringcontrol>

			<buttoncontrol name="base">
				<anchored position="insidetopleft">
					<right />
					<bottom parent="campaign" offset="12" />
				</anchored>
				<script>
					function onButtonPress()
						window.openCharacter();
						return true;
					end
				</script>
			</buttoncontrol>
		</sheetdata>
	</windowclass>

	<windowclass name="charselect_import">
		<frame>charselect</frame>
		<placement>
			<nosave />
		</placement>
		<sizelimits>
			<minimum width="680" height="390" />
			<dynamic />
		</sizelimits>
		<helplinkres>help_library_charselect</helplinkres>
		<sheetdata>
			<windowtitlebar_charselect name="title" />
			<windowmenubar_charselect name="menubar" />

			<anchor_content_charselect_top name="contentanchor" />
			<anchor_content_charselect_bottom name="bottomanchor" />

			<area_list_content_controls name="area_controls" />
			<anchor_list_content_controls_right name="rightanchor" />
			<button_iback_list_content_controls name="list_iback">
				<tooltip textres="charselect_tooltip_back" />
				<script>
					function onButtonPress()
						if Session.IsHost then
							Interface.openWindow("charselect_host", "charsheet");
						else
							Interface.openWindow("charselect_client", "");
						end
						window.close();
					end
				</script>
			</button_iback_list_content_controls>
			<button_iimport_list_content_controls name="list_iimport">
				<tooltip textres="charselect_tooltip_importfile" />
				<gmvisibleonly />
				<script>
					function onButtonPress()
						CampaignDataManager.importChar();
					end
				</script>
			</button_iimport_list_content_controls>
			<filter_list_content_controls name="filter" />

			<list_content name="list">
				<class>charselect_import_entry</class>
				<columns width="300" fillwidth="true" dynamic="true" />
				<sortby><control>name</control></sortby>
				<filter><control>filter</control></filter>
				<filteron><control>name</control></filteron>
				<script file="campaign/scripts/charselect_import_list.lua" />
			</list_content>
			<scrollbar_content_list />

			<resize_charselect />
		</sheetdata>
	</windowclass>
	<windowclass name="charselect_import_entry">
		<margins control="0,0,0,10" />
		<frame>fieldlight</frame>
		<script file="campaign/scripts/charselect_import_entry.lua" />
		<sheetdata>
			<portraitselectioncontrol name="portrait">
				<bounds>10,10,72,72</bounds>
				<base>charlist_base</base>
				<mask>charlist_mask</mask>
			</portraitselectioncontrol>

			<stringcontrol name="name">
				<anchored position="insidetopleft" offset="90,20">
					<right offset="-40" />
				</anchored>
				<multilinespacing>20</multilinespacing>
				<font>charselecttitle</font>
				<empty textres="library_recordtype_empty_charsheet" />
				<disabled />
			</stringcontrol>
			<stringcontrol name="details">
				<anchored to="name" position="belowleft">
					<right />
				</anchored>
				<multilinespacing>20</multilinespacing>
				<font>charselectbody</font>
				<disabled />
			</stringcontrol>
			<stringcontrol name="source_label">
				<anchored to="details" position="belowleft">
					<right />
				</anchored>
				<multilinespacing>20</multilinespacing>
				<font>charselecttitle</font>
				<disabled />
			</stringcontrol>
			<stringcontrol name="source">
				<anchored to="source_label" position="belowleft">
					<right />
				</anchored>
				<multilinespacing>20</multilinespacing>
				<font>charselectbody</font>
				<disabled />
			</stringcontrol>

			<buttoncontrol name="base">
				<anchored position="insidetopleft">
					<right />
					<bottom parent="source" offset="12" />
				</anchored>
			</buttoncontrol>

			<button_importcharadd name="button_import">
				<anchored to="base" position="insidetopright" offset="10,10" />
				<script>
					function onButtonPress()
						window.importCharacter();
					end
				</script>
			</button_importcharadd>
		</sheetdata>
	</windowclass>

	<windowclass name="pregencharselect">
		<frame>charselect</frame>
		<placement>
			<nosave />
		</placement>
		<sizelimits>
			<minimum width="680" height="390" />
			<dynamic />
		</sizelimits>
		<helplinkres>help_library_charselect</helplinkres>
		<sheetdata>
			<windowtitlebar_charselect name="title" />
			<windowmenubar_charselect name="menubar" />

			<anchor_content_charselect_top name="contentanchor" />
			<anchor_content_charselect_bottom name="bottomanchor" />

			<area_list_content_controls name="area_controls" />
			<anchor_list_content_controls_right name="rightanchor" />
			<filter_list_content_controls name="filter" />

			<list_content name="list">
				<datasource>.</datasource>
				<class>pregencharselect_entry</class>
				<columns width="300" fillwidth="true" dynamic="true" />
				<readonly />
				<sortby><control>name</control></sortby>
				<filter><control>filter</control></filter>
				<filteron><control>name</control></filteron>
			</list_content>
			<scrollbar_content_list />

			<resize_charselect />
		</sheetdata>
	</windowclass>
	<windowclass name="pregencharselect_entry">
		<frame>fieldlight</frame>
		<script>
			function onInit()
				local node = getDatabaseNode();
				if GameSystem.getPregenCharSelectDetail then
					details.setValue(GameSystem.getPregenCharSelectDetail(node));
				end
				source_label.setValue(Interface.getString("charselect_label_pregen"));
				local aModuleInfo = Module.getModuleInfo(DB.getModule(node));
				if aModuleInfo then
					source.setValue(aModuleInfo.displayname);
				end
				local sPortrait = DB.getValue(node, "portrait", "");
				if sPortrait ~= "" then
					portrait.setFile(sPortrait);
				end
			end
			function addCharacter()
				CampaignDataManager.addPregenChar(getDatabaseNode());
			end
		</script>
		<script file="campaign/scripts/charselect_host_entry.lua" />
		<sheetdata>
			<portraitselectioncontrol name="portrait">
				<bounds>10,10,72,72</bounds>
				<base>charlist_base</base>
				<mask>charlist_mask</mask>
			</portraitselectioncontrol>

			<stringfield name="name">
				<anchored position="insidetopleft" offset="90,20">
					<right offset="-40" />
				</anchored>
				<multilinespacing>20</multilinespacing>
				<font>charselecttitle</font>
				<empty textres="library_recordtype_empty_charsheet" />
				<disabled />
			</stringfield>
			<stringcontrol name="details">
				<anchored to="name" position="belowleft">
					<right />
				</anchored>
				<multilinespacing>20</multilinespacing>
				<font>charselectbody</font>
				<disabled />
			</stringcontrol>
			<stringcontrol name="source_label">
				<anchored to="details" position="belowleft">
					<right />
				</anchored>
				<multilinespacing>20</multilinespacing>
				<font>charselecttitle</font>
				<disabled />
			</stringcontrol>
			<stringcontrol name="source">
				<anchored to="source_label" position="belowleft">
					<right />
				</anchored>
				<multilinespacing>20</multilinespacing>
				<font>charselectbody</font>
				<disabled />
			</stringcontrol>

			<buttoncontrol name="base">
				<anchored position="insidetopleft">
					<right />
					<bottom parent="source" offset="12" />
				</anchored>
			</buttoncontrol>

			<button_iadd_base name="iadd">
				<anchored to="base" position="insidebottomright" offset="10,10" />
				<tooltip textres="charselect_tooltip_pregen" />
				<script>
					function onButtonPress()
						window.addCharacter();
					end
				</script>
				<gmvisibleonly />
			</button_iadd_base>
		</sheetdata>
	</windowclass>
</root>
