<?xml version="1.0" encoding="iso-8859-1"?>

<!--
  Please see the license.html file included with this distribution for
  attribution and copyright information.
-->

<root>
	<windowclass name="masterindex">
		<frame>referencelist</frame>
		<sizelimits>
			<minimum width="470" height="470" />
			<dynamic />
		</sizelimits>
		<minimize>minimized_reference</minimize>
		<softclose />
		<helplinkres>help_library_masterindex</helplinkres>
		<script file="campaign/scripts/masterindex_window.lua" />
		<sheetdata>
			<windowtitlebar_referencelist name="title" />
			<windowmenubar_referencelist name="menubar" />

			<anchor_content_referencelist_top />
			<anchor_content_referencelist_bottom />

			<sub_content_top name="sub_buttons" />
			<sub_content_top name="sub_category" />

			<area_list_content_controls name="area_controls" />
			<anchor_list_content_controls_right name="rightanchor" />
			<button_iedit_list_content_controls name="list_iedit" />
			<button_iadd_list_content_controls name="list_iadd">
				<script file="campaign/scripts/campaign_button_new.lua" />
			</button_iadd_list_content_controls>
			<masterindex_filter_sharedonly name="filter_sharedonly" />
			<masterindex_filter_name name="filter_name" />

			<sub_content_paging />

			<masterindex_list name="list" />
			<scrollbar_content_list />

			<resize_referencelist />
		</sheetdata>
	</windowclass>
	<windowclass name="masterindex_buttons">
		<margins control="0,0,0,5" />
		<sheetdata>
			<genericcontrol name="buttonanchor">
				<anchored position="insidetopleft" offset="5,5" height="20" width="0" />
			</genericcontrol>
		</sheetdata>
	</windowclass>
	<windowclass name="masterindex_categories">
		<margins control="0,0,0,7" />
		<sheetdata>
			<anchor_content_top />

			<masterindex_category_label />
			<masterindex_category_filter_label />
			<masterindex_category_list />
			<scrollbar_content_base name="scroll_category">
				<anchored to="list_category" />
				<target>list_category</target>
			</scrollbar_content_base>
			<masterindex_category_detail />
			<masterindex_category_iedit />
			<masterindex_category_iadd />
		</sheetdata>
	</windowclass>

	<windowclass name="masterindexcategory">
		<margins control="0,0,0,2" />
		<script file="campaign/scripts/masterindexcategory_window.lua" />
		<sheetdata>
			<hsc name="category" />

			<anchor_listitem_left_sm />
			<anchor_listitem_right_sm />

			<button_listitem_idelete_left name="idelete" />
			<masterindexcategory_label name="category_label" />
		</sheetdata>
	</windowclass>

	<windowclass name="masterindexitem">
		<margins control="0,0,0,2" />
		<script file="campaign/scripts/masterindexitem_window.lua" />
		<sheetdata>
			<anchor_listitem_left_sm />
			<anchor_listitem_right_sm />

			<button_masterindexitem_idelete_left name="idelete" />
			<linkc_listitem_left name="link" />

			<button_masterindexitem_access name="access" />
			<button_masterindexitem_modified name="modified" />
			<stringc_masterindexitem_category name="category" />

			<string_listitem_center_noframe_static_linked name="name" />
		</sheetdata>
	</windowclass>
	<windowclass name="masterindexitem_id">
		<margins control="0,0,0,2" />
		<script file="campaign/scripts/masterindexitem_window.lua" />
		<sheetdata>
			<hidden_record_isidentified name="isidentified" />

			<anchor_listitem_left_sm />
			<anchor_listitem_right_sm />

			<button_masterindexitem_idelete_left name="idelete" />
			<linkc_listitem_left name="link" />

			<button_masterindexitem_access name="access" />
			<button_masterindexitem_modified name="modified" />
			<stringc_masterindexitem_category name="category" />

			<string_listitem_center_noframe_static_linked name="name" />
			<string_listitem_center_noframe_static_linked name="nonid_name" />
		</sheetdata>
	</windowclass>
	<windowclass name="masterindexitem_note">
		<margins control="0,0,0,2" />
		<script file="campaign/scripts/masterindexitem_window.lua" />
		<sheetdata>
			<anchor_listitem_left_sm />
			<anchor_listitem_right_sm />

			<button_masterindexitem_idelete_left name="idelete" />
			<linkc_listitem_left name="link" />

			<button_masterindexitem_access name="access" />
			<stringc_masterindexitem_owner name="owner" />

			<string_listitem_center_noframe_static_linked name="name" />
		</sheetdata>
	</windowclass>

	<windowclass name="masterindexitem_story" copy="masterindexitem">
		<script>
			function onInit()
				super.onInit();

				if RecordDataManager.getRecordTypeDisplayClass("story", getDatabasePath()) == "referencemanualpage" then
					subtype.setIcons("button_toolbar_story_advanced");
					subtype.setTooltipText(Interface.getString("story_tooltip_advanced"));
				else
					subtype.setIcons("button_toolbar_story_simple");
					subtype.setTooltipText(Interface.getString("story_tooltip_simple"));
				end
			end
		</script>
		<sheetdata>
			<button_masterindexitem_subtype name="subtype" insertbefore="access" />
		</sheetdata>
	</windowclass>
</root>
