<?xml version="1.0" encoding="iso-8859-1"?>

<!--
  Please see the license.html file included with this distribution for
  attribution and copyright information.
-->

<root>
	<template name="icon_usepower">
		<buttoncontrol>
			<anchored width="20" height="20" />
			<icon normal="roll_cast" />
			<tooltip textres="power_tooltip_use" />
			<script>
				function onButtonPress()
					PowerManagerCore.usePower(window.getDatabaseNode());
				end
			</script>
		</buttoncontrol>
	</template>

	<template name="string_poweritem_header_base">
		<simplestring>
			<frame name="fieldlight" offset="10,5,10,5" />
			<multilinespacing>20</multilinespacing>
			<delaykeyupdate />
			<nodrag />
		</simplestring>
	</template>
	<template name="string_poweritem_header_name">
		<string_poweritem_header_base name="name">
			<anchored to="leftanchor">
				<top />
				<left relation="relative" offset="10" />
				<right parent="" anchor="center" offset="-5" />
			</anchored>
			<script>
				function onDoubleClick(x, y)
					PowerManagerCore.usePower(window.getDatabaseNode());
					return true;
				end
			</script>
		</string_poweritem_header_base>
	</template>
	<template name="string_poweritem_header">
		<string_poweritem_header_base>
			<anchored to="rightanchor">
				<top />
				<right relation="relative" offset="-10" />
				<left parent="" anchor="center" offset="15" />
			</anchored>
			<invisible />
		</string_poweritem_header_base>
	</template>

	<windowclass name="power_item">
		<margins control="0,0,0,2" />
		<script file="campaign/scripts/power_item.lua" />
		<sheetdata>
			<anchor_listitem_left_sm />
			<anchor_listitem_right_sm />

			<button_listitem_idelete_left name="idelete" />
			<linkc_listitem_left name="shortcut">
				<class>power</class>
			</linkc_listitem_left>

			<button_listitem_toggledetail_right name="activatedetail" />

			<sub_listitem_center name="header">
				<class>power_item_header</class>
			</sub_listitem_center>

			<list_poweraction name="actions">
				<invisible />
			</list_poweraction>
		</sheetdata>
	</windowclass>

	<windowclass name="power_item_mini">
		<script file="campaign/scripts/power_item.lua" />
		<sheetdata>
			<anchor_listitem_left_sm />
			<anchor_listitem_right_sm />

			<linkc_listitem_left name="shortcut">
				<class>power</class>
			</linkc_listitem_left>

			<sub_listitem_center name="header">
				<class>power_item_header_mini</class>
			</sub_listitem_center>
		</sheetdata>
	</windowclass>

	<!-- DEPRECATED (2025-03) -->
	<template name="anchor_poweritem_right">
		<anchor_listitem_right_sm />
	</template>
	<template name="button_poweritem_idelete">
		<button_idelete name="idelete">
			<anchored to="rightanchor" position="lefthigh" offset="5,0" />
			<editmode>actions_iedit</editmode>
		</button_idelete>
	</template>
	<template name="linkc_poweritem">
		<linkc_listitem_right name="shortcut">
			<class>power</class>
		</linkc_listitem_right>
	</template>
	<template name="button_poweritem_toggle_actions">
		<button_listitem_toggledetail_right>
			<invisible />
		</button_listitem_toggledetail_right>
	</template>
	<template name="header_poweritem">
		<subwindow name="header">
			<anchored position="insidetopleft">
				<right parent="rightanchor" anchor="left" relation="relative" offset="-2" />
			</anchored>
			<class>power_item_header</class>
			<activate />
			<fastinit />
		</subwindow>
	</template>
	<template name="anchor_poweritem_header_left">
		<anchor_listitem_left_sm />
	</template>
	<template name="anchor_poweritem_header_right">
		<anchor_listitem_right_sm />
	</template>
</root>
