<?xml version="1.0" encoding="iso-8859-1"?>

<!--
  Please see the license.html file included with this distribution for
  attribution and copyright information.
-->

<root>
	<windowclass name="treasureparcel">
		<frame>recordsheet</frame>
		<sizelimits>
			<minimum width="550" height="400" />
			<dynamic />
		</sizelimits>
		<minimize>minimized_parcel</minimize>
		<tooltip field="name" />
		<sharable />
		<script>
			function onInit()
				WindowManager.updateTooltip(self);
			end
			function onNameUpdated()
				WindowManager.updateTooltip(self);
			end
			function onDrop(x, y, draginfo)
				local bReadOnly = WindowManager.getReadOnlyState(getDatabaseNode());
				if bReadOnly then
					return;
				end
				return ItemManager.handleAnyDrop(getDatabaseNode(), draginfo);
			end
		</script>
		<sheetdata>
			<windowmenubar_recordsheet name="menubar" />

			<anchor_content_recordsheet_top name="contentanchor" />
			<anchor_content_recordsheet_bottom name="bottomanchor" />

			<sub_content_framed_groupbox_narrow_top name="header">
				<class>parcel_header</class>
			</sub_content_framed_groupbox_narrow_top>

			<sub_content name="sub_coins">
				<anchored>
					<right anchor="center" offset="-60" />
				</anchored>
				<class>parcel_coins</class>
			</sub_content>
			<sub_content name="sub_items">
				<anchored>
					<left anchor="center" offset="-60" />
				</anchored>
				<class>parcel_items</class>
			</sub_content>

			<resize_recordsheet />
		</sheetdata>
	</windowclass>
	<windowclass name="parcel_header" copy="record_header" />

	<windowclass name="parcel_coins">
		<frame>groupbox</frame>
		<script>
			function onInit()
				if Session.IsHost or DB.isOwner(getDatabaseNode()) then
					if list.isEmpty() then
						for _,sCurrency in ipairs(CurrencyManager.getCurrencies()) do
							local w = list.createWindow();
							w.description.setValue(sCurrency);
						end
					end
				end
				self.onLockModeChanged(WindowManager.getWindowReadOnlyState(self));
			end
			function onLockModeChanged(bReadOnly)
				WindowManager.callSafeControlsSetLockMode(self, { "list_iadd", }, bReadOnly);
			end
		</script>
		<sheetdata>
			<anchor_content_groupbox_top />
			<anchor_content_groupbox_bottom />

			<list_content_labeled_alternating name="list">
				<datasource>.coinlist</datasource>
				<class>parcel_coin</class>
				<script>
					function onDrop(x, y, draginfo)
						return WindowManager.getTopWindow(window).onDrop(x, y, draginfo);
					end
				</script>
			</list_content_labeled_alternating>
			<scrollbar_content_list />

			<anchor_list_content_label_left />
			<anchor_list_content_label_right />
			<label_list_content_button_iadd_left name="list_iadd" />
			<label_list_content_number_left name="label_count">
				<anchored width="55" />
				<static>#</static>
			</label_list_content_number_left>
			<label_list_content_noframe name="label_name">
				<static textres="parcel_label_money" />
			</label_list_content_noframe>
		</sheetdata>
	</windowclass>
	<windowclass name="parcel_coin">
		<margins control="0,0,0,5" />
		<script>
			function onInit()
				self.onLockModeChanged(WindowManager.getWindowReadOnlyState(self));
			end
			function onLockModeChanged(bReadOnly)
				WindowManager.callSafeControlsSetLockMode(self, { "amount", "description", "idelete", }, bReadOnly);
			end
		</script>
		<sheetdata>
			<anchor_listitem_left />
			<anchor_listitem_right />

			<button_listitem_idelete_left name="idelete" />
			<number_dropadd_listitem_left name="amount">
				<anchored width="55" />
				<description field="description" />
			</number_dropadd_listitem_left>

			<string_listitem_center_underline name="description" />
		</sheetdata>
	</windowclass>

	<windowclass name="parcel_items">
		<frame>groupbox</frame>
		<script>
			function onInit()
				self.onLockModeChanged(WindowManager.getWindowReadOnlyState(self));
			end
			function onLockModeChanged(bReadOnly)
				WindowManager.callSafeControlsSetLockMode(self, { "list_iadd", }, bReadOnly);
			end
		</script>
		<sheetdata>
			<anchor_content_groupbox_top />
			<anchor_content_groupbox_bottom />

			<list_content_labeled_alternating name="list">
				<datasource>.itemlist</datasource>
				<class>parcel_item</class>
				<empty font="list-empty" textres="parcel_emptylist" />
				<script>
					function onSortCompare(w1, w2)
						return ItemManager.getSortName(w1.getDatabaseNode()) &gt; ItemManager.getSortName(w2.getDatabaseNode());
					end
					function onDrop(x, y, draginfo)
						return WindowManager.getTopWindow(window).onDrop(x, y, draginfo);
					end
					function addEntry()
						local wNew = createWindow(nil, true);
						RecordManager.onRecordAddEvent("item", wNew.getDatabaseNode());
					end
				</script>
			</list_content_labeled_alternating>
			<scrollbar_content_list />

			<anchor_list_content_label_left />
			<anchor_list_content_label_right />
			<label_list_content_button_iadd_left name="list_iadd">
				<recordtype>item</recordtype>
			</label_list_content_button_iadd_left>
			<spacer_list_content_link_label_left name="label_link" />
			<label_list_content_number_left name="label_count">
				<anchored width="25" />
				<static>#</static>
			</label_list_content_number_left>
			<spacer_list_content_button_label_right name="label_isidentified" />
			<label_list_content name="label_name">
				<static textres="parcel_label_itemname" />
			</label_list_content>
		</sheetdata>
	</windowclass>
	<windowclass name="parcel_item">
		<margins control="0,0,0,5" />
		<script>
			function onInit()
				self.onLockModeChanged(WindowManager.getWindowReadOnlyState(self));
				self.onIDChanged();
			end
			function onLockModeChanged(bReadOnly)
				WindowManager.callSafeControlsSetLockMode(self, { "count", "isidentified", "name", "nonid_name", "idelete", }, bReadOnly);
			end
			function onIDChanged()
				local bID = RecordDataManager.getIDState("item", getDatabaseNode());
				name.setVisible(bID);
				nonid_name.setVisible(not bID);
			end
		</script>
		<sheetdata>
			<anchor_listitem_left />
			<anchor_listitem_right />

			<button_listitem_idelete_left name="idelete" />
			<linkc_listitem_left name="shortcut">
				<class>item</class>
			</linkc_listitem_left>
			<number_listitem_left name="count">
				<anchored width="25" />
			</number_listitem_left>

			<button_listitem_isidentified_right name="isidentified" />

			<string_listitem_center_underline name="name">
				<empty textres="library_recordtype_empty_item" />
			</string_listitem_center_underline>
			<string_listitem_center_underline name="nonid_name">
				<empty textres="library_recordtype_empty_nonid_item" />
			</string_listitem_center_underline>
		</sheetdata>
	</windowclass>
</root>
