<?xml version="1.0" encoding="iso-8859-1"?>

<!--
  Please see the license.html file included with this distribution for
  attribution and copyright information.
-->

<root>
	<windowclass name="note" copy="record_window_story">
		<sheetdata>
			<sub_content_framed_groupbox_top name="header">
				<class>note_header</class>
			</sub_content_framed_groupbox_top>
		</sheetdata>
	</windowclass>
	<windowclass name="note_header" copy="record_header_story">
		<script file="campaign/scripts/note_header.lua" />
		<sheetdata>
			<area_content_top name="area_details">
				<anchored height="20" />
			</area_content_top>
			<label name="owner_label">
				<anchored to="area_details" position="insidetopleft" offset="15,0" />
				<static textres="note_label_owner" />
			</label>
			<simplestringc name="owner">
				<anchored to="owner_label" position="righthigh" offset="5,0" height="20" />
				<readonly />
			</simplestringc>
		</sheetdata>
	</windowclass>
</root>
