<?xml version="1.0" encoding="iso-8859-1"?>

<!--
  Please see the license.html file included with this distribution for
  attribution and copyright information.
-->

<root>
	<windowclass name="table" copy="record_window_tabbed">
		<minimize>minimized_utility</minimize>
		<helplinkres>help_record_table</helplinkres>
		<tab>
			<name>main</name>
			<resource>tab_main</resource>
			<class>table_main</class>
			<embed />
		</tab>
		<tab merge="add">
			<name>notes</name>
			<resource>tab_notes</resource>
			<class>record_content_notes</class>
			<embed />
		</tab>
	</windowclass>
	<windowclass name="table_header" copy="record_header" />

	<template name="label_tablecolumn">
		<stringfield>
			<anchored width="100">
				<top />
				<left offset="50" />
			</anchored>
			<stateframe>
				<keyedit name="fieldfocus" offset="7,5,7,5" />
			</stateframe>
			<font>sheetlabel</font>
			<empty textres="table_emptylabel" />
			<multilinespacing>20</multilinespacing>
			<nodrag />
			<nodragselect />
			<center />
			<script>
				function onInit()
					registerMenuItem(Interface.getString("table_menu_coldelete"), "delete", 4);
				end
				function onMenuSelection(selection)
					if selection == 4 then
						window.setColumns(window.getColumns() - 1);
					end
				end
				function onValueChanged()
					window.updateColumns();
				end
			</script>
		</stringfield>
	</template>
	<windowclass name="table_main">
		<margins control="0,0,0,5" />
		<script file="campaign/scripts/table_main.lua" />
		<sheetdata>
			<hn name="table_positionoffset" />
			<hn name="resultscols">
				<default>1</default>
				<min>1</min>
				<script>
					function onValueChanged()
						window.onColumnsChanged();
					end
				</script>
			</hn>

			<anchor_column name="columnanchor" />

			<string_column_full name="description">
				<empty textres="table_emptydesc" />
			</string_column_full>

			<line_column name="divider" />

			<genericcontrol name="tabletoplabelanchor">
				<anchored height="10" width="0">
					<top parent="columnanchor" anchor="bottom" relation="relative" offset="2" />
					<left />
				</anchored>
			</genericcontrol>
			<label_tabletop name="label_roll">
				<anchored width="30" />
				<static textres="table_label_roll" />
			</label_tabletop>
			<label_tabletop name="label_showroll">
				<anchored width="20">
					<left offset="10" />
				</anchored>
				<static textres="table_label_showroll" />
				<tooltip textres="table_tooltip_showroll" />
			</label_tabletop>
			<label_tabletop name="label_customroll">
				<anchored width="80">
					<left offset="15" />
				</anchored>
				<static textres="custom" />
			</label_tabletop>
			<label_tabletop name="label_output">
				<anchored width="40">
					<left offset="15" />
				</anchored>
				<static textres="table_label_output" />
			</label_tabletop>

			<genericcontrol name="leftanchor">
				<anchored height="20" width="0">
					<top parent="columnanchor" anchor="bottom" relation="relative" offset="8" />
					<left />
				</anchored>
			</genericcontrol>
			<button_roll name="button_roll">
				<anchored to="leftanchor" width="30" height="30">
					<top offset="-5" />
					<left anchor="right" relation="relative" offset="0" />
				</anchored>
				<script>
					function onDragStart(button, x, y, draginfo)
						return window.actionRoll(draginfo);
					end
					function onButtonPress()
						return window.actionRoll();
					end
				</script>
			</button_roll>
			<buttonfield name="hiderollresults">
				<anchored to="leftanchor" height="20" width="20">
					<top />
					<left anchor="right" relation="relative" offset="10" />
				</anchored>
				<frame name="fielddark" offset="8,7,8,5" />
				<state icon="visibilityon" tooltipres="table_tooltip_rollshow" />
				<state icon="visibilityoff" tooltipres="table_tooltip_rollhide" />
			</buttonfield>
			<basicdice name="dice">
				<anchored to="leftanchor" height="20" width="50">
					<top />
					<left anchor="right" relation="relative" offset="15" />
				</anchored>
				<script>
					function onDragStart(button, x, y, draginfo)
						return window.actionRoll(draginfo);
					end
					function onDoubleClick()
						return window.actionRoll();
					end
				</script>
			</basicdice>
			<basicnumber name="mod">
				<anchored to="leftanchor" height="20" width="20">
					<top offset="-1" />
					<left anchor="right" relation="relative" offset="10" />
				</anchored>
				<displaysign />
				<script>
					function onDragStart(button, x, y, draginfo)
						return window.actionRoll(draginfo);
					end
					function onDoubleClick()
						return window.actionRoll();
					end
				</script>
			</basicnumber>
			<button_stringcycler name="output">
				<anchored to="leftanchor" width="40">
					<top offset="-1" />
					<left anchor="right" relation="relative" offset="15" />
				</anchored>
				<gmvisibleonly />
				<parameters>
					<labelsres>table_label_output_story|table_label_output_parcel|table_label_output_encounter</labelsres>
					<values>story|parcel|encounter</values>
					<defaultlabelres>table_label_output_chat</defaultlabelres>
				</parameters>
			</button_stringcycler>

			<button_iadd name="table_iadd_row">
				<anchored>
					<top parent="leftanchor" />
					<right offset="-10" />
				</anchored>
				<tooltip textres="table_tooltip_rowadd" />
				<invisible />
				<script>
					function onButtonPress()
						window.addRow();
					end
				</script>
			</button_iadd>
			<button_icon_sm name="table_idelete_column">
				<anchored to="table_iadd_row" position="lefthigh" offset="4,0" />
				<icon normal="button_col_delete" />
				<tooltip textres="table_tooltip_coldelete" />
				<invisible />
				<script>
					function onButtonPress()
						window.setColumns(window.getColumns() - 1);
					end
				</script>
			</button_icon_sm>
			<button_icon_sm name="table_iadd_column">
				<anchored to="table_idelete_column" position="lefthigh" offset="5,0" />
				<icon normal="button_col_insert" />
				<tooltip textres="table_tooltip_coladd" />
				<invisible />
				<script>
					function onButtonPress()
						window.setColumns(window.getColumns() + 1);
					end
				</script>
			</button_icon_sm>

			<line_column name="divider2" />

			<subwindow name="tablecolumnheaders">
				<anchored>
					<top parent="columnanchor" anchor="bottom" relation="relative" offset="7" />
					<left />
					<right />
				</anchored>
				<class>table_column_headers</class>
				<fastinit />
				<activate />
			</subwindow>

			<windowlist name="tablerows">
				<anchored>
					<top parent="columnanchor" anchor="bottom" relation="relative" offset="2" />
					<left offset="5" />
					<right offset="-5" />
				</anchored>
				<datasource>.tablerows</datasource>
				<class>table_row</class>
				<noscroll />
				<sortby><control>fromrange</control></sortby>
				<child />
				<child><backcolor>1A40301E</backcolor></child>
			</windowlist>
		</sheetdata>
	</windowclass>
	<windowclass name="table_column_headers">
		<script>
			function setColumns(nColumns)
				parentcontrol.window.setColumns(nColumns);
			end
			function getColumns()
				return parentcontrol.window.getColumns();
			end
			function updateColumns()
				parentcontrol.window.updateColumns();
			end
		</script>
		<sheetdata>
			<label name="header_die">
				<anchored merge="replace" width="60">
					<top />
					<left offset="10" />
				</anchored>
				<multilinespacing>20</multilinespacing>
				<center />
			</label>
		</sheetdata>
	</windowclass>

	<template name="string_tableresult">
		<stringfield>
			<stateframe>
				<keyedit name="fieldfocus" offset="7,5,7,5" />
			</stateframe>
			<font>sheettext</font>
			<multilinespacing>20</multilinespacing>
			<empty> -- </empty>
		</stringfield>
	</template>
	<template name="link_tableresult">
		<windowreferencefield>
			<anchored height="20" width="20" />
			<description field="result" />
		</windowreferencefield>
	</template>
	<windowclass name="table_row">
		<margins control="0,0,0,2" />
		<script>
			function onInit()
				self.onLockModeChanged(WindowManager.getWindowReadOnlyState(self));
			end
			function onLockModeChanged(bReadOnly)
				WindowManager.callSafeControlsSetLockMode(self, { "fromrange", "torange", "idelete", }, bReadOnly);
			end
		</script>
		<sheetdata>
			<anchor_listitem_left_sm />
			<anchor_listitem_right_sm />

			<button_listitem_idelete_left name="idelete" />
			<number_listitem_left name="fromrange">
				<anchored width="20" />
				<delaykeyupdate />
				<nodrag />
			</number_listitem_left>
			<label name="dash">
				<anchored to="leftanchor">
					<top />
					<left relation="relative" offset="0" postoffset="0" />
				</anchored>
				<static>-</static>
			</label>
			<number_listitem_left name="torange">
				<anchored width="20" />
				<delaykeyupdate />
				<nodrag />
			</number_listitem_left>

			<windowlist name="results">
				<anchored to="rightanchor">
					<top />
					<left parent="leftanchor" relation="current" offset="5" />
					<right relation="current" offset="-5" />
				</anchored>
				<class>table_result</class>
				<datasource>.results</datasource>
				<noscroll />
				<columns width="150" fillwidth="true" />
				<script>
					function onInit()
						if isEmpty() then
							createWindow();
						end
					end
				</script>
			</windowlist>
		</sheetdata>
	</windowclass>
	<windowclass name="table_result">
		<margins control="0,0,0,2" />
		<script>
			function onInit()
				registerMenuItem(Interface.getString("table_menu_linkdelete"), "erase", 8);
				self.updateDisplay();
				self.onLockModeChanged(WindowManager.getWindowReadOnlyState(self));
			end
			function onLockModeChanged(bReadOnly)
				WindowManager.callSafeControlsSetLockMode(self, { "result", }, bReadOnly);
			end
			function updateDisplay()
				local bLink = not resultlink.isEmpty();
				resultlink.setVisible(bLink);
			end
			function onMenuSelection(selection)
				if selection == 8 then
					resultlink.setValue();
				end
			end
			function onDrop(x, y, draginfo)
				if draginfo.isType("shortcut") then
					resultlink.setValue(draginfo.getShortcutData());
					if result.getValue() == "" then
						result.setValue(DB.getValue(draginfo.getDatabaseNode(), "name", ""));
					end
					return true;
				end
			end
		</script>
		<sheetdata>
			<genericcontrol name="leftanchor">
				<bounds>0,2,0,20</bounds>
				<disabled />
			</genericcontrol>
			<genericcontrol name="base">
				<anchored position="over" />
				<script>
					function onDrop(x, y, draginfo)
						return window.onDrop(x, y, draginfo);
					end
				</script>
			</genericcontrol>
			<link_tableresult name="resultlink">
				<anchored>
					<top offset="2" />
					<left parent="leftanchor" anchor="right" relation="relative" offset="5" />
				</anchored>
				<invisible />
				<script>
					function onValueChanged()
						window.updateDisplay();
					end
					function onDrop(x, y, draginfo)
						return window.onDrop(x, y, draginfo);
					end
				</script>
			</link_tableresult>
			<string_tableresult name="result">
				<anchored>
					<top offset="2" />
					<left parent="leftanchor" anchor="right" relation="relative" offset="5" />
					<right offset="-10" />
				</anchored>
				<script>
					function onDragStart(button, x, y, draginfo)
						local sResult = getValue();
						if sResult ~= "" then
							draginfo.setType("string");
							draginfo.setStringData(sResult);
							return true;
						end
					end
					function onDrop(x, y, draginfo)
						if draginfo.getType() ~= "string" then
							return window.onDrop(x, y, draginfo);
						end
					end
				</script>
			</string_tableresult>
		</sheetdata>
	</windowclass>

	<windowclass name="tableimport">
		<frame>utilitybox</frame>
		<sizelimits>
			<minimum width="500" height="500" />
			<dynamic />
		</sizelimits>
		<script file="campaign/scripts/tableimport.lua" />
		<sheetdata>
			<windowtitlebar_utilitybox name="title" />
			<windowmenubar_utilitybox name="menubar" />

			<anchor_content_utilitybox_top />
			<anchor_content_utilitybox_bottom />

	 		<stringc_content_top name="name">
				<anchored height="20" />
				<empty textres="tableimport_empty_name" />
			</stringc_content_top>

			<button_text_content_center_bottom name="button_import">
				<state textres="tableimport_label_import" />
				<script>
					function onButtonPress()
						window.onImport();
					end
				</script>
			</button_text_content_center_bottom>
			<sub_content_framed_groupbox_bottom name="sub_options">
				<anchored height="80" />
				<class>tableimport_options</class>
			</sub_content_framed_groupbox_bottom>

			<stringc_content name="text">
				<empty textres="tableimport_empty_text" />
			</stringc_content>

			<resize_utilitybox />
		</sheetdata>
	</windowclass>
	<windowclass name="tableimport_options">
		<script>
			function onInit()
				onDataTypeChanged();
			end
			function onDataTypeChanged()
				local bShowDelimitedFields = (datatype.getValue() == "delimited");
				delimiter_label.setVisible(bShowDelimitedFields);
				delimiter.setVisible(bShowDelimitedFields);
				headerrow_label.setVisible(bShowDelimitedFields);
				headerrow.setVisible(bShowDelimitedFields);
				rangecol_label.setVisible(bShowDelimitedFields);
				rangecol.setVisible(bShowDelimitedFields);
			end
		</script>
		<sheetdata>
			<label name="datatype_label">
				<anchored position="insidetopleft" />
				<static textres="tableimport_label_datatype" />
			</label>
			<buttongroup_radio name="datatype">
				<anchored position="insidetopleft" offset="100,2" height="16" />
				<parameters merge="replace">
					<optionwidth>70</optionwidth>
					<labelsres>tableimport_label_datatype_delimited</labelsres>
					<values>delimited</values>
					<defaultlabelres>tableimport_label_datatype_simple</defaultlabelres>
				</parameters>
				<script>
					function onValueChanged()
						window.onDataTypeChanged();
					end
				</script>
			</buttongroup_radio>
			<label name="delimiter_label">
				<anchored position="insidetopleft" offset="0,20" />
				<static textres="tableimport_label_delimiter" />
				<invisible />
			</label>
			<buttongroup_radio name="delimiter">
				<anchored position="insidetopleft" offset="100,22" height="16" />
				<parameters merge="replace">
					<optionwidth>70</optionwidth>
					<labelsres>tableimport_label_delimiter_pipe|tableimport_label_delimiter_colon|tableimport_label_delimiter_semicolon</labelsres>
					<values>pipe|colon|semicolon</values>
				<defaultlabelres>tableimport_label_delimiter_comma</defaultlabelres>
				</parameters>
				<invisible />
			</buttongroup_radio>
			<label name="headerrow_label">
				<anchored position="insidetopleft" offset="0,40" />
				<static textres="tableimport_label_headerrow" />
				<invisible />
			</label>
			<button_checkbox name="headerrow">
				<anchored to="headerrow_label" position="righthigh" offset="10,0" width="20" height="20" />
				<invisible />
			</button_checkbox>
			<label name="rangecol_label">
				<anchored position="insidetopleft" offset="0,60" />
				<static textres="tableimport_label_rangecol" />
				<invisible />
			</label>
			<button_checkbox name="rangecol">
				<anchored to="rangecol_label" position="righthigh" offset="10,0" width="20" height="20" />
				<invisible />
			</button_checkbox>
		</sheetdata>
	</windowclass>
</root>
