<?xml version="1.0" encoding="iso-8859-1"?>

<!--
  Please see the license.html file included with this distribution for
  attribution and copyright information.
-->

<root>
	<windowclass name="vehicle" copy="record_window_tabbed">
		<minimize>minimized_item</minimize>
		<tab>
			<name>main</name>
			<resource>tab_main</resource>
			<class>vehicle_main</class>
			<embed />
		</tab>
		<tab merge="add">
			<name>pictures</name>
			<resource>tab_pictures</resource>
			<class>record_content_pictures</class>
			<embed />
		</tab>
	</windowclass>
	<windowclass name="vehicle_header" copy="record_header" />

	<windowclass name="vehicle_main">
		<margins control="0,0,0,2" />
		<script>
			function onInit()
				self.onLockModeChanged(WindowManager.getWindowReadOnlyState(self));
			end
			function onLockModeChanged(bReadOnly)
				local tFields = { "type", "space", "reach", "cost", "weight", "speed", "notes", };
				WindowManager.callSafeControlsSetLockMode(self, tFields, bReadOnly);
				divider2.setVisible(WindowManager.getAnyControlVisible(self, { "type", }));
				divider3.setVisible(WindowManager.getAnyControlVisible(self, { "notes", }));
			end
		</script>
		<sheetdata>
			<anchor_column name="columnanchor" />

			<label_column name="type_label">
				<static textres="vehicle_label_type" />
			</label_column>
			<string_columnh name="type">
				<delaykeyupdate />
			</string_columnh>

			<line_column name="divider2" />

			<label_column name="space_label">
				<static textres="vehicle_label_size" />
			</label_column>
			<number_column name="space">
				<default>1</default>
			</number_column>

			<label_column_right name="reach_label">
				<anchored to="space" />
				<static textres="vehicle_label_reach" />
			</label_column_right>
			<number_column_right name="reach">
				<anchored to="space" />
				<default>1</default>
			</number_column_right>

			<label_column name="cost_label">
				<static textres="vehicle_label_cost" />
			</label_column>
			<string_columnh name="cost" />

			<label_column name="weight_label">
				<static textres="vehicle_label_weight" />
			</label_column>
			<number_columnh name="weight" />

			<label_column name="speed_label">
				<static textres="vehicle_label_speed" />
			</label_column>
			<string_columnh name="speed" />

			<line_column name="divider3" />

			<ft_columnh name="notes" />
		</sheetdata>
	</windowclass>
</root>
