<?xml version="1.0" encoding="iso-8859-1"?>

<!--
  Please see the license.html file included with this distribution for
  attribution and copyright information.
-->

<root>
	<windowclass name="storytemplate" copy="record_window_story">
		<sheetdata>
			<area_content_bottom name="area_controls" insertbefore="content">
				<anchored height="30" />
			</area_content_bottom>
			<button_text_sm name="generate">
				<anchored to="area_controls" width="100">
					<top offset="5" />
					<left anchor="center" offset="-50" />
				</anchored>
				<state textres="story_button_generate" />
				<script file="campaign/scripts/story_template_generate.lua" />
				<gmvisibleonly />
			</button_text_sm>
		</sheetdata>
	</windowclass>
	<windowclass name="storytemplate_header" copy="record_header_story" />
</root>
