<?xml version="1.0" encoding="iso-8859-1"?>

<!--
  Please see the license.html file included with this distribution for
  attribution and copyright information.
-->

<root>
	<windowclass name="charsheet_notes">
		<script>
			function onInit()
				if RecordDataManager.getLockMode("charsheet") then
					languages_iedit.destroy();
					self.onLockModeChanged(WindowManager.getWindowReadOnlyState(self));
				end
			end
			function onLockModeChanged(bReadOnly)
				local tFields = { "race", "gender", "age", "height", "weight", "appearance", "notes", "languages_iadd", };
				WindowManager.callSafeControlsSetLockMode(self, tFields, bReadOnly);
			end
		</script>
		<sheetdata>
			<frame_char name="detailframe">
				<anchored position="insidetop" height="50" />
			</frame_char>
			<string_labeled name="race">
				<anchored to="detailframe" position="insidetopleft" offset="15,10" width="150" height="20" />
				<labelres>char_label_race</labelres>
			</string_labeled>
			<string_labeled name="gender">
				<anchored to="race" position="righthigh" offset="5,0" width="70" height="20" />
				<labelres>char_label_gender</labelres>
			</string_labeled>
			<string_labeled name="age">
				<anchored to="gender" position="righthigh" offset="5,0" width="70" height="20" />
				<labelres>char_label_age</labelres>
			</string_labeled>
			<string_labeled name="height">
				<anchored to="age" position="righthigh" offset="5,0" width="70" height="20" />
				<labelres>char_label_height</labelres>
			</string_labeled>
			<string_labeled name="weight">
				<anchored to="height" position="righthigh" offset="5,0" width="70" height="20" />
				<labelres>char_label_weight</labelres>
			</string_labeled>

			<frame_char name="appearanceframe">
				<anchored position="insidetopleft" offset="0,50" width="320" height="190" />
			</frame_char>
			<label_frametop>
				<anchored to="appearanceframe" />
				<static textres="char_label_appearance" />
			</label_frametop>
			<stringu name="appearance">
				<anchored to="appearanceframe">
					<top offset="30" />
					<left offset="15" />
					<right offset="-20" />
					<bottom offset="-15" />
				</anchored>
				<multilinespacing>20</multilinespacing>
				<nodrag />
			</stringu>
			<scrollbar_list>
				<anchored to="appearance" />
				<target>appearance</target>
			</scrollbar_list>

			<frame_char name="languageframe">
				<anchored position="insidetopright" offset="0,50" height="190">
					<left offset="320" />
				</anchored>
			</frame_char>
			<label_frametop>
				<anchored to="languageframe" />
				<static textres="char_label_languages" />
			</label_frametop>
			<list_language name="languages">
				<anchored to="languageframe">
					<top offset="35" />
					<left offset="15" />
					<right offset="-20" />
					<bottom offset="-15" />
				</anchored>
			</list_language>
			<scrollbar_list>
				<anchored to="languages" />
				<target>languages</target>
			</scrollbar_list>
			<button_iedit name="languages_iedit">
				<anchored to="languages" position="aboveright" offset="-15,5" />
				<edittarget>languages</edittarget>
			</button_iedit>
			<button_iadd name="languages_iadd">
				<anchored to="languages" position="aboveright" offset="5,5" />
				<target>languages</target>
			</button_iadd>

			<frame_char name="notesframe">
				<anchored position="insidetop" offset="0,240">
					<bottom />
				</anchored>
			</frame_char>
			<label_frametop>
				<anchored to="notesframe" />
				<static textres="char_label_notes" />
			</label_frametop>
			<stringu name="notes">
				<anchored to="notesframe">
					<top offset="30" />
					<left offset="15" />
					<right offset="-20" />
					<bottom offset="-15" />
				</anchored>
				<multilinespacing>20</multilinespacing>
				<nodrag />
			</stringu>
			<scrollbar_list>
				<anchored to="notes" />
				<target>notes</target>
			</scrollbar_list>
		</sheetdata>
	</windowclass>

	<windowclass name="char_language">
		<margins control="0,0,0,2" />
		<script>
			function onInit()
				if RecordDataManager.getLockMode("charsheet") then
					self.onLockModeChanged(WindowManager.getWindowReadOnlyState(self));
				end
			end
			function onLockModeChanged(bReadOnly)
				WindowManager.callSafeControlsSetLockMode(self, { "name", "idelete", }, bReadOnly);
			end
			function onEditModeChanged()
				idelete.setVisible(WindowManager.getEditMode(self, "languages_iedit"));
			end
			function onDragStart(button, x, y, draginfo)
				local sLang = name.getValue()
				if sLang ~= "" then
					draginfo.setType("language")
					draginfo.setIcon("button_speak")
					draginfo.setStringData(sLang)
					return true
				end
			end
		</script>
		<sheetdata>
			<anchor_listitem_left_sm />
			<anchor_listitem_right_sm />

			<button_listitem_idelete_left name="idelete" />

			<string_listitem_center_underline name="name">
				<delaykeyupdate />
				<script>
					function onDragStart(...)
						return window.onDragStart(...)
					end
				</script>
			</string_listitem_center_underline>
		</sheetdata>
	</windowclass>
</root>
