<?xml version="1.0" encoding="iso-8859-1"?>

<!--
  Please see the license.html file included with this distribution for
  attribution and copyright information.
-->

<root>
	<windowclass name="picture" copy="record_window">
		<placement>
			<size width="600" height="600" />
		</placement>
		<sizelimits>
			<minimum width="400" height="400" />
		</sizelimits>
	</windowclass>
	<windowclass name="picture_main">
		<sheetdata>
			<tokenfield name="picture">
				<anchored position="over" offset="5,5" />
			</tokenfield>
		</sheetdata>
	</windowclass>

	<windowclass name="picturelist">
		<frame>tokenbag</frame>
		<sizelimits>
			<minimum width="400" height="400" />
			<dynamic />
		</sizelimits>
		<script file="campaign/scripts/picturewindow.lua" />
		<sheetdata>
			<windowtitlebar_tokenbag name="title">
				<resource>library_recordtype_label_picture</resource>
			</windowtitlebar_tokenbag>
			<windowmenubar_tokenbag name="menubar" />

			<anchor_content_tokenbag_top />
			<anchor_content_tokenbag_bottom />

			<area_list_content_controls />
			<anchor_list_content_controls_right />
			<button_iedit_list_content_controls />
			<filter_list_content_controls />

			<sub_content_paging />

			<list_content name="list">
				<class>picturelist_item</class>
				<columns width="120" fillwidth="true" dynamic="true" />
				<allowdelete />
				<script>
					function onListChanged()
						WindowManager.callOuterWindowFunction(window, "onListChanged");
					end
				</script>
			</list_content>
			<scrollbar_content_list />

			<resize_tokenbag />
		</sheetdata>
	</windowclass>
	<windowclass name="picturelist_item">
		<frame>tokenbagasset</frame>
		<margins control="0,0,0,10" />
		<script>
			function onClickDown()
				return true;
			end
			function onClickRelease()
				Interface.openWindow("picture", getDatabaseNode());
				return true;
			end
		</script>
		<sheetdata>
			<anchor_listitem_left_sm />
			<anchor_listitem_right_sm />

			<tokenfield name="picture">
				<anchored width="100" height="100">
					<top offset="10" />
					<left anchor="center" offset="-50" />
				</anchored>
				<empty>token_empty</empty>
				<nodrag />
				<script>
					function onClickDown()
						return window.onClickDown();
					end
					function onClickRelease()
						return window.onClickRelease();
					end
				</script>
			</tokenfield>
			<stringfield name="name">
				<anchored to="picture" position="below" offset="-10,0" />
				<font>tokenbagasset_grid</font>
				<static />
				<script>
					function onClickDown()
						return window.onClickDown();
					end
					function onClickRelease()
						return window.onClickRelease();
					end
				</script>
			</stringfield>

			<button_listitem_idelete_left name="idelete">
				<editmode>list_iedit</editmode>
			</button_listitem_idelete_left>
		</sheetdata>
	</windowclass>
</root>
