<?xml version="1.0" encoding="iso-8859-1"?>

<!--
  Please see the license.html file included with this distribution for
  attribution and copyright information.
-->

<root>
	<windowclass name="charsheet_base">
		<frame>charsheet</frame>
		<sizelimits>
			<minimum width="530" height="570" />
			<dynamic />
		</sizelimits>
		<minimize>minimized_npc</minimize>
		<tooltip field="name" />
		<softclose />
		<helplinkres>help_record_charsheet</helplinkres>
		<script>
			function onInit()
				WindowTabManager.populate(self);
			end
		</script>
		<sheetdata>
			<windowmenubar_charsheet name="menubar" />

			<anchor_content_charsheet_tabbed_top />
			<anchor_content_charsheet_bottom />

			<sub_content_top name="overview">
				<class>charsheet_overview</class>
			</sub_content_top>

			<resize_charsheet />
		</sheetdata>
	</windowclass>
	<windowclass name="charsheet" copy="charsheet_base">
		<tab>
			<name>main</name>
			<resource>tab_main</resource>
			<class>charsheet_main</class>
		</tab>
		<tab merge="add">
			<name>abilities</name>
			<resource>tab_abilities</resource>
			<class>charsheet_abilities</class>
		</tab>
		<tab merge="add">
			<name>inventory</name>
			<resource>tab_inventory</resource>
			<class>charsheet_inventory</class>
		</tab>
		<tab merge="add">
			<name>notes</name>
			<resource>tab_notes</resource>
			<class>charsheet_notes</class>
		</tab>
	</windowclass>

	<windowclass name="charsheet_overview_base_v2">
		<frame>groupbox</frame>
		<margins control="0,0,0,15" />
		<script>
			function onInit()
				if RecordDataManager.getLockMode("charsheet") then
					self.onLockModeChanged(WindowManager.getWindowReadOnlyState(self));
				end
			end
			function onLockModeChanged(bReadOnly)
				WindowManager.callSafeControlsSetLockMode(self, { "name", }, bReadOnly);
			end
		</script>
		<sheetdata>
			<anchor_content_charsheet_header_top />
			<anchor_content_charsheet_header_left />
			<anchor_content_charsheet_header_right />

			<picture_charsheet_v2 name="portrait" />

			<string_labeled name="name">
				<anchored to="rightanchor" height="30">
					<top offset="5" />
					<right relation="current" offset="-5" />
					<left parent="leftanchor" relation="current" offset="5" />
				</anchored>
				<labelres>char_label_name</labelres>
				<font>charsheet_header</font>
			</string_labeled>
		</sheetdata>
	</windowclass>
	<windowclass name="charsheet_overview_base_alt">
		<frame>groupbox</frame>
		<margins control="0,0,0,15" />
		<script>
			function onInit()
				if RecordDataManager.getLockMode("charsheet") then
					self.onLockModeChanged(WindowManager.getWindowReadOnlyState(self));
				end
			end
			function onLockModeChanged(bReadOnly)
				WindowManager.callSafeControlsSetLockMode(self, { "name", }, bReadOnly);
			end
		</script>
		<sheetdata>
			<anchor_content_charsheet_header_top />
			<anchor_content_charsheet_header_left />
			<anchor_content_charsheet_header_right />

			<picture_charsheet_v2 name="portrait" />

			<label_charframetop name="nametitle">
				<anchored to="rightanchor" height="20">
					<top />
					<right relation="current" offset="-10" />
					<left parent="leftanchor" relation="current" offset="10" />
				</anchored>
				<static textres="char_label_name" />
			</label_charframetop>
			<stringu name="name">
				<anchored to="nametitle" position="below" offset="0,0" height="30" />
				<font>charsheet_header</font>
			</stringu>
		</sheetdata>
	</windowclass>
	<windowclass name="charsheet_overview" copy="charsheet_overview_base_v2" />

	<windowclass name="charsheet_nontabbed_base">
		<frame>charsheet</frame>
		<sizelimits>
			<dynamic />
		</sizelimits>
		<sheetdata>
			<windowmenubar_charsheet name="menubar" />

			<anchor_content_charsheet_top />
			<anchor_content_charsheet_bottom />

			<resize_charsheet />
		</sheetdata>
	</windowclass>
	<windowclass name="charsheethelper_base">
		<frame>charsheethelper</frame>
		<sizelimits>
			<dynamic />
		</sizelimits>
		<windowmenu>
			<norecord />
			<nocustom />
		</windowmenu>
		<sheetdata>
			<windowtitlebar_charsheethelper name="title" />
			<windowmenubar_charsheethelper name="menubar" />

			<anchor_content_charsheethelper_top />
			<anchor_content_charsheethelper_bottom />

			<resize_charsheethelper />
		</sheetdata>
	</windowclass>

	<!-- DEPRECATED (2025-02) -->
	<windowclass name="charsheet_overview_base">
		<sheetdata>
			<anchor_listitem_left name="leftanchor" />
			<anchor_listitem_right name="rightanchor" />

			<picture_charsheet name="portrait">
				<anchored>
					<top offset="5" />
				</anchored>
			</picture_charsheet>

			<frame_char name="overviewframe">
				<anchored to="rightanchor" height="60">
					<top />
					<left parent="leftanchor" relation="relative" />
					<right relation="relative" />
				</anchored>
			</frame_char>
			<string_labeled name="name">
				<anchored to="overviewframe" position="insidetop" offset="-15,10" height="30" />
				<labelres>char_label_name</labelres>
				<font>charsheet_header</font>
			</string_labeled>
		</sheetdata>
	</windowclass>
</root>
