<?xml version="1.0" encoding="iso-8859-1"?>

<!--
  Please see the license.html file included with this distribution for
  attribution and copyright information.
-->

<root>
	<windowclass name="charsheet_inventory">
		<script>
			function onInit()
				if RecordDataManager.getLockMode("charsheet") then
					inventorylist_iedit.destroy();
					currency_iedit.destroy();
					self.onLockModeChanged(WindowManager.getWindowReadOnlyState(self));
				end
			end
			function onLockModeChanged(bReadOnly)
				local tFields = { "inventorylist_iadd", "currency_iadd", };
				WindowManager.callSafeControlsSetLockMode(self, tFields, bReadOnly);
				WindowManager.callSafeControlsSetVisible(self, { "idelete_header", }, not bReadOnly);
			end
		</script>
		<sheetdata>
			<frame_char name="inventoryframe">
				<anchored position="insidetop" offset="0,0">
					<bottom offset="-200" />
				</anchored>
			</frame_char>

			<list_charinv name="inventorylist">
				<anchored to="inventoryframe">
					<top offset="40" />
					<left offset="15" />
					<right offset="-20" />
					<bottom offset="-15" />
				</anchored>
			</list_charinv>
			<scrollbar>
				<anchored to="inventorylist" />
				<target>inventorylist</target>
			</scrollbar>

			<anchor_list_content_label_left>
				<anchored to="inventorylist" />
			</anchor_list_content_label_left>
			<anchor_list_content_label_right>
				<anchored to="inventorylist" />
			</anchor_list_content_label_right>
			<spacer_list_content_idelete_label_left name="idelete_header" />
			<spacer_list_content_link_label_left name="spacer_link" />
			<label_list_content_number_left name="label_count">
				<anchored width="20" />
				<static>#</static>
			</label_list_content_number_left>
			<label_list_content_button_right name="label_carried">
				<icon>char_inv_carried_header</icon>
				<tooltip textres="char_tooltip_itemcarried" />
			</label_list_content_button_right>
			<label_list_content_number_right name="label_weight">
				<anchored width="30" />
				<static textres="char_label_itemweight" />
				<tooltip textres="char_tooltip_itemweight" />
			</label_list_content_number_right>
			<label_list_content_string_noframe_right name="label_location">
				<static textres="char_label_itemlocation" />
			</label_list_content_string_noframe_right>
			<label_list_content_noframe name="label_name">
				<static textres="char_label_itemname" />
			</label_list_content_noframe>

			<button_iedit name="inventorylist_iedit">
				<anchored to="inventorylist" position="aboveright" offset="-15,10" />
				<target>inventorylist</target>
			</button_iedit>
			<button_iadd name="inventorylist_iadd">
				<anchored to="inventorylist" position="aboveright" offset="5,10" />
				<target>inventorylist</target>
				<recordtype>item</recordtype>
			</button_iadd>

			<frame_char name="encumbranceframe">
				<anchored position="insidebottomleft" offset="0,0" width="240" height="200" />
			</frame_char>
			<number_static name="encumbranceload" source="encumbrance.load">
				<anchored to="encumbranceframe" position="insidetopleft" offset="160,30" width="55" height="20" />
			</number_static>
			<label name="encumbrance_label">
				<anchored to="encumbranceframe" position="insidetopleft" offset="15,30" />
				<static textres="char_label_totalweight" />
			</label>

			<frame_char name="coinframe">
				<anchored position="insidebottomright" offset="0,0" height="200">
					<left offset="240" />
				</anchored>
			</frame_char>
			<label_frametop name="coin_label">
				<anchored to="coinframe" />
				<static textres="char_label_money" />
			</label_frametop>

			<sub_charcurrency name="sub_currency" />
			<scrollbar_sub_charcurrency name="scrollbar_currency" />
			<button_iadd_sub_charcurrency name="currency_iadd" />
			<button_iedit_sub_charcurrency name="currency_iedit" />
		</sheetdata>
	</windowclass>

	<windowclass name="char_invitem">
		<margins control="0,0,0,2" />
		<script file="campaign/scripts/char_invitem.lua" />
		<sheetdata>
			<hidden_record_isidentified name="isidentified">
				<class>item</class>
				<ignorehost />
			</hidden_record_isidentified>

			<anchor_listitem_left_sm />
			<anchor_listitem_right_sm />

			<button_listitem_idelete_left name="idelete" />
			<linkc_listitem_left name="shortcut">
				<class>item</class>
			</linkc_listitem_left>
			<number_listitem_left name="count">
				<anchored width="20" />
				<nodrag />
				<hideonvalue>0</hideonvalue>
				<min>0</min>
			</number_listitem_left>

			<button_listitem_carried_right name="carried" />
			<number_listitem_right name="weight">
				<anchored width="30" />
				<delaykeyupdate />
				<nodrag />
				<hideonvalue>0</hideonvalue>
				<min>0</min>
				<tabtarget prev="location" />
			</number_listitem_right>
			<string_listitem_right name="location">
				<anchored width="80" />
				<tabtarget next="weight" prev="nonid_name" />
				<nodrop />
				<script file="campaign/scripts/char_invloc.lua" />
			</string_listitem_right>

			<string_listitem_center_underline name="name">
				<tabtarget next="nonid_name" prev="count" />
				<delaykeyupdate />
				<nodrop />
				<script file="campaign/scripts/char_invname.lua" />
			</string_listitem_center_underline>
			<string_listitem_center_underline name="nonid_name">
				<empty textres="library_recordtype_empty_nonid_item" />
				<invisible />
				<tabtarget next="location" prev="name" />
				<delaykeyupdate />
				<nodrop />
				<script file="campaign/scripts/char_invname.lua" />
			</string_listitem_center_underline>
		</sheetdata>
	</windowclass>

	<windowclass name="char_currency">
		<margins control="0,0,0,5" />
		<sheetdata>
			<list_sub_charcurrency name="list">
				<anchored position="insidetop" offset="-5,0" />	
			</list_sub_charcurrency>
		</sheetdata>
	</windowclass>
	<windowclass name="char_currencyitem">
		<margins control="0,0,0,2" />
		<script>
			function onInit()
				if RecordDataManager.getLockMode("charsheet") then
					self.onLockModeChanged(WindowManager.getWindowReadOnlyState(self));
				end
			end
			function onLockModeChanged(bReadOnly)
				local tFields = { "name", "idelete", };
				WindowManager.callSafeControlsSetLockMode(self, tFields, bReadOnly);
				--local tFields = { "amount", };
				--WindowManager.callSafeControlsSetLockMode(self, tFields, bReadOnly);
			end
		</script>
		<sheetdata>
			<anchor_listitem_left_sm />
			<anchor_listitem_right_sm />

			<button_listitem_idelete_left name="idelete">
				<script>
					function onEditModeChanged()
						local nEdit = WindowManager.getOuterControlValue(window, "currency_iedit");
						if nEdit ~= nil then
							self.setVisible(nEdit == 1);
						else
							self.setVisible(WindowManager.getEditMode(window, "currencylist_iedit"));
						end
					end
				</script>
			</button_listitem_idelete_left>
			<number_dropadd_listitem_left name="amount">
				<anchored width="50" />
				<description field="name" />
				<delaykeyupdate />
			</number_dropadd_listitem_left>

			<string_listitem_center_underline name="name">
				<delaykeyupdate />
				<nodrag />
			</string_listitem_center_underline>
		</sheetdata>
	</windowclass>
</root>
