<?xml version="1.0" encoding="iso-8859-1"?>

<!--
  Please see the license.html file included with this distribution for
  attribution and copyright information.
-->

<root>
	<windowclass name="charsheet_abilities">
		<sheetdata>
			<frame_char name="abilityframe">
				<anchored position="over" />
			</frame_char>
			<label_frametop>
				<anchored to="abilityframe" />
				<static textres="char_label_abilities" />
			</label_frametop>
			<list_text name="abilities">
				<anchored to="abilityframe">
					<left offset="15" />
					<top offset="35" />
					<right offset="-20" />
					<bottom offset="-20" />
				</anchored>
				<columns width="222" filldown="true" dynamic="true" />
				<datasource>.abilitylist</datasource>
				<class>char_ability</class>
				<acceptdrop>
					<class>referencetext</class>
					<class>referencetextwide</class>
					<class>ability</class>
					<class>note</class>
					<class>encounter</class>
					<field>*</field>
				</acceptdrop>
			</list_text>
			<scrollbar_list>
				<anchored to="abilities" />
				<target>abilities</target>
			</scrollbar_list>

			<button_iedit name="abilities_iedit">
				<anchored to="abilities" position="aboveright" offset="-15,5" />
				<edittarget>abilities</edittarget>
			</button_iedit>
			<button_iadd name="abilities_iadd">
				<anchored to="abilities" position="aboveright" offset="5,5" />
				<target>abilities</target>
			</button_iadd>
		</sheetdata>
	</windowclass>

	<windowclass name="char_ability">
		<margins control="0,0,0,2" />
		<sheetdata>
			<anchor_listitem_left_sm />
			<anchor_listitem_right_sm />

			<button_listitem_idelete_left name="idelete">
				<editmode>abilities_iedit</editmode>
			</button_listitem_idelete_left>
			<linkc_listitem_left name="link">
				<class>ability</class>
				<readonly />
			</linkc_listitem_left>

			<string_listitem_center_underline name="name" />
		</sheetdata>
	</windowclass>	
</root>
