<?xml version="1.0" encoding="iso-8859-1"?>

<!--
  Please see the license.html file included with this distribution for
  attribution and copyright information.
-->

<root>
	<windowclass name="imagewindow">
		<frame>imagebox</frame>
		<placement>
			<size width="600" height="600" />
		</placement>
		<sizelimits>
			<minimum width="320" height="320" />
			<dynamic />
		</sizelimits>
		<minimize>minimized_image</minimize>
		<sharable />
		<tooltip field="name" />
		<script file="campaign/scripts/imagewindow.lua" />
		<helplinkres>help_record_image</helplinkres>
		<sheetdata>
			<windowmenubar_imagebox name="menubar" />

			<anchor_content_imagebox_top />
			<anchor_content_imagebox_bottom />

			<!-- NOTE: Legacy override short term for layout -->
			<sub_content_framed_groupbox_top name="header">
				<anchored to="contentanchor">
					<left offset="10" />
					<right offset="-10" />
					<top relation="relative" offset="10" postoffset="10" />
				</anchored>
				<frame name="groupbox" offset="10,10,10,10" />
				<class>imagewindow_header</class>
			</sub_content_framed_groupbox_top>
			<sub_content_framed_groupbox_narrow_top name="toolbar">
				<class>imagewindow_toolbar</class>
			</sub_content_framed_groupbox_narrow_top>

			<anchor_content_image_left />
			<anchor_content_image_right />
			<imagedata_content name="imagedata" source="image" />
			<image_content name="image" />

			<anchor_image_controls_right />
			<anchor_image_controls_bottom />
			<sub_image_camera_controls name="sub_camera_controls" />
			<sub_image_view_tokenmove name="sub_view_tokenmove" />
			<sub_image_hover_token_detail name="sub_hover_token_detail" />
			<sub_image_view_token_detail name="sub_view_token_detail" />
			<list_viewers name="list_viewers" />

			<resize_imagebox />
		</sheetdata>
	</windowclass>
	<windowclass name="imagepanelwindow">
		<sharable shareas="imagewindow" />
		<frame>imagepanel</frame>
		<script file="campaign/scripts/imagewindow.lua" />
		<sheetdata>
			<anchor_content_imagepanel_top />
			<anchor_content_imagepanel_bottom />

			<sub_content_framed_groupbox_narrow_top name="toolbar">
				<class>imagewindow_toolbar</class>
			</sub_content_framed_groupbox_narrow_top>

			<anchor_content_image_left />
			<anchor_content_image_right />
			<imagedata_content name="imagedata" source="image" />
			<image_content name="image" />

			<anchor_image_controls_right />
			<anchor_image_controls_bottom />
			<sub_image_camera_controls name="sub_camera_controls" />
			<sub_image_view_tokenmove name="sub_view_tokenmove" />
			<sub_image_hover_token_detail name="sub_hover_token_detail" />
			<sub_image_view_token_detail name="sub_view_token_detail" />
		</sheetdata>
	</windowclass>
	<windowclass name="imagewindow_header">
		<script file="campaign/scripts/imagewindow_header.lua" />
		<sheetdata>
			<anchor_content_record_header_top />
			<anchor_content_record_header_left />
			<anchor_content_record_header_right />

			<icon_record_header_type name="recordtype" />
			<toolbar_toggle_header_right name="image_toolbar" />

			<string_record_header_name_image name="nonid_name">
				<empty textres="library_recordtype_empty_nonid_image" />
			</string_record_header_name_image>
			<buttonc_listitem_icon_simple_base name="nonid_icon">
				<anchored to="rightanchor">
					<top offset="4" />
					<right relation="relative" offset="-2" postoffset="-2" />
				</anchored>
				<icon normal="button_toolbar_share_public" />
				<tooltip textres="library_recordtype_empty_nonid" />
				<invisible />
				<script>
					function onInit()
						setColor(Interface.getFontColor("imagebox_header"));
					end
				</script>
			</buttonc_listitem_icon_simple_base>
			<string_record_header_name_image name="name">
				<empty textres="library_recordtype_empty_image" />
			</string_record_header_name_image>
			<spacer_record_name_image name="spacer_name" />
		</sheetdata>
	</windowclass>

	<windowclass name="image_hover_token_detail">
		<margins control="0,0,0,5" />
		<sheetdata>
			<display_actor name="display">
				<anchored position="insidetopleft" offset="15,15" />
			</display_actor>
		</sheetdata>
	</windowclass>
	<windowclass name="image_view_token_detail">
		<margins control="0,0,15,5" />
		<script>
			function onInit()
				self.onImageStateChanged();
			end
			function onImageStateChanged()
				local cImage = ImageManager.getImageControlFromWindow(self);
				if not cImage then
					return;
				end
				local bShow = Session.IsHost or not cImage.getTokenLockState();
				button_accept.setVisible(bShow)
			end
		</script>
		<sheetdata>
			<display_actor name="display">
				<anchored position="insidetopleft" offset="15,15" />
			</display_actor>
			<button_tokenmove_accept name="button_accept">
				<anchored to="display">
					<bottom offset="-5" />
					<right anchor="center" offset="-35" />
				</anchored>
				<script>
					function onButtonPress()
						TokenMoveManager.onViewTokenAcceptButtonPressed(window);
					end
				</script>
			</button_tokenmove_accept>
			<button_tokenmove_cancel name="button_cancel">
				<anchored to="display">
					<bottom offset="-5" />
					<left anchor="center" offset="35" />
				</anchored>
				<script>
					function onButtonPress()
						TokenMoveManager.onViewTokenCancelButtonPressed(window);
					end
				</script>
			</button_tokenmove_cancel>
		</sheetdata>
	</windowclass>
	<windowclass name="image_camera_controls">
		<script>
			function onInit()
				self.onImageViewModeChanged();
			end
			function onImageViewModeChanged()
				local cImage = WindowManager.callOuterWindowFunction(self, "getImage");
				local sViewMode = cImage.getViewMode();
				local bFlatView = (sViewMode == "");
				button_rotate_left.setVisible(not bFlatView);
				button_rotate_right.setVisible(not bFlatView);

				button_rotate_left.updateTooltip(sViewMode);
				button_forward.updateTooltip(sViewMode);
				button_rotate_right.updateTooltip(sViewMode);
				button_left.updateTooltip(sViewMode);
				button_back.updateTooltip(sViewMode);
				button_right.updateTooltip(sViewMode);
				button_up.updateTooltip(sViewMode);
				button_down.updateTooltip(sViewMode);
			end
		</script>
		<sheetdata>
			<button_image_camera_move name="button_rotate_left">
				<anchored offset="12,7" />
				<icon normal="button_toolbar_rotate_left" />
				<direction>rotateleft</direction>
			</button_image_camera_move>
			<button_image_camera_move name="button_forward">
				<anchored offset="42,7" />
				<icon normal="button_toolbar_arrow_n" />
				<direction>forward</direction>
			</button_image_camera_move>
			<button_image_camera_move name="button_rotate_right">
				<anchored offset="72,7" />
				<icon normal="button_toolbar_rotate_right" />
				<direction>rotateright</direction>
			</button_image_camera_move>
			<button_image_camera_move name="button_left">
				<anchored offset="12,37" />
				<icon normal="button_toolbar_arrow_w" />
				<direction>left</direction>
			</button_image_camera_move>
			<button_image_camera_move name="button_back">
				<anchored offset="42,37" />
				<icon normal="button_toolbar_arrow_s" />
				<direction>back</direction>
			</button_image_camera_move>
			<button_image_camera_move name="button_right">
				<anchored offset="72,37" />
				<icon normal="button_toolbar_arrow_e" />
				<direction>right</direction>
			</button_image_camera_move>

			<button_image_camera_move name="button_up">
				<anchored offset="108,7" />
				<icon normal="button_toolbar_layer_up" />
				<direction>up</direction>
			</button_image_camera_move>
			<button_image_camera_move name="button_down">
				<anchored offset="108,37" />
				<icon normal="button_toolbar_layer_down" />
				<direction>down</direction>
			</button_image_camera_move>
		</sheetdata>
	</windowclass>

	<windowclass name="image_tokenmove">
		<sheetdata>
			<anchor_content_top />
			<anchor_content_bottom />

			<sub_content_top name="area_buttons">
				<anchored>
					<right offset="-10" />
				</anchored>
				<frame name="image_token_detail" />
				<class>image_tokemove_controls</class>
			</sub_content_top>

			<list_content name="list">
				<anchored>
					<right offset="-10" />
				</anchored>
				<class>image_tokemove_display</class>
			</list_content>
			<scrollbar_content_list />
		</sheetdata>
	</windowclass>
	<windowclass name="image_tokemove_controls">
		<margins control="0,0,0,5" />
		<script>
			function onInit()
				self.onImageStateChanged();
			end
			function onImageStateChanged()
				local cImage = ImageManager.getImageControlFromWindow(self);
				if not cImage then
					return;
				end
				local bShow = Session.IsHost or not cImage.getTokenLockState();
				base_accept.setVisible(bShow)
				button_accept.setVisible(bShow);
				label_accept.setVisible(bShow);
			end
		</script>
		<sheetdata>
			<anchor_content_top />
			<spacer_content_top />

			<area_content_top name="base_accept">
				<anchored height="30">
					<left offset="5" />
					<right offset="-5" />
				</anchored>
				<script>
					function onClickDown()
						return true;
					end
					function onClickRelease()
						window.button_accept.onButtonPress();
					end
					function onDragStart(...)
						return window.button_accept.onDragStart(...);
					end
				</script>
			</area_content_top>
			<button_tokenmove_accept name="button_accept">
				<anchored to="base_accept" position="insidetopleft" offset="5,5" />
				<tooltip textres="image_tooltip_tokenmove_acceptall" />
				<script>
					function onButtonPress()
						TokenMoveManager.onAcceptAllButtonPressed(window);
					end
					function onDragStart(_, _, _, draginfo)
						draginfo.setType("tokenmoveacceptall");
						draginfo.setIcon("button_tokenmove_accept");
						return true;
					end
				</script>
			</button_tokenmove_accept>
			<label name="label_accept">
				<anchored to="button_accept" position="righthigh" offset="10,0">
					<right parent="" offset="-15" />
				</anchored>
				<frame name="tooltipbox" margins="2,2,2,2" />
				<font>tooltipbox</font>
				<static textres="image_label_tokenmove_acceptall" />
				<center />
				<disabled />
			</label>

			<area_content_top name="base_cancel">
				<anchored height="30">
					<left offset="5" />
					<right offset="-5" />
				</anchored>
				<script>
					function onClickDown()
						return true;
					end
					function onClickRelease()
						window.button_cancel.onButtonPress();
					end
					function onDragStart(...)
						return window.button_cancel.onDragStart(...);
					end
				</script>
			</area_content_top>
			<button_tokenmove_cancel name="button_cancel">
				<anchored to="base_cancel" position="insidetopleft" offset="5,5" />
				<tooltip textres="image_tooltip_tokenmove_cancelall" />
				<script>
					function onButtonPress()
						TokenMoveManager.onCancelAllButtonPressed(window);
					end
					function onDragStart(_, _, _, draginfo)
						draginfo.setType("tokenmovecancelall");
						draginfo.setIcon("button_tokenmove_cancel");
						return true;
					end
				</script>
			</button_tokenmove_cancel>
			<label name="label_cancel">
				<anchored to="button_cancel" position="righthigh" offset="10,0">
					<right parent="" offset="-15" />
				</anchored>
				<frame name="tooltipbox" margins="2,2,2,2" />
				<font>tooltipbox</font>
				<static textres="image_label_tokenmove_cancelall" />
				<center />
				<disabled />
			</label>
		</sheetdata>
	</windowclass>
	<windowclass name="image_tokemove_display">
		<margins control="0,0,5,5" />
		<frame name="image_token_detail" />
		<script>
			function onInit()
				self.onImageStateChanged();
			end
			function onImageStateChanged()
				local cImage = ImageManager.getImageControlFromWindow(self);
				if not cImage then
					return;
				end
				local bShow = Session.IsHost or not cImage.getTokenLockState();
				button_accept.setVisible(bShow)
			end
		</script>
		<sheetdata>
			<display_actor name="display">
				<anchored position="insidetopleft" offset="15,15" />
			</display_actor>
 			<button_tokenmove_accept name="button_accept">
				<anchored to="display">
					<bottom offset="-5" />
					<right anchor="center" offset="-35" />
				</anchored>
				<script>
					function onButtonPress()
						TokenMoveManager.onAcceptButtonPressed(window);
					end
				</script>
			</button_tokenmove_accept>
			<button_tokenmove_cancel name="button_cancel">
				<anchored to="display">
					<bottom offset="-5" />
					<left anchor="center" offset="35" />
				</anchored>
				<script>
					function onButtonPress()
						TokenMoveManager.onCancelButtonPressed(window);
					end
				</script>
			</button_tokenmove_cancel>
		</sheetdata>
	</windowclass>

	<windowclass name="imagewindow_toolbar">
		<script file="campaign/scripts/imagewindow_toolbar.lua" />
		<sheetdata>
			<toolbar_anchor_left />
			<toolbar_anchor_right />

			<toolbar_field_right name="locked">
				<initbyname />
			</toolbar_field_right>
			<toolbar_separator_right name="image_separator_locked" />

			<toolbar_toggle_right name="image_navigation">
				<initbyname />
			</toolbar_toggle_right>
			<toolbar_toggle_right name="image_preview">
				<initbyname />
			</toolbar_toggle_right>
			<toolbar_toggle_right name="image_tokenlock">
				<initbyname />
			</toolbar_toggle_right>
			<toolbar_toggle_right name="image_shortcut">
				<initbyname />
			</toolbar_toggle_right>
			<toolbar_action_right name="image_deathmarker_clear">
				<initbyname />
			</toolbar_action_right>
			<toolbar_separator_right name="image_separator_mode" />

			<toolbar_action_right name="image_target_clear">
				<initbyname />
			</toolbar_action_right>
			<toolbar_action_right name="image_target_friend">
				<initbyname />
			</toolbar_action_right>
			<toolbar_action_right name="image_target_foe">
				<initbyname />
			</toolbar_action_right>
			<toolbar_toggle_right name="image_target_select">
				<initbyname />
			</toolbar_toggle_right>
			<toolbar_toggle_right name="image_select">
				<initbyname />
			</toolbar_toggle_right>
			<toolbar_separator_right name="image_separator_target" />

			<toolbar_toggle_right name="image_erase">
				<initbyname />
			</toolbar_toggle_right>
			<toolbar_toggle_right name="image_draw">
				<initbyname />
			</toolbar_toggle_right>
			<toolbar_toggle_right name="image_unmask">
				<initbyname />
			</toolbar_toggle_right>
			<toolbar_separator_right name="image_separator_draw" />

			<toolbar_toggle_right name="image_ping">
				<initbyname />
			</toolbar_toggle_right>
			<toolbar_toggle_right name="image_view_token">
				<initbyname />
			</toolbar_toggle_right>
			<toolbar_toggle_right name="image_view_camera">
				<initbyname />
			</toolbar_toggle_right>
			<toolbar_action_right name="image_zoomtofit">
				<initbyname />
			</toolbar_action_right>
		</sheetdata>
	</windowclass>
</root>
