<?xml version="1.0" encoding="iso-8859-1"?>

<!--
  Please see the license.html file included with this distribution for
  attribution and copyright information.
-->

<root>
	<windowclass name="npc" copy="record_window_tabbed">
		<minimize>minimized_npc</minimize>
		<gmexport>npc</gmexport>
		<tab>
			<name>main</name>
			<resource>tab_main</resource>
			<class>npc_main</class>
			<embed />
		</tab>
		<tab merge="add">
			<name>notes</name>
			<resource>tab_notes</resource>
			<class>record_content_notes</class>
			<embed />
		</tab>
		<tab merge="add">
			<name>pictures</name>
			<resource>tab_pictures</resource>
			<class>record_content_pictures</class>
			<embed />
		</tab>
	</windowclass>
	<windowclass name="npc_header" copy="record_header" />

	<windowclass name="npc_main">
		<margins control="0,0,0,2" />
		<script>
			function onInit()
				self.onLockModeChanged(WindowManager.getWindowReadOnlyState(self));
			end
			function onLockModeChanged(bReadOnly)
				local tFields = { "space", "reach", "senses", "skills", "items", "languages", };
				WindowManager.callSafeControlsSetLockMode(self, tFields, bReadOnly);
				divider2.setVisible(WindowManager.getAnyControlVisible(self, { "skills", "items", "languages", }));
			end
		</script>
		<sheetdata>
			<anchor_column name="columnanchor" />

			<label_column name="space_label">
				<static textres="npc_label_size" />
			</label_column>
			<number_column name="space">
				<default>1</default>
			</number_column>

			<label_column_right name="reach_label">
				<anchored to="space" />
				<static textres="npc_label_reach" />
			</label_column_right>
			<number_column_right name="reach">
				<anchored to="space" />
				<default>1</default>
			</number_column_right>

			<label_column name="senses_label">
				<static textres="npc_label_senses" />
			</label_column>
			<string_columnh name="senses" />

			<line_column name="divider2" />

			<label_column name="skills_label">
				<static textres="npc_label_rolls" />
			</label_column>
			<string_columnh name="skills">
				<nodragselect />
				<script file="campaign/scripts/npc_roll.lua" />
			</string_columnh>

			<label_column name="items_label">
				<static textres="npc_label_items" />
			</label_column>
			<string_columnh name="items" />

			<label_column name="languages_label">
				<static textres="npc_label_languages" />
			</label_column>
			<string_columnh name="languages" />
		</sheetdata>
	</windowclass>
</root>
