<?xml version="1.0" encoding="iso-8859-1"?>

<!--
  Please see the license.html file included with this distribution for
  attribution and copyright information.
-->

<root>
	<windowclass name="quest" copy="record_window" />
	<windowclass name="quest_header" copy="record_header" />

	<windowclass name="quest_main">
		<script>
			function onInit()
				self.onLockModeChanged(WindowManager.getWindowReadOnlyState(self));
			end
			function onLockModeChanged(bReadOnly)
				WindowManager.callSafeControlsSetLockMode(self, { "description", }, bReadOnly);
			end
		</script>
		<sheetdata>
			<anchor_column name="columnanchor" />

			<header_column name="description_header">
				<static textres="header_description" />
			</header_column>
			<ft_columnh name="description" />

			<sub_column_gmnotes name="sub_gmnotes" />
		</sheetdata>
	</windowclass>
</root>
