<?xml version="1.0" encoding="iso-8859-1"?>

<!--
  Please see the license.html file included with this distribution for
  attribution and copyright information.
-->

<root>
	<template name="button_iadd_base">
		<buttoncontrol>
			<anchored width="20" height="20" />
			<icon normal="button_add" pressed="button_add_down" />
			<tooltip textres="button_add" />
		</buttoncontrol>
	</template>
	<template name="button_iadd">
		<button_iadd_base>
			<script>
				function onInit()
					if visible then
						return;
					end
					local node = window.getDatabaseNode();
					if node and DB.isReadOnly(node) then
						setVisible(false);
					end
				end
				function setLockMode(bReadOnly)
					setVisible(not bReadOnly);
				end
				function getLockMode()
					return not isVisible();
				end
				function onButtonPress()
					if edittarget then
						WindowManager.callInnerFunction(window[edittarget[1]], "addEntry", true);
					else
						local sList = target and target[1] or "list";
						if window[sList].addEntry then
							window[sList].addEntry(true);
						else
							local wNew = window[sList].createWindow(nil, true);
							if recordtype and recordtype[1] then
								local node = wNew.getDatabaseNode();
								if node then
									RecordManager.onRecordAddEvent(recordtype[1], wNew.getDatabaseNode());
								end
							end
						end
					end
				end
			</script>
		</button_iadd_base>
	</template>
	<template name="button_iedit_base">
		<buttoncontrol>
			<anchored width="20" height="20" />
			<state icon="button_edit" tooltipres="button_editon" />
			<state icon="button_edit_down" tooltipres="button_editoff" />
		</buttoncontrol>
	</template>
	<template name="button_iedit">
		<button_iedit_base>
			<script>
				function onInit()
					if visible then
						return;
					end
					local node = window.getDatabaseNode();
					if node and DB.isReadOnly(node) then
						setVisible(false);
					end
				end
				function setLockMode(bReadOnly)
					setVisible(not bReadOnly);
				end
				function getLockMode()
					return not isVisible();
				end
				function onVisibilityChanged()
					if not isVisible() then
						setValue(0);
					end
				end
				function onValueChanged()
					if edittarget then
						for _,v in ipairs(edittarget) do
							WindowManager.onEditModeChanged(window[v]);
						end
					elseif target and window[target[1]] and window[target[1]].update then
						window[target[1]].update();
					else
						WindowManager.onEditModeChanged(window);
					end
				end
				function setVisibility(bVisible)
					Debug.console("button_iedit:setVisibility - DEPRECATED - 2024-10-22 - Use setVisible");
					setVisible(bVisible);
				end
			</script>
		</button_iedit_base>
	</template>
	<template name="button_idelete_base">
		<buttoncontrol>
			<anchored width="20" height="20" />
			<state icon="button_delete" tooltipres="button_delete" />
			<state icon="button_deleteconfirm" tooltipres="button_deleteconfirm" />
			<tooltip textres="button_delete" />
			<invisible />
			<script>
				function onVisibilityChanged()
					if not isVisible() then
						setValue(0);
					end
				end
				function setVisibility(bVisible)
					Debug.console("button_idelete:setVisibility - DEPRECATED - 2024-10-22 - Use setVisible");
					setVisible(bVisible);
				end
			</script>
		</buttoncontrol>
	</template>
	<template name="button_idelete">
		<button_idelete_base>
			<script>
				function onInit()
					self.onEditModeChanged();
				end
				function onButtonPress()
					if getValue() == 0 then
						if window.delete then
							window.delete();
						else
							local node = window.getDatabaseNode();
							if node then
								DB.deleteNode(node);
							else
								window.close();
							end
						end
					end
				end
				function setLockMode(bReadOnly)
					setVisible(not bReadOnly);
				end
				function getLockMode()
					return not isVisible();
				end
				function onEditModeChanged()
					if editmode then
						setVisible(WindowManager.getEditMode(window, editmode[1]));
					end
				end
			</script>
		</button_idelete_base>
	</template>
	<template name="button_ireorder">
		<buttoncontrol>
			<anchored width="20" height="20" />
			<icon normal="reorder" pressed="reorder_down" />
			<invisible />
			<script>
				function onInit()
					self.onEditModeChanged();
				end
				function setLockMode(bReadOnly)
					setVisible(not bReadOnly);
				end
				function getLockMode()
					return not isVisible();
				end
				function onEditModeChanged()
					if editmode then
						setVisible(WindowManager.getEditMode(window, editmode[1]));
					end
				end
				function onDragStart(_, _, _, draginfo)
					draginfo.setType("reorder");
					draginfo.setIcon("reorder");
					draginfo.setDatabaseNode(window.getDatabaseNode());
					return true;
				end
			</script>
		</buttoncontrol>
	</template>
	<template name="button_iimport">
		<buttoncontrol>
			<anchored width="20" height="20" />
			<icon normal="button_import" pressed="button_import_down" />
			<tooltip textres="button_import" />
		</buttoncontrol>
	</template>

	<template name="spacer_header_idelete">
		<genericcontrol name="idelete_header">
			<anchored to="rightanchor" width="20" height="20">
				<top />
				<right relation="relative" offset="-2" />
			</anchored>
			<disabled />
			<invisible />
			<script>
				function onInit()
					self.onEditModeChanged();
				end
				function setLockMode(bReadOnly)
					setVisible(not bReadOnly);
				end
				function getLockMode()
					return not isVisible();
				end
				function onEditModeChanged()
					if editmode then
						setVisible(WindowManager.getEditMode(window, editmode[1]));
					end
				end
			</script>
		</genericcontrol>
	</template>

	<template name="button_listitem_faction_right">
		<button_faction>
			<anchored to="rightanchor" >
				<top />
				<right relation="relative" offset="-2" postoffset="-2" />
			</anchored>
		</button_faction>
	</template>
	<template name="label_listitem_maplinks_encounter">
		<label name="maplinks_label">
			<anchored>
				<top parent="name" anchor="bottom" offset="5" />
				<left offset="5" />
			</anchored>
			<static textres="battle_label_placement" />
		</label>
	</template>
	<template name="list_listitem_maplinks_encounter">
		<windowlist name="maplinks">
			<anchored>
				<top parent="name" anchor="bottom" relation="relative" offset="0" />
				<left parent="maplinks_label" anchor="right" offset="5" />
				<right offset="-5" />
			</anchored>			
			<datasource>.maplink</datasource>
			<class>battle_npcmaplink</class>
			<columns width="28" fillwidth="true" />
			<noscroll />
		</windowlist>
	</template>

	<template name="label_tabletop">
		<stringcontrol>
			<anchored to="tabletoplabelanchor">
				<top />
				<left anchor="right" relation="relative" />
			</anchored>
			<font>sheetlabelmini</font>
			<center />
		</stringcontrol>
	</template>

	<template name="list_editor">
		<windowlist name="list">
			<anchored>
				<top parent="columnanchor" anchor="bottom" relation="relative" offset="20" />
				<left />
				<right />
			</anchored>
			<child></child>
			<child><backcolor>1A40301E</backcolor></child>
			<noscroll />
			<allowdelete />
		</windowlist>
	</template>

	<!-- Master Index -->
	<template name="masterindex_list">
		<list_content_framed_groupbox_alternating>
			<class>masterindexitem</class>
			<useallmodules />
			<script file="campaign/scripts/masterindex_list.lua" />
		</list_content_framed_groupbox_alternating>
	</template>
	<template name="masterindex_filter_sharedonly">
		<buttoncontrol name="filter_sharedonly">
			<anchored to="rightanchor" height="20" width="60">
				<top />
				<right anchor="left" relation="relative" offset="-5" />
			</anchored>
			<font>button-white</font>
			<state frame="buttonup" frameoffset="2,2,2,2" textres="masterindex_label_filter_sharedonly_all" tooltipres="masterindex_tooltip_filter_sharedonly" />
			<state frame="buttondown" frameoffset="2,2,2,2" textres="masterindex_label_filter_sharedonly_shared" />
			<script>
				function onInit()
					setColor(ColorManager.getButtonTextColor());
				end
				function onValueChanged()
					WindowManager.callOuterWindowFunction(window, "onSharedOnlyFilterChanged");
				end
			</script>
		</buttoncontrol>
	</template>
	<template name="masterindex_filter_name">
		<filter_list_content_controls name="filter_name">
			<script>
				function onValueChanged()
					super.onValueChanged();
					WindowManager.callOuterWindowFunction(window, "onNameFilterChanged");
				end
			</script>
		</filter_list_content_controls>
	</template>
	<template name="masterindex_filter_custom_spacer">
		<spacer_content_bottom name="spacer_filter_custom" insertbefore="sub_paging" />
	</template>
	<template name="masterindex_filter_custom">
		<label insertbefore="rightanchor">
			<anchored to="bottomanchor" height="20" width="120">
				<left offset="30" />
				<bottom relation="relative" offset="-3" postoffset="-3" />
			</anchored>
			<frame>
				<name>search</name>
				<offset>22,5,5,5</offset>
			</frame>
		</label>
	</template>
	<template name="masterindex_filter_custom_value">
		<comboboxc insertbefore="rightanchor">
			<anchored to="bottomanchor" height="20">
				<bottom relation="current" offset="23" />
				<left offset="160" />
				<right offset="-10" />
			</anchored>
			<listmaxsize>8</listmaxsize>
			<listdirection>up</listdirection>
			<unsorted />
			<script>
				local m_sType = nil;
				function onInit()
					super.onInit();
					updateDisplay();
				end
				function setFilterType(sType)
					m_sType = sType;
				end
				function updateDisplay()
					if getValue() == "" then
						setFrame("filter", 5,5,5,5);
					else
						setFrame("filter_active", 5,5,5,5);
					end
				end
				function onValueChanged()
					updateDisplay();
					WindowManager.callOuterWindowFunction(window, "onCustomFilterValueChanged", m_sType, self);
				end
			</script>
		</comboboxc>
	</template>
	<template name="masterindex_category_label">
		<stringcontrol name="label_category">
			<anchored to="contentanchor" position="insidetopleft" offset="10,7" height="20" />
			<font>reference-header</font>
			<static textres="masterindex_label_category" />
		</stringcontrol>
	</template>
	<template name="masterindex_category_filter_label">
		<stringcontrol name="filter_category_label">
			<anchored to="label_category" height="20">
				<left anchor="right" offset="10" />
				<top />
				<right parent="contentanchor" offset="-27" />
			</anchored>
			<frame name="groupbox" offset="7,7,27,7" />
			<center />
			<static />
			<script>
				function onClickDown()
					return true;
				end
				function onClickRelease()
					window.button_category_detail.setValue(1);
					return true;
				end
			</script>
		</stringcontrol>
	</template>
	<template name="masterindex_category_list">
		<windowlist name="list_category">
			<anchored to="label_category">
				<left anchor="right" offset="10" />
				<top />
				<right parent="contentanchor" offset="-47" />
				<sizelimits>
					<minimum height="65" />
					<maximum height="120" />
				</sizelimits>
			</anchored>
			<frame name="groupbox" offset="7,7,47,7" />
			<class>masterindexcategory</class>
			<sortby><control>category_label</control></sortby>
			<invisible />
		</windowlist>
	</template>
	<template name="masterindex_category_detail">
		<buttoncontrol name="button_category_detail">
			<anchored to="label_category" width="20" height="20">
				<right parent="contentanchor" offset="-10" />
				<top />
			</anchored>
			<state icon="combobox_button" />
			<state icon="combobox_button_active" />
			<script>
				function onValueChanged()
					local bEdit = (getValue() == 1);
					window.filter_category_label.setVisible(not bEdit);
					window.list_category.setVisible(bEdit);
					window.scroll_category.setVisible(bEdit);

					if Session.IsHost then
						window.button_category_iedit.setValue(0);
						window.button_category_iedit.setVisible(bEdit);
						window.button_category_iadd.setVisible(bEdit);
					end
				end
			</script>
		</buttoncontrol>
	</template>
	<template name="masterindex_category_iedit">
		<button_iedit_base name="button_category_iedit">
			<anchored to="button_category_detail" position="belowleft" />
			<invisible />
			<script>
				function onValueChanged()
					WindowManager.onEditModeChanged(window.list_category);
				end
			</script>
		</button_iedit_base>
	</template>
	<template name="masterindex_category_iadd">
		<button_iadd_base name="button_category_iadd">
			<anchored to="button_category_iedit" position="belowleft" offset="0,5" />
			<tooltip textres="masterindex_button_category_add" />
			<invisible />
			<script>
				function onButtonPress()
					WindowManager.callOuterWindowFunction(window, "handleCategoryAdd");
				end
			</script>
		</button_iadd_base>
	</template>
	<template name="masterindexcategory_label">
		<simplestringc name="category_label">
			<anchored position="insidetopleft" offset="30,2" height="20">
				<right parent="rightanchor" anchor="left" relation="relative" offset="-5" />
			</anchored>
			<frame name="fielddark" offset="7,3,7,3" hidereadonly="true" />
			<stateframe>
				<keyedit name="fieldfocus" offset="7,3,7,3" />
				<hover name="fieldfocus" offset="7,3,7,3" hidereadonly="true" />
			</stateframe>
			<nodrag />
			<static />
			<delaykeyupdate />
			<droptypes>
				<type>shortcut</type>
			</droptypes>
			<script file="campaign/scripts/masterindexcategory_label.lua" />
		</simplestringc>
	</template>

	<template name="button_storytemplate">
		<button_masterindex_option>
			<state textres="story_button_templates" />
			<script>
				function onButtonPress()
					RecordManager.openRecordIndex("storytemplate");
				end
			</script>
		</button_masterindex_option>
	</template>
	<template name="button_battlerandom">
		<button_masterindex_option>
			<state textres="battle_button_random" />
			<script>
				function onButtonPress()
					RecordManager.openRecordIndex("battlerandom");
				end
			</script>
		</button_masterindex_option>
	</template>
	<template name="button_battle_quickmap">
		<button_masterindex_option>
			<state textres="quickmap_window_title" />
			<script>
				function onButtonPress()
					Interface.openWindow("quickmap", "");
				end
			</script>
		</button_masterindex_option>
	</template>
	<template name="button_add_table_guided">
		<buttoncontrol insertbefore="filter_sharedonly">
			<anchored to="rightanchor" width="20" height="20">
				<top />
				<right anchor="left" relation="relative" offset="-5" />
			</anchored>
			<icon normal="button_add_table_guided" pressed="button_add_table_guided_down" />
			<tooltip textres="table_button_add_guided" />
			<script file="campaign/scripts/table_add.lua" />
		</buttoncontrol>
	</template>

	<template name="button_add_record_import">
		<buttoncontrol insertbefore="filter_sharedonly">
			<anchored to="rightanchor" width="20" height="20">
				<top />
				<right anchor="left" relation="relative" offset="-5" />
			</anchored>
			<icon normal="button_import" pressed="button_import_down" />
			<tooltip textres="button_import" />
		</buttoncontrol>
	</template>
	<template name="button_add_image_import">
		<button_add_record_import>
			<script>
				function onButtonPress()
					CampaignDataManager.importImage();
				end
			</script>
		</button_add_record_import>
	</template>
	<template name="button_add_npc_import">
		<button_add_record_import>
			<script>
				function onButtonPress()
					CampaignDataManager.importNPC();
				end
			</script>
		</button_add_record_import>
	</template>
	<template name="button_add_record_import_text">
		<buttoncontrol insertbefore="filter_sharedonly">
			<anchored to="rightanchor" width="20" height="20">
				<top />
				<right anchor="left" relation="relative" offset="-5" />
			</anchored>
			<icon normal="button_import_text" pressed="button_import_text_down" />
			<tooltip textres="button_import_text" />
		</buttoncontrol>
	</template>
	<template name="button_add_table_import_text">
		<button_add_record_import_text>
			<script>
				function onButtonPress()
					Interface.openWindow("tableimport", "tableimport");
				end
			</script>
		</button_add_record_import_text>
	</template>

	<!-- Common record view or nested record type buttons -->
	<template name="button_masterindex_option">
		<button_text_sm>
			<anchored to="buttonanchor" width="80">
				<top />
				<left anchor="right" relation="relative" offset="5" />
			</anchored>
		</button_text_sm>
	</template>
	<template name="button_masterindex_option_view">
		<button_masterindex_option>
			<script file="campaign/scripts/button_masterindex_option_view.lua" />
		</button_masterindex_option>
	</template>

	<template name="button_item_armor">
		<button_masterindex_option_view>
			<recordtype>item</recordtype>
			<recordview>armor</recordview>
			<recordpath>reference.armor</recordpath>
		</button_masterindex_option_view>
	</template>
	<template name="button_item_weapon">
		<button_masterindex_option_view>
			<recordtype>item</recordtype>
			<recordview>weapon</recordview>
			<recordpath>reference.weapon</recordpath>
		</button_masterindex_option_view>
	</template>
	<template name="button_item_gear">
		<button_masterindex_option_view>
			<recordtype>item</recordtype>
			<recordview>gear</recordview>
			<recordpath>reference.gear</recordpath>
		</button_masterindex_option_view>
	</template>
	<template name="button_item_template">
		<button_masterindex_option>
			<state textres="item_button_template" />
			<script>
				function onButtonPress()
					RecordManager.openRecordIndex("itemtemplate");
				end
			</script>
		</button_masterindex_option>
	</template>

	<template name="button_npc_byletter">
		<button_masterindex_option_view>
			<recordtype>npc</recordtype>
			<recordview>byletter</recordview>
			<recordpath>reference.npcdatabyletter</recordpath>
		</button_masterindex_option_view>
	</template>
	<template name="button_npc_bycr">
		<button_masterindex_option_view>
			<recordtype>npc</recordtype>
			<recordview>bycr</recordview>
			<recordpath>reference.npcdatabycr</recordpath>
		</button_masterindex_option_view>
	</template>
	<template name="button_npc_bytype">
		<button_masterindex_option_view>
			<recordtype>npc</recordtype>
			<recordview>bytype</recordview>
			<recordpath>reference.npcdatabytype</recordpath>
		</button_masterindex_option_view>
	</template>
	<template name="button_npc_bylevel">
		<button_masterindex_option_view>
			<recordtype>npc</recordtype>
			<recordview>bylevel</recordview>
			<recordpath>reference.npcdatabylevel</recordpath>
		</button_masterindex_option_view>
	</template>
	<template name="button_npc_byrole">
		<button_masterindex_option_view>
			<recordtype>npc</recordtype>
			<recordview>byrole</recordview>
			<recordpath>reference.npcdatabyrole</recordpath>
		</button_masterindex_option_view>
	</template>
	<template name="button_npc_byhd">
		<button_masterindex_option_view>
			<recordtype>npc</recordtype>
			<recordview>byhd</recordview>
			<recordpath>reference.npcdatabyhd</recordpath>
		</button_masterindex_option_view>
	</template>

	<template name="button_vehicle_type">
		<button_masterindex_option_view>
			<recordtype>vehicle</recordtype>
			<recordview>bytype</recordview>
		</button_masterindex_option_view>
	</template>
</root>
