<?xml version="1.0" encoding="iso-8859-1"?>

<!--
	Please see the license.html file included with this distribution for
	attribution and copyright information.
-->

<root>
	<template name="button_story_add_advanced">
		<buttoncontrol insertbefore="filter_sharedonly">
			<anchored to="rightanchor" width="20" height="20">
				<top />
				<right anchor="left" relation="relative" offset="-5" />
			</anchored>
			<icon normal="button_add_story_advanced" pressed="button_add_story_advanced_down" />
			<tooltip textres="story_button_add_advanced" />
			<script>
				function onButtonPress()
					if not Session.IsHost then
						return;
					end

					if window.clearFilterValues then
						window.clearFilterValues();
					end
					if window.list_iedit then
						window.list_iedit.setValue(0);
					end

					local node = DB.createChild(StoryManager.DEFAULT_BOOK_CONTENT);
					if node then
						RecordManager.onRecordAddEvent("story", node);
						Interface.openWindow("referencemanualpage", DB.getPath(node));
					end
				end
			</script>
		</buttoncontrol>
	</template>

	<!-- Book - General -->
	<template name="button_story_book_imoveup">
		<buttoncontrol>
			<anchored to="rightanchor" width="10" height="10">
				<top />
				<right anchor="left" relation="relative" offset="-5" />
			</anchored>
			<icon normal="button_ref_moveup" />
			<script>
				function setLockMode(bReadOnly)
					setVisible(not bReadOnly);
				end
				function getLockMode()
					return not isVisible();
				end
			</script>
		</buttoncontrol>
	</template>
	<template name="button_story_book_imovedown">
		<buttoncontrol>
			<anchored to="imoveup" position="belowleft" width="10" height="10" />
			<icon normal="button_ref_movedown" />
			<tooltip textres="story_tooltip_movedown" />
			<script>
				function setLockMode(bReadOnly)
					setVisible(not bReadOnly);
				end
				function getLockMode()
					return not isVisible();
				end
			</script>
		</buttoncontrol>
	</template>

	<!-- Book - Index -->
	<template name="anchor_story_book_index">
		<genericcontrol>
			<anchored to="contentanchor" width="0">
				<top relation="current" />
				<left />
				<bottom to="bottomanchor" relation="current" />
			</anchored>
		</genericcontrol>
	</template>
	<template name="frame_story_book_index">
		<area_content_framed_groupbox>
			<anchored width="340">
				<left parent="anchor_index" relation="relative" offset="15" />
				<right merge="delete" />
			</anchored>
		</area_content_framed_groupbox>
	</template>
	<template name="sub_story_book_index">
		<subwindow>
			<anchored to="frame_index" position="over" />
			<class>story_book_index</class>
			<activate />
			<fastinit />
		</subwindow>
	</template>
	<template name="scrollbar_story_book_index">
		<scrollbar_content_base>
			<anchored to="sub_index" />
			<target>sub_index</target>
		</scrollbar_content_base>
	</template>
	<template name="button_story_book_index_show">
		<buttoncontrol>
			<anchored to="anchor_index" width="20" height="30">
				<top offset="15" />
				<left relation="relative" offset="15" />
			</anchored>
			<state icon="button_ref_index_collapse" />
			<state icon="button_ref_index_expand" />
			<script>
				function onButtonPress()
					StoryManager.onBookIndexTogglePressed(window);
				end
			</script>
		</buttoncontrol>
	</template>

	<template name="anchor_story_book_index_chapter_left">
		<anchor_listitem_left_relative>
			<anchored to="frame" offset="5,10" />
		</anchor_listitem_left_relative>
	</template>
	<template name="anchor_story_book_index_chapter_right">
		<anchor_listitem_right_relative>
			<anchored to="frame" offset="0,10" />
		</anchor_listitem_right_relative>
	</template>
	<template name="anchor_story_book_index_section_left">
		<anchor_listitem_left_relative>
			<anchored to="frame" offset="5,5" />
		</anchor_listitem_left_relative>
	</template>
	<template name="anchor_story_book_index_section_right">
		<anchor_listitem_right_relative>
			<anchored to="frame" offset="0,5" />
		</anchor_listitem_right_relative>
	</template>
	<template name="anchor_story_book_index_page_left">
		<anchor_listitem_left_relative>
			<anchored to="frame" offset="5,0" />
		</anchor_listitem_left_relative>
	</template>
	<template name="anchor_story_book_index_page_right">
		<anchor_listitem_right_relative>
			<anchored to="frame" />
		</anchor_listitem_right_relative>
	</template>

	<template name="button_story_book_index_iadd">
		<button_text>
			<anchored width="120" height="15">
				<left parent="list" offset="5" />
				<top parent="contentanchor" anchor="bottom" relation="relative" offset="5" />
			</anchored>
			<script>
				function onButtonPress()
					StoryManager.onBookIndexAdd(window);
				end
			</script>
		</button_text>
	</template>
	<template name="button_story_book_index_idelete">
		<button_listitem_idelete_left>
			<script>
				function onButtonPress()
					if getValue() == 0 then
						StoryManager.onBookIndexDelete(window);
					end
				end
			</script>
		</button_listitem_idelete_left>
	</template>
	<template name="button_story_book_index_imoveup">
		<button_story_book_imoveup>
			<tooltip textres="story_book_tooltip_index_moveup" />
			<invisible />
			<script>
				function onButtonPress()
					StoryManager.onBookIndexMoveUp(window);
				end
			</script>
		</button_story_book_imoveup>
	</template>
	<template name="button_story_book_index_imovedown">
		<button_story_book_imovedown>
			<tooltip textres="story_book_tooltip_index_movedown" />
			<invisible />
			<script>
				function onButtonPress()
					StoryManager.onBookIndexMoveDown(window);
				end
			</script>
		</button_story_book_imovedown>
	</template>

	<template name="frame_story_book_index_chapter">
		<area_content_top name="frame">
			<anchored height="40" />
			<frame name="reference-chapter" />
		</area_content_top>
	</template>
	<template name="frame_story_book_index_section">
		<area_content_top name="frame">
			<anchored height="30" />
			<frame name="reference-section" />
		</area_content_top>
	</template>
	<template name="frame_story_book_index_page">
		<area_content_top name="frame">
			<anchored height="20" />
		</area_content_top>
	</template>

	<template name="string_story_book_index_chapter_name">
		<stringfield>
			<anchored height="20">
				<top parent="frame" offset="10" />
				<left parent="leftanchor" anchor="right" relation="relative" offset="5" />
				<right parent="rightanchor" anchor="left" relation="relative" offset="-5" />
			</anchored>
			<font>reference-chapter</font>
			<empty textres="story_book_index_empty_chapter_name" hidereadonly="true" />
			<nodrag />
			<script file="campaign/scripts/story_book_index_chapter_name.lua" />
		</stringfield>
	</template>
	<template name="string_story_book_index_section_name">
		<stringfield>
			<anchored>
				<top parent="frame" offset="7" />
				<left parent="leftanchor" anchor="right" relation="relative" offset="5" />
				<right parent="rightanchor" anchor="left" relation="relative" offset="-5" />
			</anchored>
			<font>reference-section</font>
			<empty textres="story_book_index_empty_section_name" hidereadonly="true" />
			<nodrag />
			<script file="campaign/scripts/story_book_index_section_name.lua" />
		</stringfield>
	</template>
	<template name="string_story_book_index_page_name">
		<stringfield>
			<anchored height="20">
				<top parent="frame" />
				<left parent="leftanchor" anchor="right" relation="relative" offset="5" />
				<right parent="rightanchor" anchor="left" relation="relative" offset="-5" />
			</anchored>
			<font>reference-r</font>
			<empty textres="story_book_index_empty_article_name" hidereadonly="true" />
			<nodrag />
			<script file="campaign/scripts/story_book_index_page_name.lua" />
		</stringfield>
	</template>

	<template name="list_story_book_index_base">
		<windowlist name="list">
			<anchored to="contentanchor">
				<top anchor="bottom" relation="relative" offset="0" />
				<left />
				<right parent="" />
			</anchored>
			<sortby><field>order</field></sortby>
			<noscroll />
			<readonly />
			<script>
				function onFilter(w)
					return (w.hidden.getValue() == 0);
				end
			</script>
		</windowlist>
	</template>
	<template name="list_story_book_index_chapters">
		<list_story_book_index_base>
			<anchored>
				<top offset="5" />
			</anchored>
			<class>story_book_index_chapter</class>
			<datasource>.chapters</datasource>
		</list_story_book_index_base>
	</template>
	<template name="list_story_book_index_sections">
		<list_story_book_index_base>
			<anchored>
				<left offset="10" />
			</anchored>
			<datasource>.subchapters</datasource>
			<class>story_book_index_section</class>
		</list_story_book_index_base>
	</template>
	<template name="list_story_book_index_pages">
		<list_story_book_index_base>
			<anchored>
				<left offset="10" />
			</anchored>
			<datasource>.refpages</datasource>
			<class>story_book_index_page</class>
		</list_story_book_index_base>
	</template>

	<template name="filter_story_book_index">
		<filter>
			<anchored to="area_controls" position="insidetopleft" offset="25,5" height="20">
				<right parent="sub_index" offset="5" />
			</anchored>
			<script>
				function onValueChanged()
					if super.onValueChanged then
						super.onValueChanged();
					end
					StoryManager.onBookIndexFilterChanged(WindowManager.getTopWindow(window));
				end
			</script>
		</filter>
	</template>

	<!-- Book - Content Display -->
	<template name="frame_story_book_content">
		<area_content_framed_groupbox>
			<anchored>
				<left parent="anchor_index" relation="relative" offset="15" />
			</anchored>
		</area_content_framed_groupbox>
	</template>
	<template name="sub_story_book_content">
		<subwindow>
			<anchored to="frame_content" position="over" />
			<noscroll />
			<activate />
		</subwindow>
	</template>
	<template name="sub_story_book_paging">
		<subwindow>
			<anchored to="area_controls" position="over">
				<left parent="content" />
			</anchored>
			<class>record_paging_story_book</class>
			<activate />
			<fastinit />
		</subwindow>
	</template>

	<!-- Story (Advanced) - Content -->
	<template name="ft_story_advanced_text_legacy">
		<simpleft name="text_legacy" source="text" insertbefore="blocks">
			<anchored to="contentanchor">
				<left offset="20" />
				<right offset="-20" />
				<top relation="relative" offset="0" postoffset="0" />
			</anchored>
			<readonly />
			<script>
				function onLinkActivated(sClass, sRecord)
					StoryManager.onLinkActivated(window, sClass, sRecord);
				end
			</script>
		</simpleft>
	</template>
	<template name="list_story_blocks">
		<windowlist>
			<anchored to="contentanchor">
				<top anchor="bottom" relation="relative" />
				<left />
				<right />
			</anchored>
			<anchored position="insidetop" />
			<class>story_block</class>
			<datasource>.blocks</datasource>
			<sortby><field>order</field></sortby>
			<readonly />
			<noscroll />
			<script>
				function onDrop(x, y, draginfo)
					return StoryManager.onBlockDrop(getWindowAt(x, y), draginfo);
				end
			</script>
		</windowlist>
	</template>
	<template name="footer_story_blocks">
		<genericcontrol name="footer">
			<anchored to="contentanchor" height="26">
				<top anchor="bottom" relation="relative" />
				<left />
				<right />
			</anchored>
			<icon>footer_wide</icon>
		</genericcontrol>
	</template>

	<template name="anchor_story_block_iadd_right">
		<genericcontrol name="rightanchor_add">
			<anchored to="contentanchor" width="0" height="20">
				<top anchor="bottom" relation="relative" />
				<right anchor="center" offset="95" />
			</anchored>
			<disabled />
			<invisible />
		</genericcontrol>
	</template>
	<template name="button_story_block_iadd">
		<buttoncontrol>
			<anchored to="rightanchor_add" width="20" height="20">
				<top />
				<right anchor="left" relation="relative" offset="-10" />
			</anchored>
			<state frame="button_ref_block_add_base" />
			<invisible />
			<script>
				function onInit()
					setColor(StoryManager.getBlockButtonIconColor());
					setIcons("button_ref_block_" .. blocktype[1]);
					setTooltipText(Interface.getString("story_tooltip_block_" .. blocktype[1]));
				end
				function onButtonPress()
					StoryManager.onBlockAdd(window, blocktype[1]);
				end
			</script>
		</buttoncontrol>
	</template>
	<template name="button_story_block_ireorder">
		<button_listitem_ireorder_right>
			<anchored width="20" height="20" />
			<icon normal="reorder" pressed="reorder_down" />
			<tooltip textres="story_tooltip_block_move" />
			<invisible />
			<script>
				function onButtonPress()
					if Input.isShiftPressed() then
						StoryManager.onBlockMoveUp(window);
					elseif Input.isControlPressed() then
						StoryManager.onBlockMoveDown(window);
					end
				end
			</script>
		</button_listitem_ireorder_right>
	</template>
	<template name="spacer_story_block_image_scale">
		<spacer_listitem_left name="spacer_image_scale">
			<anchored width="25" />
		</spacer_listitem_left>
	</template>
	<template name="button_story_block_image_scaleup">
		<button_listitem_base name="button_image_scaleup">
			<anchored to="spacer_image_scale" position="insidetopleft" offset="0,0" />
			<state frame="button_ref_block_add_base" icon="button_ref_block_image_scaleup" tooltipres="story_tooltip_block_image_scaleup" />
			<script>
				function onInit()
					setColor(StoryManager.getBlockButtonIconColor());
				end
				function onButtonPress()
					StoryManager.onBlockScaleUp(window);
				end
			</script>
		</button_listitem_base>
	</template>
	<template name="button_story_block_image_scaledown">
		<button_listitem_base name="button_image_scaledown">
			<anchored to="spacer_image_scale" position="insidetopleft" offset="0,20" />
			<state frame="button_ref_block_add_base" icon="button_ref_block_image_scaledown" tooltipres="story_tooltip_block_image_scaledown" />
			<script>
				function onInit()
					setColor(StoryManager.getBlockButtonIconColor());
				end
				function onButtonPress()
					StoryManager.onBlockScaleDown(window);
				end
			</script>
		</button_listitem_base>
	</template>
	<template name="button_story_block_image_sizeclear">
		<buttonc_listitem_right name="button_image_sizeclear">
			<state frame="button_ref_block_add_base" icon="button_ref_block_image_sizeclear" tooltipres="story_tooltip_block_image_sizeclear" />
			<script>
				function onInit()
					setColor(StoryManager.getBlockButtonIconColor());
				end
				function onButtonPress()
					StoryManager.onBlockSizeClear(window);
				end
			</script>
		</buttonc_listitem_right>
	</template>
	<template name="button_story_block_frameselect">
		<buttonc_listitem_left name="button_frameselect">
			<state frame="button_ref_block_add_base" icon="button_ref_block_frame" tooltipres="story_tooltip_block_frame" />
			<script>
				function onInit()
					setColor(StoryManager.getBlockButtonIconColor());
				end
				function onButtonPress()
					local sBlockAlign = window.parentcontrol.getName():gsub("block_", "");
					local bLeft = sBlockAlign == "left";
					--local bLeft = (frameleft ~= nil);
					local w = Interface.openWindow("frameselect", "");
					if w then
						w.setBlockData(window.parentcontrol.window, bLeft);
					end
				end
			</script>
		</buttonc_listitem_left>
	</template>

	<template name="header_story_block">
		<string_listitem_center_noframe_static name="header">
			<font>reference-page-header</font>
			<multilinespacing>28</multilinespacing>
			<center />
			<empty textres="ft_empty" hidereadonly="true" />
		</string_listitem_center_noframe_static>
	</template>
	<template name="ft_story_block">
		<simpleft>
			<anchored to="rightanchor">
				<top />
				<left parent="leftanchor" relation="current" offset="10" />
				<right relation="current" offset="-10" />
			</anchored>
			<empty textres="ft_empty" hidereadonly="true" />
			<script>
				function onLinkActivated(sClass, sRecord)
					StoryManager.onLinkActivated(window, sClass, sRecord);
				end
			</script>
		</simpleft>
	</template>
	<template name="image_story_block">
		<genericcontrol>
			<anchored>
				<top />
				<left parent="leftanchor" relation="current" />
				<right parent="rightanchor" relation="current" />
			</anchored>
			<drawmode>fit</drawmode>
			<script>
				local bInitialized = false;
				function setData(sAsset)
					setAsset(sAsset);
					bInitialized = true;
				end
				function onAssetUpdate(sAsset)
					if bInitialized then
						StoryManager.rebuildBlockContentImage(window);
					end
				end
				function onDragStart(button, x, y, draginfo)
					return StoryManager.onImageDrag(window, draginfo);
				end
				function onClickDown()
					return true;
				end
				function onClickRelease()
					StoryManager.onImagePressed(window);
					return true;
				end
			</script>
		</genericcontrol>
	</template>
	<template name="string_story_block_image_caption">
		<stringfield name="caption">
			<anchored to="image" position="below" />
			<font>reference-b</font>
			<multilinespacing>20</multilinespacing>
			<center />
			<underline />
			<script>
				function onDragStart(button, x, y, draginfo)
					return StoryManager.onImageDrag(window, draginfo);
				end
				function onClickDown()
					if isReadOnly() then
						return true;
					end
				end
				function onClickRelease()
					if isReadOnly() then
						StoryManager.onImagePressed(window);
						return true;
					end
				end
			</script>
		</stringfield>
	</template>
	<template name="icon_story_block">
		<genericcontrol>
			<anchored>
				<top />
				<left parent="leftanchor" relation="relative" offset="10" />
			</anchored>
			<disabled />
			<script>
				local bInitialized = false;
				function setData(sAsset)
					setIcon(sAsset);
					bInitialized = true;
				end
				function onAssetUpdate(sAsset)
					if bInitialized then
						StoryManager.rebuildBlockContentImage(window);
					end
				end
			</script>
		</genericcontrol>
	</template>
</root>
