<?xml version="1.0" encoding="iso-8859-1"?>

<!-- 
  Please see the license.html file included with this distribution for 
  attribution and copyright information.
-->

<root version="3.0" release="8.1" logo="logo.png">
	<announcement text="Dungeons and Dragons (5E) ruleset (2025-11-04) for Fantasy Grounds\rCopyright 2025 Smiteworks USA, LLC" font="emotefont" icon="rulesetlogo_CoreRPG" />

	<!-- Attributes -->
	<description>
		<displayname>Dungeons and Dragons</displayname>
		<displayversion>5E</displayversion>
		<text>Dungeons &amp; Dragons fifth edition ruleset</text>
		<author>SmiteWorks USA, LLC</author>
	</description>

	<!-- Layers -->
	<importruleset source="CoreRPG" />

	<!-- Tabletop settings -->
	<includefile source="gameelements.xml" />

	<!-- Graphics -->
	<includefile source="graphics/graphics_icons.xml" />
	<includefile source="graphics/graphics_buttons.xml" />

	<!-- Strings -->
	<includefile source="strings/strings_5e.xml" />
	<includefile source="strings/strings_5E_char_build.xml" />

	<!-- Desktop -->
	<script name="Desktop5E" file="scripts/data_desktop_5E.lua" />
	<script name="LibraryData5E" file="scripts/data_library_5E.lua" />
	<script name="Options5E" file="scripts/data_options_5E.lua" />
	<includefile source="desktop/desktop_classes.xml" />

	<!-- Utility -->
	<includefile source="utility/utility_effects.xml" />

	<!-- Reference -->
	<includefile source="ref/ref_equipment_list.xml" />
	<includefile source="ref/ref_feat_list.xml" />

	<!-- Campaign Records -->
	<includefile source="campaign/template_campaign.xml" />
	<includefile source="campaign/template_char.xml" />
	<includefile source="campaign/template_power.xml" />

	<includefile source="campaign/campaign_chars.xml" />
	<includefile source="campaign/record_char.xml" />
	<includefile source="campaign/record_char_abilities.xml" />
	<includefile source="campaign/record_char_actions.xml" />
	<includefile source="campaign/record_char_inventory.xml" />
	<includefile source="campaign/record_char_logs.xml" />
	<includefile source="campaign/record_char_main.xml" />
	<includefile source="campaign/record_char_notes.xml" />
	<includefile source="campaign/record_char_powers.xml" />
	<includefile source="campaign/record_char_skills.xml" />
	<includefile source="campaign/record_char_weapon.xml" />

	<includefile source="campaign/record_battle.xml" />
	<includefile source="campaign/record_item.xml" />
	<includefile source="campaign/record_itemtemplate.xml" />
	<includefile source="campaign/record_location.xml" />
	<includefile source="campaign/record_npc.xml" />
	<includefile source="campaign/record_quest.xml" />
	<includefile source="campaign/record_vehicle.xml" />

	<includefile source="campaign/record_ability.xml" />
	<includefile source="campaign/record_adventure.xml" />
	<includefile source="campaign/record_background.xml" />
	<includefile source="campaign/record_class.xml" />
	<includefile source="campaign/record_class_specialization.xml" />
	<includefile source="campaign/record_class_spell_view.xml" />
	<includefile source="campaign/record_class_spell_list.xml" />
	<includefile source="campaign/record_feat.xml" />
	<includefile source="campaign/record_power.xml" />
	<includefile source="campaign/record_power_roll.xml" />
	<includefile source="campaign/record_race.xml" />
	<includefile source="campaign/record_race_subrace.xml" />
	<includefile source="campaign/record_skill.xml" />

	<!-- Import Windows -->
	<includefile source="campaign/import_item.xml" />
	<includefile source="campaign/import_npc.xml" />
	<includefile source="campaign/import_species.xml" />
	<script name="ImportItemManager" file="scripts/manager_import_item.lua" />
	<script name="ImportNPCManager" file="scripts/manager_import_npc.lua" />
	<script name="ImportSpeciesManager" file="scripts/manager_import_species.lua" />

	<!-- Character Wizard -->
	<script name="CharWizardManager" file="charwizard/scripts/manager_charwizard.lua" />
	<script name="CharWizardDecisionManager" file="charwizard/scripts/manager_charwizard_decision.lua" />
	<script name="CharWizardSpeciesManager" file="charwizard/scripts/manager_charwizard_species.lua" />
	<script name="CharWizardClassManager" file="charwizard/scripts/manager_charwizard_class.lua" />
	<script name="CharWizardAbilitiesManager" file="charwizard/scripts/manager_charwizard_abilities.lua" />
	<script name="CharWizardBackgroundManager" file="charwizard/scripts/manager_charwizard_background.lua" />
	<script name="CharWizardEquipmentManager" file="charwizard/scripts/manager_charwizard_equipment.lua" />
	<script name="CharWizardData" file="charwizard/scripts/data_charwizard.lua" />
	<script name="CharWizardDataAction" file="charwizard/scripts/data_charwizard_action.lua" />

	<includefile source="charwizard/template_charwizard.xml" />
	<includefile source="charwizard/record_charwizard.xml" />
	<includefile source="charwizard/record_charwizard_levelup.xml" />
	<includefile source="charwizard/record_charwizard_commit.xml" />

	<includefile source="charwizard/record_charwizard_abilities.xml" />
	<includefile source="charwizard/record_charwizard_background.xml" />
	<includefile source="charwizard/record_charwizard_class.xml" />
	<includefile source="charwizard/record_charwizard_equipment.xml" />
	<includefile source="charwizard/record_charwizard_species.xml" />

	<!-- Forge -->
	<includefile source="forge/template_forge.xml" />
	<includefile source="forge/forge_item.xml" />

	<!-- Combat tracker -->
	<includefile source="ct/template_ct.xml" />
	<includefile source="ct/ct_host.xml" />
	<includefile source="ct/ct_host_entry.xml" />
	<includefile source="ct/ct_host_entry_section.xml" />
	<includefile source="ct/ct_client.xml" />
	<includefile source="ct/ct_client_entry.xml" />
	<includefile source="ct/ct_client_entry_section.xml" />

	<!-- Party sheet -->
	<includefile source="ps/template_ps.xml" />
	<includefile source="ps/ps_main.xml" />
	<includefile source="ps/ps_xp.xml" />
	<includefile source="ps/ps_bastion.xml" />

	<!-- High-level scripts -->
	<script name="DataCommon" file="scripts/data_common.lua" />
	<script name="GameSystem" file="scripts/manager_gamesystem.lua" />
	<script name="CampaignDataManager2" file="scripts/manager_campaigndata2.lua" />
	<script name="DataSpell" file="scripts/data_spell.lua" />

	<script name="CharacterListManager_Inspiration" file="scripts/manager_charlist_inspiration.lua" />

	<script name="ActorManager5E" file="scripts/manager_actor_5E.lua" />
	<script name="ClassSpellListManager" file="scripts/manager_class_spell_list.lua" />
	<script name="CombatManager2" file="scripts/manager_combat2.lua" />
	<script name="DiceManager5E" file="scripts/manager_dice_5E.lua" />
	<script name="EffectManager5E" file="scripts/manager_effect_5E.lua" />
	<script name="ForgeManagerItem" file="scripts/manager_forge_item.lua" />
	<script name="ItemManager2" file="scripts/manager_item2.lua" />
	<script name="PartyManager2" file="scripts/manager_ps2.lua" />
	<script name="PowerManager" file="scripts/manager_power.lua" />
	<script name="PowerManager5E" file="scripts/manager_power_5E.lua" />
	<script name="RecordManager5E"  file="scripts/manager_record_5E.lua" />
	<script name="RecordShareManager5E" file="scripts/manager_record_share_5E.lua" />
	<script name="TokenManager2" file="scripts/manager_token2.lua" />
	<script name="VersionManager2" file="scripts/manager_version2.lua" />

	<script name="CharManager" file="scripts/manager_char.lua" />
	<script name="CharArmorManager" file="scripts/manager_char_armor.lua" />
	<script name="CharAttunementManager" file="scripts/manager_char_attunement.lua" />
	<script name="CharBackgroundManager" file="scripts/manager_char_background.lua" />
	<script name="CharBastionManager" file="scripts/manager_char_bastion.lua" />
	<script name="CharBuildManager" file="scripts/manager_char_build.lua" />
	<script name="CharBuildDropManager" file="scripts/manager_char_build_drop.lua" />
	<script name="CharClassManager" file="scripts/manager_char_class.lua" />
	<script name="CharEncumbranceManager5E" file="scripts/manager_char_encumbrance_5E.lua" />
	<script name="CharFeatManager" file="scripts/manager_char_feat.lua" />
	<script name="CharPowerManager" file="scripts/manager_char_power.lua" />
	<script name="CharSpeciesManager" file="scripts/manager_char_species.lua" />
	<script name="CharWeaponManager" file="scripts/manager_char_weapon.lua" />

	<script name="ActionsManager2" file="scripts/manager_actions2.lua" />
	<script name="ActionGeneral" file="scripts/manager_action_general.lua" />

	<script name="ActionAttack" file="scripts/manager_action_attack.lua" />
	<script name="ActionCheck" file="scripts/manager_action_check.lua" />
	<script name="ActionDamage" file="scripts/manager_action_damage.lua" />
	<script name="ActionHeal" file="scripts/manager_action_heal.lua" />
	<script name="ActionInit" file="scripts/manager_action_init.lua" />
	<script name="ActionPower" file="scripts/manager_action_power.lua" />
	<script name="ActionRecharge" file="scripts/manager_action_recharge.lua" />
	<script name="ActionRecovery" file="scripts/manager_action_recovery.lua" />
	<script name="ActionSave" file="scripts/manager_action_save.lua" />
	<script name="ActionSkill" file="scripts/manager_action_skill.lua" />
</root>