<?xml version="1.0" encoding="iso-8859-1"?>

<!--
  Please see the license.html file included with this distribution for
  attribution and copyright information.
-->

<root>
	<!-- Old style reference group windows -->
	<windowclass name="reference_groupindex_window">
		<frame>referencelist</frame>
		<sizelimits>
			<minimum width="450" height="450" />
			<dynamic />
		</sizelimits>
		<minimize>minimized_reference</minimize>
		<tooltip field="description" />
		<sheetdata>
			<windowtitlebar_referencelist name="title">
				<field>description</field>
			</windowtitlebar_referencelist>
			<windowmenubar_referencelist name="menubar" />

			<anchor_content_referencelist_top name="contentanchor" />
			<anchor_content_referencelist_bottom name="bottomanchor" />

			<filter_content_grouped_bottom name="filter" />
			<button_content_grouped_expand name="button_expand" />
			<button_content_grouped_collapse name="button_collapse" />

			<list_content_framed_groupbox name="grouplist">
				<datasource>.groups</datasource>
				<class>reference_groupindex_group</class>
			</list_content_framed_groupbox>
			<scrollbar_content_grouplist name="scrollbar_grouplist" />

			<resize_referencelist />
		</sheetdata>
	</windowclass>
	<windowclass name="reference_groupindex_labeled_window">
		<frame>referencelist</frame>
		<sizelimits>
			<minimum width="450" height="650" />
			<dynamic />
		</sizelimits>
		<minimize>minimized_reference</minimize>
		<tooltip field="description" />
		<sheetdata>
			<windowtitlebar_referencelist name="title">
				<field>description</field>
			</windowtitlebar_referencelist>
			<windowmenubar_referencelist name="menubar" />

			<anchor_content_referencelist_top name="contentanchor" />
			<anchor_content_referencelist_bottom name="bottomanchor" />

			<filter_content_grouped_bottom name="filter" />
			<button_content_grouped_expand name="button_expand" />
			<button_content_grouped_collapse name="button_collapse" />

			<list_content_labeled_framed_groupbox name="grouplist">
				<datasource>.groups</datasource>
				<class>reference_groupindex_group</class>
			</list_content_labeled_framed_groupbox>
			<scrollbar_content_grouplist name="scrollbar_grouplist" />

			<anchor_list_content_label_left name="labelleftanchor">
				<anchored to="grouplist" />
			</anchor_list_content_label_left>
			<anchor_list_content_label_right name="labelrightanchor">
				<anchored to="grouplist" />
			</anchor_list_content_label_right>

			<resize_referencelist />
		</sheetdata>
	</windowclass>
	<windowclass name="reference_groupindex_group">
		<script file="ref/scripts/ref_listgroup.lua" />
		<sheetdata>
			<anchor_content_top name="contentanchor" />

			<header_content_groupdesc name="header" />
			<list_content_groupitems name="list">
				<datasource>.index</datasource>
				<class>reference_groupindex_item</class>
			</list_content_groupitems>
		</sheetdata>
	</windowclass>
	<windowclass name="reference_groupindex_item">
		<margins control="0,0,0,2" />
		<sheetdata>
			<anchor_listitem_left_sm />
			<anchor_listitem_right_sm />

			<link_listitem_left name="link" />

			<stringc_listitem_center_noframe_static_linked name="name" />
		</sheetdata>
	</windowclass>

	<!-- Old text reference windows -->
	<windowclass name="referencetext" copy="record_window_text" />
	<windowclass name="referencetextwide" copy="record_window_text" />

	<!-- Old generic lists -->
	<windowclass name="referenceindex">
		<frame>referencelist</frame>
		<placement>
			<size width="400" height="500" />
		</placement>
		<sizelimits>
			<dynamic />
		</sizelimits>
		<minimize>minimized_reference</minimize>
		<tooltip field="name" />
		<sheetdata>
			<windowtitlebar_referencelist name="title">
				<field>name</field>
			</windowtitlebar_referencelist>
			<windowmenubar_referencelist name="menubar" />

			<anchor_content_referencelist_top />
			<anchor_content_referencelist_bottom />

			<filter_content_bottom />

			<list_content_framed_groupbox_alternating_filtered>
				<datasource>.index</datasource>
				<class>referenceindexitem</class>
				<readonly />
			</list_content_framed_groupbox_alternating_filtered>
			<scrollbar_content_list />

			<resize_referencelist />
		</sheetdata>
	</windowclass>
	<windowclass name="referenceindexsorted">
		<frame>referencelist</frame>
		<placement>
			<size width="400" height="500" />
		</placement>
		<sizelimits>
			<dynamic />
		</sizelimits>
		<minimize>minimized_reference</minimize>
		<tooltip field="name" />
		<sheetdata>
			<windowtitlebar_referencelist name="title">
				<field>name</field>
			</windowtitlebar_referencelist>
			<windowmenubar_referencelist name="menubar" />

			<anchor_content_referencelist_top />
			<anchor_content_referencelist_bottom />

			<filter_content_bottom />

			<list_content_framed_groupbox_alternating_filtered>
				<datasource>.index</datasource>
				<class>referenceindexitem</class>
				<sortby><field>name</field></sortby>
				<readonly />
			</list_content_framed_groupbox_alternating_filtered>
			<scrollbar_content_list />

			<resize_referencelist />
		</sheetdata>
	</windowclass>
	<windowclass name="referenceindexitem">
		<margins control="0,0,0,2" />
		<sheetdata>
			<anchor_listitem_left_sm />
			<anchor_listitem_right_sm />

			<link_listitem_left name="listlink" />
			<string_listitem_center_noframe_static_linked name="name">
				<linktarget>listlink</linktarget>
			</string_listitem_center_noframe_static_linked>
		</sheetdata>
	</windowclass>

	<!-- Old inline text lists -->
	<windowclass name="referenceinlineindex">
		<frame>referencelist</frame>
		<placement>
			<size width="400" height="500" />
		</placement>
		<sizelimits>
			<dynamic />
		</sizelimits>
		<minimize>minimized_reference</minimize>
		<tooltip field="description" />
		<sheetdata>
			<windowtitlebar_referencelist name="title">
				<field>name</field>
			</windowtitlebar_referencelist>
			<windowmenubar_referencelist name="menubar" />

			<anchor_content_referencelist_top />
			<anchor_content_referencelist_bottom />

			<list_content_framed_groupbox_alternating>
				<datasource>.index</datasource>
				<class>referenceinlineindexitem</class>
				<readonly />
			</list_content_framed_groupbox_alternating>
			<scrollbar_content_list />

			<resize_referencelist />
		</sheetdata>
	</windowclass>
	<windowclass name="referenceinlineindexitem">
		<margins control="0,0,0,2" />
		<sheetdata>
			<anchor_content_top />

			<string_content_noframe_static_top name="name">
				<font>sheetlabel</font>
				<underline />
				<script>
					function onClickDown(button, x, y)
						return true;
					end
					function onClickRelease(button, x, y)
						window.text.setVisible(not window.text.isVisible());
						return true;
					end
				</script>
			</string_content_noframe_static_top>
			<ft_content_noframe_static_top name="text">
				<invisible />
			</ft_content_noframe_static_top>
		</sheetdata>
	</windowclass>

	<!-- Old basic lists -->
	<windowclass name="reference_colindex" copy="reference_groupindex_window" />
</root>
