<?xml version="1.0" encoding="iso-8859-1"?>

<!--
  Please see the license.html file included with this distribution for
  attribution and copyright information.
-->

<root version="3.0" release="7" logo="logo.png">
	<announcement text="Core RPG ruleset (2025-10-29) for Fantasy Grounds\rCopyright 2025 Smiteworks USA, LLC" font="emotefont" icon="rulesetlogo_CoreRPG" />

	<!-- Attributes -->
	<description>
		<displayname>Core RPG</displayname>
		<author>SmiteWorks USA, LLC</author>
		<website>https://www.fantasygrounds.com</website>
	</description>

	<!-- Tabletop settings -->
	<includefile source="gameelements.xml" />

	<!-- Graphics -->
	<includefile source="graphics/graphics_buttons.xml" />
	<includefile source="graphics/graphics_dice.xml" />
	<includefile source="graphics/graphics_fonts.xml" />
	<includefile source="graphics/graphics_frames.xml" />
	<includefile source="graphics/graphics_icons.xml" />
	<includefile source="graphics/graphics_portraits.xml" />
	<includefile source="graphics/graphics_radial.xml" />
	<includefile source="graphics/graphics_ref.xml" />
	<includefile source="graphics/graphics_sidebar.xml" />
	<includefile source="graphics/graphics_tabs.xml" />

	<!-- String resources -->
	<includefile source="strings/strings_common.xml" />
	<includefile source="strings/strings_dice.xml" />
	<includefile source="strings/strings_sound.xml" />
	<includefile source="strings/strings_utility.xml" />
	<includefile source="strings/strings_campaign.xml" />
	<includefile source="strings/strings_ct.xml" />
	<includefile source="strings/strings_ps.xml" />

	<!-- Common templates -->
	<includefile source="common/template_common.xml" />

	<includefile source="common/template_buttons.xml" />
	<includefile source="common/template_column.xml" />
	<includefile source="common/template_lists.xml" />
	<includefile source="common/template_records.xml" />
	<includefile source="common/template_select.xml" />
	<includefile source="common/template_toolbar.xml" />
	<includefile source="common/template_windows.xml" />
	<includefile source="common/template_windows_menu.xml" />

	<includefile source="common/template_legacy.xml" />

	<!-- Layout templates -->
	<includefile source="layout/template_layout.xml" />

	<!-- NOTE: Initialize window menu toolbar settings before any other scripts run. -->
	<script name="WindowMenuManager" file="scripts/manager_window_menu.lua" />

	<!-- Global scripts -->
	<script name="AssetManager" file="scripts/manager_asset.lua" />
	<script name="AssetWindowManager" file="scripts/manager_asset_window.lua" />
	<script name="ChatManager" file="scripts/manager_chat.lua" />
	<script name="ChatIdentityManager" file="scripts/manager_chat_identity.lua" />
	<script name="ColorManager" file="scripts/manager_color.lua" />
	<script name="DesktopManager" file="scripts/manager_desktop.lua" />
	<script name="DecalManager" file="scripts/manager_decal.lua" />
	<script name="Desktop" file="scripts/data_desktop.lua" />
	<script name="DialogManager" file="scripts/manager_dialog.lua" />
	<script name="DiceManager" file="scripts/manager_dice.lua" />
	<script name="DiceRollManager" file="scripts/manager_dice_roll.lua" />
	<script name="DiceSkinData" file="scripts/data_diceskin.lua" />
	<script name="DiceSkinManager" file="scripts/manager_diceskin.lua" />
	<script name="ExportManager" file="scripts/manager_export.lua" />
	<script name="GmIdentityManager" file="scripts/manager_gmidentity.lua" />
	<script name="ImportUtilityManager" file="scripts/manager_import_utility.lua" />
	<script name="LibraryData" file="scripts/data_library.lua" />
	<script name="ListManager" file="scripts/manager_list.lua" />
	<script name="ModuleManager" file="scripts/manager_module.lua" />
	<script name="OOBManager" file="scripts/manager_oob.lua" />
	<script name="OptionsManager" file="scripts/manager_options.lua" />
	<script name="OptionsCore" file="scripts/data_options_core.lua" />
	<script name="RecordManager" file="scripts/manager_record.lua" />
	<script name="RecordAssetManager" file="scripts/manager_record_asset.lua" />
	<script name="RecordDataManager" file="scripts/manager_record_data.lua" />
	<script name="RecordIndexManager" file="scripts/manager_record_index.lua" />
	<script name="RecordIndexViewManager" file="scripts/manager_record_index_view.lua" />
	<script name="RecordShareManager" file="scripts/manager_record_share.lua" />
	<script name="RecordShareManagerCore" file="scripts/manager_record_share_core.lua" />
	<script name="SoundManager" file="scripts/manager_sound.lua" />
	<script name="SoundManagerSyrinscape" file="scripts/manager_sound_syrinscape.lua" />
	<script name="SoundManagerFile" file="scripts/manager_sound_file.lua"/>
	<script name="SetManager" file="scripts/manager_set.lua" />
	<script name="StringManager" file="scripts/manager_string.lua" />
	<script name="StringUTF8Manager" file="scripts/manager_string_utf8.lua" />
	<script name="ToolbarManager" file="scripts/manager_toolbar.lua" />
	<script name="UserManager" file="scripts/manager_user.lua" />
	<script name="UtilityManager" file="scripts/manager_utility.lua" />
	<script name="VersionManager" file="scripts/manager_version.lua" />
	<script name="VersionManager2" file="scripts/manager_version2.lua" />
	<script name="WindowManager" file="scripts/manager_window.lua" />
	<script name="WindowTabManager" file="scripts/manager_window_tab.lua" />

	<script name="ActorManager" file="scripts/manager_actor.lua" />
	<script name="ActorCommonManager" file="scripts/manager_actor_common.lua" />
	<script name="ActorDisplayManager" file="scripts/manager_actor_display.lua" />
	<script name="ActorHealthManager" file="scripts/manager_actor_health.lua" />
	<script name="ActionsManager" file="scripts/manager_actions.lua" />
	<script name="CalendarManager" file="scripts/manager_calendar.lua" />
	<script name="CombatManager" file="scripts/manager_combat.lua" />
	<script name="CombatDropManager" file="scripts/manager_combat_drop.lua" />
	<script name="CombatFormationManager" file="scripts/manager_combat_formation.lua" />
	<script name="CombatRecordManager" file="scripts/manager_combat_record.lua" />
	<script name="CombatManager2" file="scripts/manager_combat2.lua" />
	<script name="CurrencyManager" file="scripts/manager_currency.lua" />
	<script name="EffectManager" file="scripts/manager_effect.lua" />
	<script name="GameSystem" file="scripts/manager_gamesystem.lua" />
	<script name="LanguageManager" file="scripts/manager_language.lua" />
	<script name="ManualRollManager" file="scripts/manager_manualrolls.lua" />
	<script name="ModifierManager" file="scripts/manager_modifier.lua" />
	<script name="PartyManager" file="scripts/manager_ps.lua" />
	<script name="PartyFormationManager" file="scripts/manager_party_formation.lua" />
	<script name="PartyLootManager" file="scripts/manager_ps_loot.lua" />
	<script name="PartyXPManager" file="scripts/manager_party_xp.lua" />
	<script name="TargetingManager" file="scripts/manager_targeting.lua" />
	<script name="TokenManager" file="scripts/manager_token.lua" />
	<script name="TokenMoveManager" file="scripts/manager_token_move.lua" />
	<script name="VisionManager" file="scripts/manager_vision.lua" />

	<script name="CampaignDataManager" file="scripts/manager_campaigndata.lua" />
	<script name="CharManager" file="scripts/manager_char.lua" />
	<script name="CharInventoryManager" file="scripts/manager_char_inventory.lua" />
	<script name="CharEncumbranceManager" file="scripts/manager_char_encumbrance.lua" />
	<script name="ImageManager" file="scripts/manager_image.lua" />
	<script name="ImageDeathMarkerData" file="scripts/data_image_deathmarker.lua" />
	<script name="ImageDeathMarkerManager" file="scripts/manager_image_deathmarker.lua"/>
	<script name="ImageDistanceManager" file="scripts/manager_image_distance.lua" />
	<script name="ItemManager" file="scripts/manager_item.lua" />
	<script name="LocationManager" file="scripts/manager_location.lua" />
	<script name="NPCManager" file="scripts/manager_npc.lua" />
	<script name="PictureManager" file="scripts/manager_picture.lua" />
	<script name="PowerActionManagerCore" file="scripts/manager_power_action_core.lua" />
	<script name="PowerManagerCore" file="scripts/manager_power_core.lua" />
	<script name="QuickMapManager" file="scripts/manager_quickmap.lua" />
	<script name="SoundsetManager" file="scripts/manager_soundset.lua" />
	<script name="StoryManager" file="scripts/manager_story.lua" />
	<script name="StoryIndexManager" file="scripts/manager_story_index.lua" />
	<script name="StoryTemplateManager" file="scripts/manager_storytemplate.lua" />
	<script name="TableManager" file="scripts/manager_table.lua" />

	<script name="ActionCore" file="scripts/manager_action_core.lua" />
	<script name="ActionEffect" file="scripts/manager_action_effect.lua" />
	<script name="ActionAttackCore" file="scripts/manager_action_attack.lua" />
	<script name="ActionDamageCore" file="scripts/manager_action_damage.lua" />
	<script name="ActionHealCore" file="scripts/manager_action_heal.lua" />

	<!-- NOTE: Initialize desktop management scripts after general scripts registered. -->
	<script name="CharacterListManager" file="scripts/manager_characterlist.lua" />
	<script name="CombatListManager" file="scripts/manager_combatlist.lua" />
	<script name="DiceTowerManager" file="scripts/manager_dicetower.lua" />
	<script name="ModifierStack" file="scripts/manager_modifierstack.lua" />
	<script name="WindowSaveManager" file="scripts/manager_window_save.lua" />

	<!-- Desktop -->
	<includefile source="desktop/template_desktop.xml" />
	<includefile source="desktop/desktop_classes.xml" />
	<includefile source="desktop/desktop_panels.xml" />

	<!-- Utilities -->
	<includefile source="utility/template_utility.xml" />
	<includefile source="utility/template_utility_sound.xml" />
	<includefile source="utility/utility_assets.xml" />
	<includefile source="utility/utility_calendar.xml" />
	<includefile source="utility/utility_calendar_log.xml" />
	<includefile source="utility/utility_currencies.xml" />
	<includefile source="utility/utility_dialog.xml" />
	<includefile source="utility/utility_dialog_missinglink.xml" />
	<includefile source="utility/utility_dialog_select.xml" />
	<includefile source="utility/utility_dice.xml" />
	<includefile source="utility/utility_drc.xml" />
	<includefile source="utility/utility_effects.xml" />
	<includefile source="utility/utility_export.xml" />
	<includefile source="utility/utility_image_deathmarkers.xml"/>
	<includefile source="utility/utility_image_deathmarkersets.xml"/>
	<includefile source="utility/utility_languages.xml" />
	<includefile source="utility/utility_library.xml" />
	<includefile source="utility/utility_manualrolls.xml" />
	<includefile source="utility/utility_modifiers.xml" />
	<includefile source="utility/utility_modules.xml" />
	<includefile source="utility/utility_options.xml" />
	<includefile source="utility/utility_quickmap.xml" />
	<includefile source="utility/utility_setup.xml" />
	<includefile source="utility/utility_sound_settings.xml" />
	<includefile source="utility/utility_sound_settings_ss.xml" />
	<includefile source="utility/utility_sound_settings_file.xml" />
	<includefile source="utility/utility_sound_context.xml" />
	<includefile source="utility/utility_tokenlights.xml" />
	<includefile source="utility/utility_misc.xml" />

	<!-- Lists -->
	<includefile source="ref/ref_basicclasses.xml" />
	<includefile source="ref/ref_simplelist.xml" />
	<includefile source="ref/ref_groupedlist.xml" />

	<!-- Campaign Records -->
	<includefile source="campaign/template_campaign.xml" />
	<includefile source="campaign/template_char.xml" />
	<includefile source="campaign/template_story.xml" />

	<includefile source="campaign/campaign_masterindex.xml" />
	<includefile source="campaign/campaign_pictures.xml" />
	<includefile source="campaign/campaign_chars.xml" />

	<includefile source="campaign/record_battle.xml" />
	<includefile source="campaign/record_battlerandom.xml" />
	<includefile source="campaign/record_image.xml" />
	<includefile source="campaign/record_item.xml" />
	<includefile source="campaign/record_location.xml" />
	<includefile source="campaign/record_note.xml" />
	<includefile source="campaign/record_npc.xml" />
	<includefile source="campaign/record_picture.xml" />
	<includefile source="campaign/record_parcel.xml" />
	<includefile source="campaign/record_quest.xml" />
	<includefile source="campaign/record_soundset.xml" />
	<includefile source="campaign/record_story.xml" />
	<includefile source="campaign/record_story_advanced.xml" />
	<includefile source="campaign/record_story_book.xml" />
	<includefile source="campaign/record_storytemplate.xml" />
	<includefile source="campaign/record_table.xml" />
	<includefile source="campaign/record_vehicle.xml" />

	<includefile source="campaign/record_char.xml" />
	<includefile source="campaign/record_char_main.xml" />
	<includefile source="campaign/record_char_abilities.xml" />
	<includefile source="campaign/record_char_inventory.xml" />
	<includefile source="campaign/record_char_notes.xml" />
	<includefile source="campaign/record_ability.xml" />

	<includefile source="campaign/record_power_action.xml" />
	<includefile source="campaign/record_power_item.xml" />

	<!-- Combat tracker -->
	<includefile source="ct/template_ct.xml" />
	<includefile source="ct/template_ct_entry.xml" />
	<includefile source="ct/template_ct_entry_section.xml" />
	<includefile source="ct/ct_host.xml" />
	<includefile source="ct/ct_host_entry.xml" />
	<includefile source="ct/ct_host_entry_section.xml" />
	<includefile source="ct/ct_client.xml" />
	<includefile source="ct/ct_client_entry.xml" />
	<includefile source="ct/ct_client_entry_section.xml" />

	<!-- Party sheet -->
	<includefile source="ps/template_ps.xml" />
	<includefile source="ps/ps.xml" />
	<includefile source="ps/ps_main.xml" />
	<includefile source="ps/ps_inventory.xml" />
	<includefile source="ps/ps_order.xml" />
	<includefile source="ps/ps_xp.xml" />
</root>
