<?xml version="1.0" encoding="iso-8859-1"?>

<!--
  Please see the license.html file included with this distribution for
  attribution and copyright information.
-->

<root>
	<!-- DATA PATHS -->
	<characterdbroot>charsheet</characterdbroot>

	<!-- INTERFACE SETTINGS -->
	<chatsettings>
		<modeframe mode="chat" name="chatframe_chat" offset="15,5,5,5" />
		<modeframe mode="story" name="chatframe_story" offset="15,10,15,10" />
		<modeframe mode="whisper" name="chatframe_whisper" offset="15,5,5,5" />
		<modeframe mode="record_share" name="chatframe_record_share" offset="11,11,11,11" />
		<diebox>
			<frame name="diebox" offset="11,4,11,4" />
			<font expression="diceexpr" total="diemod" dieresult="dieresult"/>
			<icons secret="gmdieicon" defaultdie="die_general_icon" />
		</diebox>
		<pollbox>
			<frame name="diebox" offset="4,4,4,4" />
			<icons empty="poll_empty" positive="poll_check" negative="poll_negative" />
		</pollbox>
	</chatsettings>
	<desktopframe>desktop</desktopframe>
	<dicesettings>
		<panel name="dicepanel" offset="30,5,5,5" padding="3" />
	</dicesettings>
	<hotkeybar>
		<frame>hotkeybox</frame>
		<location offset="0" height="33" />
		<title frame="hotkeytitlebox" frameoffset="2,1,3,1" margin="1,0" font="hotkey" />
		<label margin="15,12" font="hotkey" />
		<iconmargins>0,10,0,5</iconmargins>
	</hotkeybar>
	<imagesettings>
		<distance>
			<frame name="distance" overlay="distance_overlay" offset="10,10,10,10" />
			<fonts value="distance_value" suffix="distance_suffix" incr="distance_incr" />
			<spacing>6</spacing>
			<confirm icon="token_move_confirm" />
			<cancel icon="token_move_cancel" />
			<arrow icon="distance_arrow" />
		</distance>
		<token>
			<target_arrow icon="token_target_arrow" />
			<target_self icon="token_selftarget_arrow" color="FFFF00" />
			<facing_arrow icon="token_facing_arrow" color="FFFF00" />
		</token>
		<textfont file="graphics/fonts/BebasNeue-Regular.ttf" />
		<textfont file="graphics/fonts/Lugrasimo-Regular.ttf" />
		<textfont file="graphics/fonts/Noto_Sans/NotoSans-Regular.ttf" />
		<textfont file="graphics/fonts/Noto_Sans/NotoSans-Italic.ttf" />
		<textfont file="graphics/fonts/Noto_Sans/NotoSans-Bold.ttf" />
		<textfont file="graphics/fonts/Noto_Sans/NotoSans-BoldItalic.ttf" />
		<textfont file="graphics/fonts/Noto_Serif/NotoSerif-Regular.ttf" />
		<textfont file="graphics/fonts/Noto_Serif/NotoSerif-Italic.ttf" />
		<textfont file="graphics/fonts/Noto_Serif/NotoSerif-Bold.ttf" />
		<textfont file="graphics/fonts/Noto_Serif/NotoSerif-BoldItalic.ttf" />
		<textfont file="graphics/fonts/PermanentMarker-Regular.ttf" />
		<textfont file="graphics/fonts/RobotoCondensed/RobotoCondensed-Regular.ttf" />
		<textfont file="graphics/fonts/RobotoCondensed/RobotoCondensed-Italic.ttf" />
		<textfont file="graphics/fonts/RobotoCondensed/RobotoCondensed-Bold.ttf" />
		<textfont file="graphics/fonts/RobotoCondensed/RobotoCondensed-BoldItalic.ttf" />
		<textfont file="graphics/fonts/RobotoCondensed/RobotoCondensed-Light.ttf" />
		<textfont file="graphics/fonts/RobotoCondensed/RobotoCondensed-LightItalic.ttf" />
		<textfont file="graphics/fonts/RobotoCondensed/RobotoCondensed-Black.ttf" />
		<textfont file="graphics/fonts/RobotoCondensed/RobotoCondensed-BlackItalic.ttf" />
		<textfont file="graphics/fonts/RobotoMono/RobotoMono-Regular.ttf" />
		<textfont file="graphics/fonts/RobotoMono/RobotoMono-Italic.ttf" />
		<textfont file="graphics/fonts/RobotoMono/RobotoMono-Bold.ttf" />
		<textfont file="graphics/fonts/RobotoMono/RobotoMono-BoldItalic.ttf" />
		<textfont file="graphics/fonts/RobotoMono/RobotoMono-Light.ttf" />
		<textfont file="graphics/fonts/RobotoMono/RobotoMono-LightItalic.ttf" />
		<textfont file="graphics/fonts/VujahdayScript-Regular.ttf" />
		<textfont file="graphics/fonts/Languages/Celestial.ttf" />
		<textfont file="graphics/fonts/Languages/Draconic.ttf" />
		<textfont file="graphics/fonts/Languages/Dwarven.ttf" />
		<textfont file="graphics/fonts/Languages/Elven.ttf" />
		<textfont file="graphics/fonts/Languages/Infernal.ttf" />
		<textfont file="graphics/fonts/Languages/Primordial.ttf" />
	</imagesettings>
	<linksettings>
		<icon empty="button_link_empty" 
			normal="button_link" share="button_link_share" pressed="button_link_down" 
			image="image_pin" imageshare="image_pin_public" imageoffset="2,21" />
	</linksettings>
	<menusettings>
		<context>
			<topframe name="context_top" hover="context_top_hover" offset="8,8,8,8" />
			<middleframe name="context_middle" hover="context_middle_hover" offset="8,8,8,8" />
			<bottomframe name="context_bottom" hover="context_bottom_hover" offset="8,8,8,8" />
			<singleframe name="context_single" hover="context_single_hover" offset="8,8,8,8" />
			<font name="context_font" />
			<spacing>10</spacing>
			<submenu icon="context_more" />
			<iconcolor>FFFFFF</iconcolor>
		</context>
	</menusettings>
	<textsettings>
		<selectioncolor>BCD2E9</selectioncolor>
		<icon chat="button_speak" />
		<font simple="sheettext" normal="reference-r" bold="reference-b" italic="reference-i" bolditalic="reference-bi" title="reference-h" />
	</textsettings>
	<tooltip>
		<frame name="tooltipbox" margins="8,4,8,4" wrapwidth="300" />
		<font name="tooltipbox" />
	</tooltip>

	<!-- Lighting/Vision -->
	<!--
		Lighting
		key - internal string for referencing vision types for API calls
		nameres - Name asset displayed in lighting dropdown
		name - Alternate hard-coded text, if nameres not specified.
		color - ARGB (hex string)
		bright/dim - >=0 (integer; grid units)
		animtype - [none, flicker, pulse, flash]
		animspeed - 0-100  (percentage; from off to full speed)

		Ambient Lighting
		key - internal string for referencing vision types for API calls
		nameres - Name asset displayed in lighting dropdown
		name - Alternate hard-coded text, if nameres not specified.
		color = ARGB (hex string)
		shadowcolor = ARGB (hex string)
		shadowangle = 0-359 (angle degrees)
		shadowlength = 0-20 (floating point; grid units; mapped to closest 0.2 grid unit)

		Vision (Max 3)
		key - internal string for referencing vision types for API calls
		nameres - Name asset displayed in lighting dropdown of IDC
		name - Alternate hard-coded text, if nameres not specified.
		color - ARGB (hex string) (dark end of gradiated range)
		color2 - ARGB (hex string) (light end of gradiated range)
			[If "color" not defined, then vision only increases standard lighting.]
			[If only "color" defined, then assume color1 = black and color2 = defined color (i.e. fade to black)]
		range - >=0 (default range) (integer; grid units)
		intensity - 0-100 (percentage) (default = 100) (100=always bright, other # adds to normal lighting)
		ignoredark - true/false (boolean) (default = false) (ignores inverse/darkness lights)
	-->
	<!-- Currently matches 5E settings by default -->
	<lightingsettings>
		<preset key="candle" nameres="lighting_candle" color="FFFFFCC3" bright="1" dim="2" animtype="flicker" animspeed="100" />
		<preset key="lamp" nameres="lighting_lamp" color="FFFFF3E1" bright="3" dim="9" animtype="flicker" animspeed="25" />
		<preset key="torch" nameres="lighting_torch" color="FFFFF3E1" bright="4" dim="8" animtype="flicker" animspeed="25" />
		<preset key="lantern" nameres="lighting_lantern" color="FFF9FEFF" bright="6" dim="12" />
		<preset key="spell_darkness" nameres="lighting_spell_darkness" color="FF000000" bright="3" dim="3" inverse="true" />
		<preset key="spell_light" nameres="lighting_spell_light" color="FFFFF3E1" bright="4" dim="8" />
		<ambientpreset key="dawn" nameres="ambient_lighting_dawn" color="FFFFDFBD" shadowcolor="650057BD" shadowangle="144" shadowlength="2" />
		<ambientpreset key="sunlight" nameres="ambient_lighting_sunlight" color="FFFFF7E6" shadowcolor="9130525D" shadowangle="280" shadowlength="0.2" />
		<ambientpreset key="dusk" nameres="ambient_lighting_dusk" color="FFFFC3A0" shadowcolor="313052BB" shadowangle="316" shadowlength="2" />
		<ambientpreset key="moonlight" nameres="ambient_lighting_moonlight" color="91C9E7FF" shadowcolor="74195263" shadowangle="220" shadowlength="0.6" />
	</lightingsettings>
	<visionsettings>
		<preset key="darkvision" nameres="vision_darkvision" gradcolor="FFFFFFFF" distance="12" />
		<preset key="blindsight" nameres="vision_blindsight" gradcolor="FF7B96F9" distance="12" ignoredark="true" />
		<preset key="truesight" nameres="vision_truesight" distance="12" ignoredark="true" />
		<!--
		<preset key="infravision" nameres="vision_infravision" gradcolor="FFFFEC04" gradcolor2="FFFF0000" distance="12" />
		<preset key="nightvision" nameres="vision_nightvision" gradcolor="FF00FF00" gradcolor2="FF000000" distance="12" />
		-->
	</visionsettings>

	<!-- DICE SETTINGS -->
	<die name="d4">
		<icon>d4icon</icon>
		<default />
	</die>
	<die name="d6">
		<icon>d6icon</icon>
		<default />
	</die>
	<die name="d8">
		<icon>d8icon</icon>
		<default />
	</die>
	<die name="d10">
		<icon>d10icon</icon>
		<default />
	</die>
	<die name="d12">
		<icon>d12icon</icon>
		<default />
	</die>
	<die name="d20">
		<icon>d20icon</icon>
		<default />
	</die>

	<die name="d100">
		<icon>d10icon</icon>
		<menuicon>percent</menuicon>
		<default />
	</die>
	<customdie name="d5">
		<model>d10</model>
		<menuicon>customdice</menuicon>
		<side result="1" value="1" />
		<side result="1" value="1" />
		<side result="2" value="2" />
		<side result="2" value="2" />
		<side result="3" value="3" />
		<side result="3" value="3" />
		<side result="4" value="4" />
		<side result="4" value="4" />
		<side result="5" value="5" />
		<side result="5" value="5" />
	</customdie>
	<customdie name="d3">
		<model>d6</model>
		<menuicon>customdice</menuicon>
		<side result="1" value="1" />
		<side result="1" value="1" />
		<side result="2" value="2" />
		<side result="2" value="2" />
		<side result="3" value="3" />
		<side result="3" value="3" />
	</customdie>
	<customdie name="d2">
		<model>d6</model>
		<menuicon>customdice</menuicon>
		<side result="1" value="1" />
		<side result="1" value="1" />
		<side result="1" value="1" />
		<side result="2" value="2" />
		<side result="2" value="2" />
		<side result="2" value="2" />
	</customdie>
	<customdie name="d0">
		<model>d6</model>
		<menuicon>customdice</menuicon>
		<side result="0" value="0" />
		<side result="0" value="0" />
		<side result="0" value="0" />
		<side result="0" value="0" />
		<side result="0" value="0" />
		<side result="0" value="0" />
	</customdie>

	<!-- Colored Dice -->
	<die name="r4">
		<model>d4</model>
		<icon>d4ricon</icon>
	</die>
	<die name="r6">
		<model>d6</model>
		<icon>d6ricon</icon>
	</die>
	<die name="r8">
		<model>d8</model>
		<icon>d8ricon</icon>
	</die>
	<die name="r10">
		<model>d10</model>
		<icon>d10ricon</icon>
	</die>
	<die name="r12">
		<model>d12</model>
		<icon>d12ricon</icon>
	</die>
	<die name="r20">
		<model>d20</model>
		<icon>d20ricon</icon>
	</die>
	<die name="r100">
		<model>d100</model>
		<icon>d10ricon</icon>
	</die>
	<die name="r3">
		<model>d6</model>
		<icon>d6ricon</icon>
		<side result="1" value="1" />
		<side result="1" value="1" />
		<side result="2" value="2" />
		<side result="2" value="2" />
		<side result="3" value="3" />
		<side result="3" value="3" />
	</die>
	<die name="r2">
		<model>d6</model>
		<icon>d6ricon</icon>
		<side result="1" value="1" />
		<side result="1" value="1" />
		<side result="1" value="1" />
		<side result="2" value="2" />
		<side result="2" value="2" />
		<side result="2" value="2" />
	</die>

	<die name="g4">
		<model>d4</model>
		<icon>d4gicon</icon>
	</die>
	<die name="g6">
		<model>d6</model>
		<icon>d6gicon</icon>
	</die>
	<die name="g8">
		<model>d8</model>
		<icon>d8gicon</icon>
	</die>
	<die name="g10">
		<model>d10</model>
		<icon>d10gicon</icon>
	</die>
	<die name="g12">
		<model>d12</model>
		<icon>d12gicon</icon>
	</die>
	<die name="g20">
		<model>d20</model>
		<icon>d20gicon</icon>
	</die>
	<die name="g100">
		<model>d100</model>
		<icon>d10gicon</icon>
	</die>
	<die name="g3">
		<model>d6</model>
		<icon>d6gicon</icon>
		<side result="1" value="1" />
		<side result="1" value="1" />
		<side result="2" value="2" />
		<side result="2" value="2" />
		<side result="3" value="3" />
		<side result="3" value="3" />
	</die>
	<die name="g2">
		<model>d6</model>
		<icon>d6gicon</icon>
		<side result="1" value="1" />
		<side result="1" value="1" />
		<side result="1" value="1" />
		<side result="2" value="2" />
		<side result="2" value="2" />
		<side result="2" value="2" />
	</die>

	<die name="b4">
		<model>d4</model>
		<icon>d4bicon</icon>
	</die>
	<die name="b6">
		<model>d6</model>
		<icon>d6bicon</icon>
	</die>
	<die name="b8">
		<model>d8</model>
		<icon>d8bicon</icon>
	</die>
	<die name="b10">
		<model>d10</model>
		<icon>d10bicon</icon>
	</die>
	<die name="b12">
		<model>d12</model>
		<icon>d12bicon</icon>
	</die>
	<die name="b20">
		<model>d20</model>
		<icon>d20bicon</icon>
	</die>
	<die name="b100">
		<model>d100</model>
		<icon>d10bicon</icon>
	</die>
	<die name="b3">
		<model>d6</model>
		<icon>d6bicon</icon>
		<side result="1" value="1" />
		<side result="1" value="1" />
		<side result="2" value="2" />
		<side result="2" value="2" />
		<side result="3" value="3" />
		<side result="3" value="3" />
	</die>
	<die name="b2">
		<model>d6</model>
		<icon>d6bicon</icon>
		<side result="1" value="1" />
		<side result="1" value="1" />
		<side result="1" value="1" />
		<side result="2" value="2" />
		<side result="2" value="2" />
		<side result="2" value="2" />
	</die>

	<die name="p4">
		<model>d4</model>
		<icon>d4picon</icon>
	</die>
	<die name="p6">
		<model>d6</model>
		<icon>d6picon</icon>
	</die>
	<die name="p8">
		<model>d8</model>
		<icon>d8picon</icon>
	</die>
	<die name="p10">
		<model>d10</model>
		<icon>d10picon</icon>
	</die>
	<die name="p12">
		<model>d12</model>
		<icon>d12picon</icon>
	</die>
	<die name="p20">
		<model>d20</model>
		<icon>d20picon</icon>
	</die>
	<die name="p100">
		<model>d100</model>
		<icon>d10picon</icon>
	</die>
	<die name="p3">
		<model>d6</model>
		<icon>d6picon</icon>
		<side result="1" value="1" />
		<side result="1" value="1" />
		<side result="2" value="2" />
		<side result="2" value="2" />
		<side result="3" value="3" />
		<side result="3" value="3" />
	</die>
	<die name="p2">
		<model>d6</model>
		<icon>d6picon</icon>
		<side result="1" value="1" />
		<side result="1" value="1" />
		<side result="1" value="1" />
		<side result="2" value="2" />
		<side result="2" value="2" />
		<side result="2" value="2" />
	</die>

	<!-- Fudge Die -->
	<die name="dF" ruleset="CoreRPG">
		<icon>d6icon</icon>
		<default />
	</die>
	<die name="rF" ruleset="CoreRPG">
		<model>d6</model>
		<icon>d6ricon</icon>
	</die>
	<die name="gF" ruleset="CoreRPG">
		<model>d6</model>
		<icon>d6gicon</icon>
	</die>
	<die name="bF" ruleset="CoreRPG">
		<model>d6</model>
		<icon>d6bicon</icon>
	</die>
	<die name="pF" ruleset="CoreRPG">
		<model>d6</model>
		<icon>d6picon</icon>
	</die>
</root>
