<?xml version="1.0" encoding="iso-8859-1"?>

<!--
	Please see the license.html file included with this distribution for
	attribution and copyright information.
-->

<root>
	<!-- General -->
	<template name="button_store">
		<button_text>
			<state textres="button_store" />
			<tooltip textres="button_store_tooltip" />
			<script>
				function onButtonPress()
					local sSource;
					if self.getSource then
						sSource = self.getSource();
					else
						sSource = source[1];
					end
					UtilityManager.sendToStoreAssetType(sSource);
				end
			</script>
		</button_text>
	</template>
	<template name="button_store_sm">
		<button_text_sm>
			<state textres="button_store" />
			<tooltip textres="button_store_tooltip" />
			<script>
				function onButtonPress()
					UtilityManager.sendToStoreAssetType(source[1]);
				end
			</script>
		</button_text_sm>
	</template>
	<template name="button_store_dlc_sm">
		<button_text_sm>
			<state textres="button_store" />
			<tooltip textres="button_store_tooltip" />
			<script>
				function onButtonPress()
					UtilityManager.sendToStoreDLC(productid[1]);
				end
			</script>
		</button_text_sm>
	</template>
	<template name="button_store_image">
		<button_store_sm>
			<anchored to="buttonanchor" width="60">
				<top />
				<left anchor="right" relation="relative" offset="5" />
			</anchored>
			<source>image</source>
		</button_store_sm>
	</template>
	<template name="button_folder_import_image_assets">
		<button_masterindex_option>
			<anchored width="200" />
			<state textres="button_import_image_assets" />
			<script>
				function onButtonPress()
					local sTitle = Interface.getString("dialog_title_import_image_assets");
					local sMessage = Interface.getString("dialog_message_import_image_assets");
					Interface.dialogMessage(onDialogEnd, sMessage, sTitle, "yesno");
				end
				function onDialogEnd(result)
					if result == "yes" then
						CampaignDataManager.importCampaignImageAssets();
					end
				end
			</script>
		</button_masterindex_option>
	</template>

	<template name="button_assets_page_prev">
		<buttoncontrol name="button_page_prev">
			<state frame="buttonup" frameoffset="10,10,10,10" icon="button_asset_prev" tooltipres="tooltip_page_prev" />
			<pressed frame="buttondown" frameoffset="10,10,10,10" offset="1,1" />
			<invisible />
			<script>
				function onButtonPress()
					WindowManager.callOuterWindowFunction(window, "handlePagePrev");
					return true;
				end
			</script>
		</buttoncontrol>
	</template>
	<template name="button_assets_page_next">
		<buttoncontrol name="button_page_next">
			<state frame="buttonup" frameoffset="10,10,10,10" icon="button_asset_next" tooltipres="tooltip_page_next"/>
			<pressed frame="buttondown" frameoffset="10,10,10,10" offset="1,1" />
			<invisible />
			<script>
				function onButtonPress()
					WindowManager.callOuterWindowFunction(window, "handlePageNext");
					return true;
				end
			</script>
		</buttoncontrol>
	</template>

	<template name="list_utility_base">
		<windowlist>
			<child mergerule="resetandadd"></child>
			<child><backcolor>1A40301E</backcolor></child>
			<sortby><control>name</control></sortby>
			<filter><control>filter</control></filter>
			<filteron><control>name</control></filteron>
			<script file="common/scripts/list_text.lua" />
		</windowlist>
	</template>
	<template name="list_utility_setting">
		<list_content_framed_groupbox>
			<child merge="resetandadd"></child>
			<child merge="add"><backcolor>1A40301E</backcolor></child>
			<sortby><control>name</control></sortby>
			<filter><control>filter</control></filter>
			<filteron><control>name</control></filteron>
			<script file="common/scripts/list_text.lua" />
		</list_content_framed_groupbox>
	</template>
	<template name="list_utility_setting_labeled">
		<list_content_labeled_framed_groupbox>
			<child merge="resetandadd"></child>
			<child merge="add"><backcolor>1A40301E</backcolor></child>
			<sortby><control>name</control></sortby>
			<filter><control>filter</control></filter>
			<filteron><control>name</control></filteron>
			<script file="common/scripts/list_text.lua" />
		</list_content_labeled_framed_groupbox>
	</template>

	<windowclass name="settings_list">
		<frame>utilitybox</frame>
		<placement>
			<nosave />
		</placement>
		<sizelimits>
			<dynamic />
			<minimum width="350" height="350" />
		</sizelimits>
		<sheetdata>
			<windowtitlebar_utilitybox name="title" />
			<windowmenubar_utilitybox name="menubar" />

			<anchor_content_utilitybox_top />
			<anchor_content_utilitybox_bottom />

			<area_list_content_controls />
			<anchor_list_content_controls_right />
			<button_iedit_list_content_controls />
			<button_iadd_list_content_controls />
			<filter_list_content_controls />

			<list_utility_setting name="list" />
			<scrollbar_content_list />

			<resize_utilitybox />
		</sheetdata>
	</windowclass>
	<windowclass name="settings_list_labeled">
		<frame>utilitybox</frame>
		<placement>
			<nosave />
		</placement>
		<sizelimits>
			<minimum width="350" height="350" />
			<dynamic />
		</sizelimits>
		<sheetdata>
			<windowtitlebar_utilitybox name="title" />
			<windowmenubar_utilitybox name="menubar" />

			<anchor_content_utilitybox_top />
			<anchor_content_utilitybox_bottom />

			<area_list_content_controls />
			<anchor_list_content_controls_right />
			<button_iedit_list_content_controls />
			<button_iadd_list_content_controls />
			<filter_list_content_controls />

			<list_utility_setting_labeled name="list" />
			<scrollbar_content_list />

			<anchor_list_content_label_left />
			<anchor_list_content_label_right />

			<resize_utilitybox />
		</sheetdata>
	</windowclass>
</root>
