<?xml version="1.0" encoding="iso-8859-1"?>

<!--
	Please see the license.html file included with this distribution for
	attribution and copyright information.
-->

<root>
	<!-- Sound - General -->
	<template name="button_sound_settings">
		<button_text_sm>
			<anchored width="80" />
			<state textres="sound_button_settings" />
			<script>
				function onButtonPress()
					SoundManager.openSettingsWindow();
				end
			</script>
		</button_text_sm>
	</template>
	<template name="button_sound_play">
		<genericcontrol>
			<anchored width="20" height="20" />
			<icon>sound_play</icon>
			<script>
				function onClickDown()
					setColor("808080");
					return true;
				end
				function onClickRelease()
					setColor("");
					SoundManager.performPlay(window);
					return true;
				end
				function onDragStart(button, x, y, draginfo)
					return SoundManager.performPlay(window, draginfo);
				end
				function onDragEnd()
					setColor("");
				end
			</script>
		</genericcontrol>
	</template>
	<template name="button_sound_stop">
		<genericcontrol>
			<anchored width="20" height="20"  />
			<icon>sound_stop</icon>
			<script>
				function onClickDown()
					setColor("808080");
					return true;
				end
				function onClickRelease()
					setColor("");
					SoundManager.performStop(window);
					return true;
				end
				function onDragStart(button, x, y, draginfo)
					return SoundManager.performStop(window, draginfo);
				end
				function onDragEnd()
					setColor("");
				end
			</script>
		</genericcontrol>
	</template>
	<template name="button_sound_stopall">
		<button_text_sm>
			<anchored width="80" />
			<state textres="sound_button_context_ss_stopall" />
			<script>
				function onButtonPress()
					SoundManager.performStopAll();
				end
				function onDragStart(button, x, y, draginfo)
					return SoundManager.performStopAll(draginfo);
				end
			</script>
		</button_text_sm>
	</template>
	<template name="button_sound_ss_invite">
		<button_text_sm>
			<anchored width="80" />
			<state textres="sound_button_context_ss_invite" />
			<script>
				function onButtonPress()
					SoundManagerSyrinscape.sendPlayerInvite();
				end
			</script>
		</button_text_sm>
	</template>

	<!-- Sound - Settings -->
	<template name="spacer_listitem_sound_actions">
		<genericcontrol name="spacer_actions">
			<anchored to="rightanchor" width="60" height="20">
				<top />
				<right relation="relative" />
			</anchored>
			<disabled />
		</genericcontrol>
	</template>
	<template name="button_listitem_sound_play">
		<button_sound_play>
			<anchored to="spacer_actions">
				<top />
				<right anchor="center" offset="-2" />
			</anchored>
		</button_sound_play>
	</template>
	<template name="button_listitem_sound_stop">
		<button_sound_stop>
			<anchored to="spacer_actions">
				<top />
				<left anchor="center" offset="2" />
			</anchored>
		</button_sound_stop>
	</template>

	<!-- Sound - Context -->
	<template name="button_sound_volume_down_base">
		<genericcontrol>
			<anchored width="20" height="20"  />
			<icon>sound_volume_down</icon>
			<script>
				function onClickDown()
					setColor("808080");
					return true;
				end
				function onClickRelease()
					setColor("");
					self.onButtonPress();
					return true;
				end
				function onDragStart()
					setColor("");
					return false;
				end
			</script>
		</genericcontrol>
	</template>
	<template name="button_sound_volume_up_base">
		<genericcontrol>
			<anchored width="20" height="20"  />
			<icon>sound_volume_up</icon>
			<script>
				function onClickDown()
					setColor("808080");
					return true;
				end
				function onClickRelease()
					setColor("");
					self.onButtonPress();
					return true;
				end
				function onDragStart()
					setColor("");
					return false;
				end
			</script>
		</genericcontrol>
	</template>
	<template name="button_sound_volume_mute_base">
		<buttoncontrol>
			<state icon="sound_volume_unmute" />
			<state icon="sound_volume_mute" />
		</buttoncontrol>
	</template>

	<!-- Sound - Context (Syrinscape) -->
	<template name="button_sound_ss_volume_down">
		<button_sound_volume_down_base>
			<script>
				function onButtonPress()
					SoundManagerSyrinscape.stepGlobalVolume(-1);
				end
			</script>
		</button_sound_volume_down_base>
	</template>
	<template name="button_sound_ss_volume_up">
		<button_sound_volume_up_base>
			<script>
				function onButtonPress()
					SoundManagerSyrinscape.stepGlobalVolume(1);
				end
			</script>
		</button_sound_volume_up_base>
	</template>
	<template name="button_sound_ss_volume_mute">
		<button_sound_volume_mute_base>
			<script>
				function onValueChanged()
					SoundManagerSyrinscape.setGlobalMute(getValue() == 1);
				end
			</script>
		</button_sound_volume_mute_base>
	</template>
	<template name="button_sound_ss_volume_down_oneshot">
		<button_sound_volume_down_base>
			<script>
				function onButtonPress()
					SoundManagerSyrinscape.stepOneShotVolume(-1);
				end
			</script>
		</button_sound_volume_down_base>
	</template>
	<template name="button_sound_ss_volume_up_oneshot">
		<button_sound_volume_up_base>
			<script>
				function onButtonPress()
					SoundManagerSyrinscape.stepOneShotVolume(1);
				end
			</script>
		</button_sound_volume_up_base>
	</template>
	<template name="button_sound_ss_volume_mute_oneshot">
		<button_sound_volume_mute_base>
			<script>
				function onValueChanged()
					SoundManagerSyrinscape.setOneShotMute(getValue() == 1);
				end
			</script>
		</button_sound_volume_mute_base>
	</template>
</root>
