<?xml version="1.0" encoding="iso-8859-1"?>

<!--
  Please see the license.html file included with this distribution for
  attribution and copyright information.
-->

<root>
	<template name="button_modifierkey_step">
		<button_text_toggle>
			<script file="utility/scripts/modifier_preset.lua" />
		</button_text_toggle>
	</template>
	<template name="button_modifierkey">
		<button_modifierkey_step>
			<script>
				function onInit()
					if super and super.onInit then
						super.onInit();
					end
					setData(getName());
				end
			</script>
		</button_modifierkey_step>
	</template>

	<template name="header_modifier_preset">
		<header_content_framed_headersimple />
	</template>
	<template name="list_modifier_preset">
		<list_content_noscroll_top>
			<class>modifiers_preset_item</class>
			<columns width="100" fillwidth="true" dynamic="true" />
			<readonly />
		</list_content_noscroll_top>
	</template>

	<template name="string_modifier">
		<string_listitem_center_underline name="label">
			<tabtarget next="bonus" />
			<script>
				function onDragStart(button, x, y, draginfo)
					return window.actionDrag(draginfo);
				end
				function onDoubleClick(x, y)
					return window.action();
				end
			</script>
		</string_listitem_center_underline>
	</template>
	<template name="button_modifier_activate">
		<buttonc_listitem_left>
			<icon normal="button_action_modifier" pressed="button_action_modifier_down" />
			<script>
				function onDragStart(button, x, y, draginfo)
					return window.actionDrag(draginfo);
				end
				function onButtonPress(x, y)
					return window.action();
				end
			</script>
		</buttonc_listitem_left>
	</template>
	<template name="button_modifier_module">
		<buttonc_listitem_icon_simple_right>
			<icon normal="button_toolbar_module" />
			<invisible />
		</buttonc_listitem_icon_simple_right>
	</template>
	<template name="spacer_modifier_module">
		<spacer_listitem_right>
			<anchored width="24" />
		</spacer_listitem_right>
	</template>
	<template name="button_modifier_isgmonly">
		<button_listitem_right name="isgmonly">
			<state icon="visibilityon" tooltipres="effect_visibilityon" merge="resetandadd" />
			<state icon="visibilityoff" tooltipres="effect_visibilityoff" merge="add" />
			<gmvisibleonly />
		</button_listitem_right>
	</template>
	<template name="number_modifier_bonus">
		<number_listitem_right name="duration">
			<anchored width="30" />
			<displaysign />
			<tabtarget prev="label" />
			<script>
				function onDragStart(button, x, y, draginfo)
					return window.actionDrag(draginfo);
				end
				function onDoubleClick(x, y)
					return window.action();
				end
				function onGainFocus()
					window.setFrame("rowshade");
				end
				function onLoseFocus()
					window.setFrame(nil);
				end
			</script>
		</number_listitem_right>
	</template>

	<windowclass name="modifiers">
		<frame>utilitybox</frame>
		<sizelimits>
			<minimum width="600" height="400" />
			<dynamic />
		</sizelimits>
		<helplinkres>help_tool_modifiers</helplinkres>
		<sheetdata>
			<windowtitlebar_utilitybox name="title">
				<resource>library_recordtype_label_modifier</resource>
			</windowtitlebar_utilitybox>
			<windowmenubar_utilitybox name="menubar" />

			<anchor_content_utilitybox_top />
			<anchor_content_utilitybox_bottom />

			<sub_content name="sub_preset">
				<anchored>
					<right anchor="left" offset="285" />
				</anchored>
				<class>modifiers_preset</class>
			</sub_content>
			<sub_content name="sub_custom">
				<anchored>
					<left offset="285" />
				</anchored>
				<class>modifiers_custom</class>
			</sub_content>

			<resize_utilitybox />
		</sheetdata>
	</windowclass>

	<windowclass name="modifiers_preset">
		<frame>groupbox</frame>
		<sheetdata>
			<anchor_content_groupbox_top />
			<anchor_content_groupbox_bottom />

			<sub_content name="content">
				<class>modifiers_preset_content</class>
			</sub_content>
			<scrollbar_content />
		</sheetdata>
	</windowclass>
	<windowclass name="modifiers_preset_content">
		<script file="utility/scripts/modifierlist_presets.lua" />
		<sheetdata>
			<anchor_content_top />
		</sheetdata>
	</windowclass>
	<windowclass name="modifiers_preset_item">
		<margins control="0,0,0,7" />
		<script>
			function setData(sKey)
				button.setData(sKey);
			end
		</script>
		<sheetdata>
			<button_modifierkey_step name="button">
				<anchored position="insidetop" offset="-7,7" height="20" />
			</button_modifierkey_step>
		</sheetdata>
	</windowclass>
	<windowclass name="modifier_preset_separator">
		<margins control="0,0,0,7" />
		<sheetdata>
			<genericcontrol>
				<anchored position="insidetop" offset="-7,7" height="20" />
			</genericcontrol>
		</sheetdata>
	</windowclass>

	<windowclass name="modifiers_custom">
		<script file="utility/scripts/modifierwindow.lua" />
		<sheetdata>
			<anchor_content_top />
			<anchor_content_bottom />

			<area_list_content_controls />
			<anchor_list_content_controls_right />
			<button_iedit_list_content_controls>
				<edittarget>sub_content</edittarget>
			</button_iedit_list_content_controls>
			<button_iadd_list_content_controls>
				<edittarget>sub_content</edittarget>
			</button_iadd_list_content_controls>
			<filter_list_content_controls />

			<sub_content_paging />

			<sub_content_framed_groupbox name="sub_content">
				<class>modifiers_custom_content</class>
			</sub_content_framed_groupbox>
		</sheetdata>
	</windowclass>
	<windowclass name="modifiers_custom_content">
		<sheetdata>
			<anchor_content_top />
			<anchor_content_bottom />

			<header_content_framed_headersimple name="header">
				<static textres="header_custom" />
			</header_content_framed_headersimple>

			<list_content name="list">
				<class>modifiersmall</class>
				<sortby><control>label</control></sortby>
				<child merge="resetandadd"></child>
				<child merge="add"><backcolor>1A40301E</backcolor></child>
				<allowdelete />
				<script file="utility/scripts/modifierlist_custom.lua" />
			</list_content>
			<scrollbar_content_list />
		</sheetdata>
	</windowclass>
	<windowclass name="modifiersmall">
		<margins control="0,0,0,5" />
		<script file="utility/scripts/modifier.lua" />
		<sheetdata>
			<anchor_listitem_left />
			<anchor_listitem_right />

			<button_listitem_idelete_left name="idelete">
				<editmode>list_iedit</editmode>
			</button_listitem_idelete_left>
			<button_modifier_activate name="activate" />

			<button_modifier_module name="module" />
			<spacer_modifier_module name="spacer_module" />
			<button_modifier_isgmonly name="isgmonly" />
			<number_modifier_bonus name="bonus" />

			<string_modifier name="label" />
		</sheetdata>
	</windowclass>
</root>
