<?xml version="1.0" encoding="iso-8859-1"?>

<!--
	Please see the license.html file included with this distribution for
	attribution and copyright information.
-->

<root>
	<!-- Sound Context Panel -->
	<windowclass name="sound_context">
		<frame>utilitybox</frame>
		<sizelimits>
			<minimum width="550" height="500" />
			<maximum width="550"/>
			<dynamic />
		</sizelimits>
		<minimize>minimized_utility</minimize>
		<helplinkres>help_tool_sound_context</helplinkres>
		<script>
			function onInit()
				SoundManager.populateContextWindow(self);
			end
		</script>
		<sheetdata>
			<windowtitlebar_utilitybox name="title" />
			<windowmenubar_utilitybox name="menubar" />

			<anchor_content_utilitybox_top />
			<anchor_content_utilitybox_bottom />

			<sub_content_framed_groupbox_top name="sub_ss">
				<class>sound_context_ss</class>
			</sub_content_framed_groupbox_top>
			<sub_content_framed_groupbox_top name="sub_nowplaying">
				<class>sound_context_nowplaying</class>
			</sub_content_framed_groupbox_top>

			<sub_content_framed_groupbox name="sub_content">
				<class>sound_context_content</class>
			</sub_content_framed_groupbox>

			<resize_utilitybox />
		</sheetdata>
	</windowclass>

	<windowclass name="sound_context_ss">
		<sheetdata>
			<anchor_content_top />

			<header_content_framed_headersimple name="header">
				<static textres="sound_header_context_ss" />
			</header_content_framed_headersimple>

			<spacer_content_top name="spacer_controls">
				<anchored height="75" />
			</spacer_content_top>
			<label name="label_globalvolume">
				<anchored to="spacer_controls" position="insidetopleft" offset="0,5">
					<right anchor="left" offset="40%"/>
				</anchored>
				<static textres="sound_header_context_ss_volume_global" />
				<center />
			</label>
			<numberc_static name="globalvolume">
				<anchored to="label_globalvolume" width="40" height="20">
					<top anchor="bottom" offset="5" />
					<left anchor="center" offset="-20" />
				</anchored>
				<default>100</default>
			</numberc_static>
			<button_sound_ss_volume_down name="button_sound_volume_down">
				<anchored to="globalvolume" position="lefthigh" offset="10,0" width="20" height="20"/>
			</button_sound_ss_volume_down>
			<button_sound_ss_volume_up name="button_sound_volume_up">
				<anchored to="globalvolume" position="righthigh" offset="10,0" width="20" height="20"/>
			</button_sound_ss_volume_up>
			<button_sound_ss_volume_mute name="button_sound_volume_mute" >
				<anchored to="globalvolume" width="20" height="20">
					<top anchor="bottom" offset="5" />
					<left anchor="center" offset="-10" />
				</anchored>
			</button_sound_ss_volume_mute>

			<label name="label_oneshotvolume">
				<anchored to="spacer_controls" position="insidetopright" offset="0,5">
					<left offset="60%"/>
				</anchored>
				<static textres="sound_header_context_ss_volume_oneshot" />
				<center />
			</label>
			<numberc_static name="oneshotvolume">
				<anchored to="label_oneshotvolume" width="40" height="20">
					<top anchor="bottom" offset="5" />
					<left anchor="center" offset="-20" />
				</anchored>
				<default>100</default>
			</numberc_static>
			<button_sound_ss_volume_down_oneshot name="button_sound_volume_down_oneshot">
				<anchored to="oneshotvolume" position="lefthigh" offset="10,0" width="20" height="20"/>
			</button_sound_ss_volume_down_oneshot>
			<button_sound_ss_volume_up_oneshot name="button_sound_volume_up_oneshot">
				<anchored to="oneshotvolume" position="righthigh" offset="10,0" width="20" height="20"/>
			</button_sound_ss_volume_up_oneshot>
			<button_sound_ss_volume_mute_oneshot name="button_sound_volume_mute_oneshot" >
				<anchored to="oneshotvolume" width="20" height="20">
					<top anchor="bottom" offset="5" />
					<left anchor="center" offset="-10" />
				</anchored>
			</button_sound_ss_volume_mute_oneshot>

			<button_sound_ss_invite name="button_invite">
				<anchored to="header" position="insidetopleft" />
			</button_sound_ss_invite>
			<button_sound_settings name="button_settings">
				<anchored to="header" position="insidetopright" />
			</button_sound_settings>
			<button_sound_stopall name="button_stopall">
				<anchored to="spacer_controls">
					<top offset="35" />
					<left anchor="center" offset="-40" />
				</anchored>
			</button_sound_stopall>
		</sheetdata>
	</windowclass>

	<windowclass name="sound_context_nowplaying">
		<sheetdata>
			<anchor_content_top />

			<header_content_framed_headersimple name="header">
				<static textres="sound_header_context_nowplaying" />
			</header_content_framed_headersimple>

			<list_content_top name="list">
				<anchored>
					<sizelimits>
						<maximum height="120" />
					</sizelimits>
				</anchored>
				<class>sound_context_nowplaying_item</class>
				<sortby>
					<control>groupid</control>
					<control>name</control>
				</sortby>
			</list_content_top>
			<scrollbar_content_list />
		</sheetdata>
	</windowclass>
	<windowclass name="sound_context_nowplaying_item">
		<margins control="0,0,0,2"/>
		<script>
			function setData(tSound)
				soundid.setValue(tSound.sSoundID);
				name.setValue(tSound.sName or "");
				type.setValue(tSound.sDisplayType or "");

				button_play.setVisible(SoundManager.hasSoundSystemFunctionByID("playSound", tSound.sSoundID));
				button_stop.setVisible(SoundManager.hasSoundSystemFunctionByID("stopSound", tSound.sSoundID));
			end
		</script>
		<sheetdata>
			<hs name="soundid" />

			<anchor_listitem_left_sm />
			<anchor_listitem_right_sm />

			<spacer_listitem_sound_actions name="spacer_actions" />
			<button_listitem_sound_play name="button_play" />
			<button_listitem_sound_stop name="button_stop" />
			<stringc_listitem_right_noframe_static name="type">
				<anchored width="100" />
			</stringc_listitem_right_noframe_static>

			<stringc_listitem_center_noframe_static name="name">
				<font>sheetlabel</font>
			</stringc_listitem_center_noframe_static>
		</sheetdata>
	</windowclass>

	<windowclass name="sound_context_content">
		<sheetdata>
			<anchor_content_top />

			<header_content_framed_headersimple name="header">
				<static textres="sound_header_context_content" />
			</header_content_framed_headersimple>
			<button_collapse name="button_collapse">
				<anchored to="header" position="insidetopright" offset="10,0" />
				<target>list,list</target>
			</button_collapse>
			<button_expand name="button_expand">
				<anchored to="header" position="insidetopright" offset="40,0" />
				<target>list,list</target>
			</button_expand>

			<list_content_top name="list">
				<class>sound_context_active_soundset</class>
				<sortby>
					<control>groupid</control>
					<control>name</control>
				</sortby>
			</list_content_top>
			<scrollbar_content_list />
		</sheetdata>
	</windowclass>
	<windowclass name="sound_context_active_soundset">
		<sheetdata>
			<hnc name="groupid" />

			<anchor_content_top />

			<string_static name="name">
				<anchored to="contentanchor" position="insidetop">
					<top relation="relative" offset="5" postoffset="5" />
					<left offset="5" />
					<right offset="-5" />
				</anchored>
				<frame name="rowshade" offset="0,0,0,0" />
				<center />
				<empty textres="library_recordtype_empty_soundset" />
				<script>
					function onClickDown(button, x, y)
						return true;
					end
					function onClickRelease(button, x, y)
						window.list.setVisible(not window.list.isVisible());
						return true;
					end
				</script>
			</string_static>

			<list_content_top name="list">
				<datasource>.subsounds</datasource>
				<class>soundset_sound_item</class>
				<noscroll />
				<sortby><control>name</control></sortby>
			</list_content_top>
		</sheetdata>
	</windowclass>
</root>
