<?xml version="1.0" encoding="iso-8859-1"?>

<!--
  Please see the license.html file included with this distribution for
  attribution and copyright information.
-->

<root>
	<windowclass name="quickmap">
		<frame>utilitybox</frame>
		<sizelimits>
			<minimum width="500" height="700" />
			<dynamic />
		</sizelimits>
		<script>
			function onInit()
				QuickMapManager.populate(self);
			end
			function onDrop(x, y, draginfo)
				QuickMapManager.handleDrop(self, draginfo);
			end
		</script>
		<sheetdata>
			<windowtitlebar_utilitybox name="title" />
			<windowmenubar_utilitybox name="menubar" />
			<resize_utilitybox />

			<anchor_content_utilitybox_top />
			<anchor_content_utilitybox_bottom />

			<sub_content_framed_groupbox_top name="sub_asset">
				<class>quickmap_asset</class>
			</sub_content_framed_groupbox_top>
			<sub_content_framed_groupbox_top name="sub_battle">
				<class>quickmap_battle</class>
			</sub_content_framed_groupbox_top>

			<sub_content_buttons_bottom name="sub_buttons">
				<class>quickmap_buttons</class>
			</sub_content_buttons_bottom>

			<sub_content_framed_groupbox_left name="sub_party">
				<class>quickmap_party</class>
			</sub_content_framed_groupbox_left>
			<sub_content_framed_groupbox_right name="sub_enemy">
				<class>quickmap_enemy</class>
			</sub_content_framed_groupbox_right>
		</sheetdata>
	</windowclass>

	<windowclass name="quickmap_asset">
		<margins control="0,0,0,5" />
		<script>
			function onInit()
				self.updateDisplay();
			end
			function updateDisplay()
				local bShowButtons = (asset.getValue() ~= "");
				button_fill.setVisible(bShowButtons);
				asset_idelete.setVisible(bShowButtons);
				asset_iadd.setVisible(not bShowButtons);

				local bFill = (button_fill.getValue() == 1);
				header_asset_size.setVisible(bFill);
				button_size_small.setVisible(bFill);
				button_size_standard.setVisible(bFill);
				button_size_large.setVisible(bFill);
			end
			function updateSizeDisplay(sSelection)
				for _,v in ipairs({ "standard", "small", "large" }) do
					local c = self["button_size_" .. v];
					if c.getName() ~= sSelection then
						c.setValue(0);
					else
						c.setValue(1);
					end
				end
			end
		</script>
		<sheetdata>
			<anchor_content_top />
			<anchor_content_bottom />

			<header_content_framed_headersimple name="header_asset">
				<static textres="quickmap_label_asset" />
			</header_content_framed_headersimple>

			<genericcontrol name="asset_frame">
				<anchored to="contentanchor" width="100" height="100">
					<left anchor="center" offset="-50" />
					<top relation="relative" offset="3" postoffset="3" />
				</anchored>
				<frame>border</frame>
			</genericcontrol>
			<tokencontrol name="asset">
				<anchored to="asset_frame" position="over" />
				<tooltip textres="quickmap_tooltip_asset" />
				<nodrag />
				<script>
					function onClickDown(x, y)
						return true;
					end
					function onClickRelease(button, x, y)
						QuickMapManager.onAssetClick(WindowManager.getTopWindow(window));
						return true;
					end
					function onValueChanged()
						window.updateDisplay()
					end
				</script>
			</tokencontrol>
			<button_iadd_base name="asset_iadd">
				<anchored to="asset_frame" position="insidebottomright" offset="-5,-5" />
				<invisible />
				<script>
					function onButtonPress()
						QuickMapManager.onAssetClick(WindowManager.getTopWindow(window));
					end
				</script>
			</button_iadd_base>
			<button_idelete_base name="asset_idelete">
				<anchored to="asset_frame" position="insidebottomright" offset="-5,-5" />
				<invisible />
				<script>
					function onButtonPress()
						if getValue() == 0 then
							QuickMapManager.setAsset(WindowManager.getTopWindow(window), "");
						end
					end
				</script>
			</button_idelete_base>

			<button_text_toggle name="button_fill">
				<anchored to="contentanchor" height="20" width="100">
					<top relation="relative" offset="5" postoffset="5" />
					<left anchor="center" offset="-50" />
				</anchored>
				<state textres="quickmap_label_fill" />
				<invisible />
				<script>
					function onValueChanged()
						window.updateDisplay();
					end
				</script>
			</button_text_toggle>

			<header_content_framed_headersimple name="header_asset_size">
				<static textres="quickmap_label_asset_size" />
			</header_content_framed_headersimple>

			<button_text_toggle name="button_size_standard">
				<anchored to="contentanchor" height="20" width="100">
					<top relation="relative" offset="5" postoffset="5" />
					<left anchor="center" offset="-50" />
				</anchored>
				<state textres="option_val_standard" />
				<invisible />
				<default>1</default>
				<script>
					function onButtonPress()
						window.updateSizeDisplay(getName());
					end
				</script>
			</button_text_toggle>
			<button_text_toggle name="button_size_small">
				<anchored to="button_size_standard" position="lefthigh" offset="15,0" height="20" width="100" />
				<state textres="option_val_small" />
				<invisible />
				<script>
					function onButtonPress()
						window.updateSizeDisplay(getName());
					end
				</script>
			</button_text_toggle>
			<button_text_toggle name="button_size_large">
				<anchored to="button_size_standard" position="righthigh" offset="15,0" height="20" width="100" />
				<state textres="option_val_large" />
				<invisible />
				<script>
					function onButtonPress()
						window.updateSizeDisplay(getName());
					end
				</script>
			</button_text_toggle>
		</sheetdata>
	</windowclass>
	<windowclass name="quickmap_battle">
		<margins control="0,0,0,5" />
		<script>
			function updateDisplay()
				local sPath = battle_path.getValue();
				local bShow = (sPath ~= "");
				if sPath ~= "" then
					local sName = DB.getValue(DB.getPath(sPath, "name"), "");
					if sName == "" then
						sName = RecordDataManager.getRecordTypeDisplayTextEmpty("battle");
					end
					battle_name.setValue(sName);
					battle_reset.setVisible(true);
				else
					battle_name.setValue("");
					battle_reset.setVisible(false);
				end
			end
		</script>
		<sheetdata>
			<hs name="battle_path">
				<script>
					function onValueChanged()
						window.updateDisplay();
					end
				</script>
			</hs>

			<anchor_content_top />

			<header_content_framed_headersimple name="header_asset">
				<static textres="quickmap_label_encounter" />
			</header_content_framed_headersimple>

			<stringc_content_top name="battle_name">
				<tooltip textres="quickmap_tooltip_battle" />
				<empty textres="quickmap_label_battledefault" />
				<center />
				<readonly />
				<script>
					function onClickDown(button, x, y)
						return true;
					end
					function onClickRelease(button, x, y)
						QuickMapManager.onBattleClick(WindowManager.getTopWindow(window));
						return true;
					end
				</script>
			</stringc_content_top>
			<button_idelete_base name="battle_reset">
				<anchored to="battle_name" position="insidetopright" offset="0,0" />
				<script>
					function onButtonPress()
						if getValue() == 0 then
							QuickMapManager.setBattle(WindowManager.getTopWindow(window), "");
						end
					end
				</script>
			</button_idelete_base>
		</sheetdata>
	</windowclass>
	<windowclass name="quickmap_buttons">
		<margins control="0,0,0,5" />
		<sheetdata>
			<button_text name="button_submit">
				<anchored width="100">
					<top offset="5" />
					<left anchor="center" offset="-50" />
				</anchored>
				<state textres="quickmap_label_submit" />
				<script>
					function onButtonPress()
						QuickMapManager.onSubmitClick(WindowManager.getTopWindow(window));
					end
				</script>
			</button_text>
		</sheetdata>
	</windowclass>

	<template name="quickmap_formation_party_zone">
		<buttoncontrol>
			<anchored width="40" height="40" />
			<frame name="ps_formation_slot_base" />
			<state icon="" />
			<state icon="radial_effect" />
			<script>
				function onButtonPress()
					QuickMapManager.onPartyZoneClick(self);
				end
			</script>
		</buttoncontrol>
	</template>
	<template name="quickmap_formation_enemy_zone">
		<buttoncontrol>
			<anchored width="40" height="40" />
			<frame name="ps_formation_slot_base" />
			<state icon="" />
			<state icon="num1" />
			<state icon="num2" />
			<state icon="num3" />
			<state icon="num4" />
			<state icon="num5" />
			<state icon="num6" />
			<state icon="num7" />
			<state icon="num8" />
			<readonly />
			<script>
				function onClickDown()
					return true;
				end
				function onClickRelease()
					QuickMapManager.onEnemyZoneClick(self);
					return true;
				end
			</script>
		</buttoncontrol>
	</template>
	<windowclass name="quickmap_party">
		<margins control="0,0,0,5" />
		<sheetdata>
			<anchor_content_top />
			<anchor_content_bottom />

			<header_content_framed_headersimple name="header_party">
				<static textres="quickmap_label_party" />
			</header_content_framed_headersimple>

			<stringc_content_noframe_noscroll_static_bottom name="footer">
				<static textres="quickmap_label_party_bottom" />
				<center />
			</stringc_content_noframe_noscroll_static_bottom>
		</sheetdata>
	</windowclass>
	<windowclass name="quickmap_enemy">
		<margins control="0,0,0,5" />
		<sheetdata>
			<anchor_content_top />
			<anchor_content_bottom />

			<header_content_framed_headersimple name="header_enemy">
				<static textres="quickmap_label_enemy" />
			</header_content_framed_headersimple>

			<stringc_content_noframe_noscroll_static_bottom name="footer">
				<static textres="quickmap_label_enemy_bottom" />
				<center />
			</stringc_content_noframe_noscroll_static_bottom>
		</sheetdata>
	</windowclass>
</root>
