<?xml version="1.0" encoding="iso-8859-1"?>

<!--
	Please see the license.html file included with this distribution for
	attribution and copyright information.
-->

<root>
	<windowclass name="sound_settings_manage_file">
		<sheetdata>
			<anchor_content_top />

			<sub_content_top name="sub_data">
				<class>sound_settings_manage_file_sub_data</class>
			</sub_content_top>
		</sheetdata>
	</windowclass>
	<windowclass name="sound_settings_content_file">
		<script file="utility/scripts/sound_settings_content_file.lua" />
		<sheetdata>
			<anchor_content_top />

			<anchor_content_bottom />
			<sub_content_paging />

			<list_content_labeled name="list">
				<class>sound_settings_content_file_item</class>
				<sortby><control>name</control></sortby>
			</list_content_labeled>
			<scrollbar_content_list />

			<anchor_list_content_label_left />
			<anchor_list_content_label_right />
			<label_list_content_centered_right name="label_actions">
				<static textres="sound_label_settings_actions" />
			</label_list_content_centered_right>
			<label_list_content_string_noframe_right name="label_path">
				<anchored width="300" />
				<static textres="sound_label_settings_path" />
			</label_list_content_string_noframe_right>
			<label_list_content_noframe name="label_name">
				<static textres="sound_label_settings_name" />
			</label_list_content_noframe>
		</sheetdata>
	</windowclass>
	<windowclass name="sound_settings_filter_file">
		<margins control="0,0,0,5"/>
		<script file="utility/scripts/sound_settings_filter_file.lua" />
		<sheetdata>
			<anchor_content_top />
			<filter_content_top name="filter" />
		</sheetdata>
	</windowclass>

	<windowclass name="sound_settings_manage_file_sub_data">
		<sheetdata>
			<anchor_content_top />

			<header_content_framed_headersimple name="header">
				<static textres="sound_header_settings_manage_data" />
			</header_content_framed_headersimple>

			<spacer_content_top name="spacer_buttons">
				<anchored height="30" />
			</spacer_content_top>
			<button_text_sm name="button_import_text">
				<anchored to="spacer_buttons" width="90" >
					<top offset="5"/>
					<right anchor="center" offset="-55"/>
				</anchored>
				<state textres="sound_button_settings_import_text" />
				<script>
					function onButtonPress()
						SoundManagerFile.onButtonImportText();
					end
				</script>
			</button_text_sm>
			<button_text_sm name="button_import_csv">
				<anchored to="spacer_buttons" width="90" >
					<top offset="5"/>
					<left anchor="center" offset="-45"/>
				</anchored>
				<state textres="sound_button_settings_import_csv" />
				<script>
					function onButtonPress()
						SoundManagerFile.onButtonImportCSV();
					end
				</script>
			</button_text_sm>
			<button_text_sm name="button_clear">
				<anchored to="spacer_buttons" width="90">
					<top offset="5"/>
					<left anchor="center" offset="65"/>
				</anchored>
				<state textres="sound_button_settings_data_clear" />
				<script>
					function onButtonPress()
						SoundManagerFile.onButtonClear();
					end
				</script>
			</button_text_sm>
		</sheetdata>
	</windowclass>
	<windowclass name="sound_settings_file_import_text">
		<frame>utilitybox</frame>
		<sizelimits>
			<minimum width="500" height="500" />
			<dynamic />
		</sizelimits>
		<script>
			function onImport()
				SoundManagerFile.processImportText(text.getValue());
				close();
			end
		</script>
		<sheetdata>
			<windowtitlebar_utilitybox name="title" />
			<windowmenubar_utilitybox name="menubar" />

 			<anchor_content_utilitybox_top />
			<anchor_content_utilitybox_bottom />

			<button_text name="button_import">
				<anchored to="contentanchor" width="120">
					<bottom parent="bottomanchor" relation="relative" offset="-5" postoffset="-5" />
					<left anchor="center" offset="-60" />
				</anchored>
				<state textres="sound_button_settings_import_text" />
				<script>
					function onButtonPress()
						window.onImport();
					end
				</script>
			</button_text>
			<spacer_content_bottom name="spacer" />

			<stringc_content name="text">
				<empty textres="sound_empty_settings_file_import_text" />
			</stringc_content>

			<resize_utilitybox />
		</sheetdata>
	</windowclass>

	<windowclass name="sound_settings_content_file_item">
		<margins control="0,0,0,2"/>
		<sheetdata>
			<hs name="soundid" />

			<anchor_listitem_left_sm />
			<anchor_listitem_right_sm />

			<spacer_listitem_sound_actions name="spacer_actions" />
			<button_listitem_sound_play name="button_play" />
			<stringc_listitem_right_noframe_static_wrapped name="path">
				<anchored width="300" />
			</stringc_listitem_right_noframe_static_wrapped>

			<stringc_listitem_center_noframe_static name="name">
				<font>sheetlabel</font>
			</stringc_listitem_center_noframe_static>
		</sheetdata>
	</windowclass>
</root>
