<?xml version="1.0" encoding="iso-8859-1"?>

<!--
  Please see the license.html file included with this distribution for
  attribution and copyright information.
-->

<root>
	<template name="button_manualrolls">
		<button_text_sm>
			<anchored position="insidetopleft" offset="5,5" width="50" />
			<state textres="button_manualroll" />
			<script>
				function onButtonPress()
					Interface.openWindow("manualrolls", "");
				end
			</script>
		</button_text_sm>
	</template>
	<template name="stringc_manualroll">
		<stringc_content_column_noframe_static>
			<anchored>
				<right offset="-70" />
			</anchored>
		</stringc_content_column_noframe_static>
	</template>

	<windowclass name="manualrolls">
		<frame>utilitybox</frame>
		<placement>
			<nosave />
		</placement>
		<sizelimits>
			<minimum width="480" height="480" />
			<dynamic />
		</sizelimits>
		<softclose />
		<sheetdata>
			<windowtitlebar_utilitybox name="title" />
			<windowmenubar_utilitybox name="menubar" />

			<anchor_content_utilitybox_top />
			<anchor_content_utilitybox_bottom />

			<list_content_framed_groupbox name="list">
				<class>manualroll_entry</class>
				<sortby>
					<control>sort</control>
				</sortby>
			</list_content_framed_groupbox>
			<scrollbar_content_list />

			<resize_utilitybox />
		</sheetdata>
	</windowclass>
	<windowclass name="manualroll_entry">
		<margins control="0,0,0,15" />
		<frame>fieldlight</frame>
		<script file="utility/scripts/manualroll_entry.lua" />
		<sheetdata>
			<hnc name="sort" />

			<anchor_content_groupbox_top />

			<label_content_column name="rolltype_label">
				<static textres="manualroll_label_rolltype" />
			</label_content_column>
			<stringc_manualroll name="rolltype" />

			<label_content_column name="rollexpr_label">
				<static textres="manualroll_label_rollexpr" />
			</label_content_column>
			<stringc_manualroll name="rollexpr" />

			<label_content_column name="desc_label">
				<static textres="manualroll_label_desc" />
			</label_content_column>
			<stringc_manualroll name="desc" />

			<label_content_column name="source_label">
				<static textres="manualroll_label_source" />
			</label_content_column>
			<stringc_manualroll name="source" />

			<label_content_column name="targets_label">
				<static textres="manualroll_label_targets" />
			</label_content_column>
			<stringc_manualroll name="targets" />

			<list_content_top name="list">
				<anchored>
					<right offset="-70" />
					<sizelimits><minimum height="45" /></sizelimits>
				</anchored>
				<class>manualroll_die</class>
				<columns width="50" fillwidth="true" />
				<script>
					function onSortCompare(w1, w2)
						return w1.sort.getValue() &gt; w2.sort.getValue();
					end
				</script>
			</list_content_top>

			<spacer_content_top name="spacer_bottom">
				<anchored height="5" />
			</spacer_content_top>

			<button_dialog_ok name="button_ok">
				<anchored>
					<bottom parent="spacer_bottom" />
					<right parent="contentanchor" />
				</anchored>
			</button_dialog_ok>
			<button_dialog_roll name="button_roll">
				<anchored>
					<bottom parent="button_ok" anchor="top" />
					<right parent="contentanchor" />
				</anchored>
			</button_dialog_roll>
			<button_dialog_fauxroll name="button_fauxroll">
				<anchored to="button_roll" position="lefthigh" offset="0,0" />
				<gmvisibleonly />
			</button_dialog_fauxroll>
			<button_dialog_cancel name="button_cancel">
				<anchored to="contentanchor" position="insidetopright" offset="0,0" />
			</button_dialog_cancel>
		</sheetdata>
	</windowclass>
	<windowclass name="manualroll_die">
		<margins control="0,0,7,5" />
		<sheetdata>
			<hnc name="sort" />

			<basicnumberc name="value">
				<anchored position="insidetopleft" offset="7,20" height="20" width="30" />
				<script>
					function onEnter()
						if window.windowlist.window.isLastDie(window.sort.getValue()) then
							window.windowlist.window.processOK();
							return true;
						end
					end
				</script>
			</basicnumberc>
			<stringcontrol name="label">
				<anchored to="value" position="above" offset="0,0" height="20" />
				<center />
				<font>sheetlabel</font>
				<static />
			</stringcontrol>
		</sheetdata>
	</windowclass>
</root>
