<?xml version="1.0" encoding="iso-8859-1"?>

<!--
  Please see the license.html file included with this distribution for
  attribution and copyright information.
-->

<root>
	<template name="button_setup_link">
		<button_text>
			<script>
				function onButtonPress()
					if urlres then
						UtilityManager.sendToLink(Interface.getString(urlres[1]));
					elseif url then
						UtilityManager.sendToLink(url[1]);
					end
				end
			</script>
		</button_text>
	</template>
	<template name="button_setup_left_link">
		<button_setup_link>
			<anchored to="contentanchor">
				<top relation="relative" offset="5" postoffset="5" />
				<left offset="5" />
				<right anchor="center" offset="-5" />
			</anchored>
		</button_setup_link>
	</template>
	<template name="button_setup_right_link">
		<button_setup_link>
			<anchored to="contentanchor">
				<top relation="current" offset="-25" />
				<left anchor="center" offset="5" />
				<right offset="-5" />
			</anchored>
		</button_setup_link>
	</template>
	<template name="button_setup_moduleset">
		<button_text>
			<script>
				local sModuleSetName = nil;
				local aModuleSet = nil;
				function setData(sNameValue, aModuleSetValue)
					sModuleSetName = sNameValue;
					aModuleSet = aModuleSetValue;
					setText(sModuleSetName);
				end
				function onButtonPress()
					local w = Interface.openWindow("modulesetload", "");
					w.setData(sModuleSetName, aModuleSet);
				end
			</script>
		</button_text>
	</template>
	<template name="button_setup_left_moduleset">
		<button_setup_moduleset>
			<anchored to="contentanchor">
				<top relation="relative" offset="5" postoffset="5" />
				<left offset="5" />
				<right anchor="center" offset="-5" />
			</anchored>
		</button_setup_moduleset>
	</template>
	<template name="button_setup_right_moduleset">
		<button_setup_moduleset>
			<anchored to="contentanchor">
				<top relation="current" offset="-25" />
				<left anchor="center" offset="5" />
				<right offset="-5" />
			</anchored>
		</button_setup_moduleset>
	</template>

	<windowclass name="setup">
		<frame>utilitybox</frame>
		<placement>
			<nosave />
		</placement>
		<sizelimits>
			<minimum width="480" height="400" />
			<dynamic />
		</sizelimits>
		<script file="utility/scripts/setup.lua" />
		<sheetdata>
			<windowtitlebar_utilitybox name="title" />
			<windowmenubar_utilitybox name="menubar" />

			<anchor_content_utilitybox_top />
			<anchor_content_utilitybox_bottom />

			<sub_content_buttons_groupbox_bottom name="sub_buttons">
				<class>setup_buttons</class>
			</sub_content_buttons_groupbox_bottom>

			<area_content_framed_groupbox name="contentframe" />
			<subwindow name="step1">
				<anchored to="contentframe" position="over" />
				<class>setup_step1</class>
				<fastinit />
				<activate />
			</subwindow>
			<scrollbar>
				<anchored to="step1" />
				<target>step1</target>
			</scrollbar>
			<subwindow name="step2">
				<anchored to="contentframe" position="over" />
				<class>setup_step2</class>
			</subwindow>
			<scrollbar>
				<anchored to="step2" />
				<target>step2</target>
			</scrollbar>
			<subwindow name="step3">
				<anchored to="contentframe" position="over" />
				<class>setup_step3</class>
			</subwindow>
			<scrollbar>
				<anchored to="step3" />
				<target>step3</target>
			</scrollbar>

			<resize_utilitybox />
		</sheetdata>
	</windowclass>
	<windowclass name="setup_buttons">
		<margins control="0,0,0,5" />
		<sheetdata>
			<button_text name="button_next">
				<anchored position="insidetopright" offset="10,5" height="20" width="60" />
				<state textres="setup_button_next" />
				<script>
					function onButtonPress()
						WindowManager.callOuterWindowFunction(window, "onButtonNext");
					end
				</script>
			</button_text>
			<button_text name="button_prev">
				<anchored position="insidetopleft" offset="10,5" height="20" width="60" />
				<state textres="setup_button_prev" />
				<invisible />
				<script>
					function onButtonPress()
						WindowManager.callOuterWindowFunction(window, "onButtonPrev");
					end
				</script>
			</button_text>

			<button_text name="button_finish">
				<anchored position="insidetopright" offset="10,5" height="20" width="60" />
				<state textres="setup_button_finish" />
				<invisible />
				<script>
					function onButtonPress()
						WindowManager.getTopWindow(window).close();
					end
				</script>
			</button_text>

			<buttonc_checkbox name="showonload">
				<anchored height="20" width="20">
					<top offset="5" />
					<left anchor="center" offset="40" />
				</anchored>
				<script>
					function onInit()
						if CampaignRegistry.setup then
							setValue(0);
						else
							setValue(1);
						end
					end
					function onClose()
						if getValue() == 0 then
							CampaignRegistry.setup = true;
						else
							CampaignRegistry.setup = nil;
						end
					end
				</script>
			</buttonc_checkbox>
			<label name="showonload_label">
				<anchored to="showonload" position="lefthigh" offset="10,0" height="20" width="90" />
				<static textres="setup_label_showonload" />
			</label>
		</sheetdata>
	</windowclass>
	<windowclass name="setup_step1">
		<sheetdata>
			<anchor_content_top />

			<header_content_framed_headersimple name="header">
				<static textres="setup_header_help" />
			</header_content_framed_headersimple>
			<stringc_content_noframe_noscroll_static_top>
				<static textres="setup_text_help" />
			</stringc_content_noframe_noscroll_static_top>

			<spacer_content_top>
				<anchored height="5" />
			</spacer_content_top>

			<button_setup_left_link name="button_manual">
				<state textres="setup_button_manual" />
				<urlres>setup_url_userguides</urlres>
			</button_setup_left_link>
			<button_setup_right_link name="button_forums">
				<state textres="setup_button_forums" />
				<urlres>setup_url_forums</urlres>
			</button_setup_right_link>

			<spacer_content_top name="spacer_purchases">
				<anchored height="20" />
			</spacer_content_top>

			<header_content_framed_headersimple name="header">
				<static textres="setup_header_purchases" />
			</header_content_framed_headersimple>
			<stringc_content_noframe_noscroll_static_top>
				<static textres="setup_text_purchases" />
			</stringc_content_noframe_noscroll_static_top>
		</sheetdata>
	</windowclass>
	<windowclass name="setup_step2">
		<script>
			function onInit()
				local bRight = false;
				local aModuleSets = DesktopManager.getDataModuleSets();
				for k,v in ipairs(aModuleSets) do
					local c;
					if bRight then
						c = createControl("button_setup_right_moduleset", "button_moduleset" .. k);
					else
						c = createControl("button_setup_left_moduleset", "button_moduleset" .. k);
					end
					c.setData(v.sName, v.aModules);
					bRight = not bRight;
				end
			end
		</script>
		<sheetdata>
			<anchor_content_top />

			<header_content_framed_headersimple name="header">
				<static textres="setup_header_modules" />
			</header_content_framed_headersimple>
			<stringc_content_noframe_noscroll_static_top>
				<static textres="setup_text_modules" />
			</stringc_content_noframe_noscroll_static_top>

			<spacer_content_top>
				<anchored height="5" />
			</spacer_content_top>

			<button_text_content_top>
				<state textres="setup_button_modules" />
				<script>
					function onButtonPress()
						Interface.openWindow("moduleselection", "");
					end
				</script>
			</button_text_content_top>
		</sheetdata>
	</windowclass>
	<windowclass name="setup_step3">
		<sheetdata>
			<anchor_content_top />

			<header_content_framed_headersimple name="header">
				<static textres="setup_header_options" />
			</header_content_framed_headersimple>
			<stringc_content_noframe_noscroll_static_top>
				<static textres="setup_text_options" />
			</stringc_content_noframe_noscroll_static_top>

			<spacer_content_top>
				<anchored height="5" />
			</spacer_content_top>

			<button_text_content_top>
				<state textres="setup_button_options" />
				<script>
					function onButtonPress()
						Interface.openWindow("options", "");
					end
				</script>
			</button_text_content_top>
		</sheetdata>
	</windowclass>

	<windowclass name="modulesetload">
		<frame>utilitybox</frame>
		<placement>
			<nosave />
		</placement>
		<sizelimits>
			<minimum width="650" height="450" />
			<dynamic />
		</sizelimits>
		<script>
			function setData(sSetName, aModules)
				list.closeAll();
				setname.setValue(sSetName:upper());

				local aModuleText = {};
				for _,v in ipairs(aModules) do
					local w = list.createWindow();
					if w then
						w.setData(v);
					end
				end
			end
		</script>
		<sheetdata>
			<windowtitlebar_utilitybox name="title" />
			<windowmenubar_utilitybox name="menubar" />

			<anchor_content_utilitybox_top />
			<anchor_content_utilitybox_bottom />

			<header_content_framed_headersimple name="setname" />
			<list_content_framed_groupbox name="list">
				<class>modulesetload_entry</class>
			</list_content_framed_groupbox>
			<scrollbar_content_list />

			<resize_utilitybox />
		</sheetdata>
	</windowclass>
	<windowclass name="modulesetload_entry">
		<margins control="0,0,0,5" />
		<frame>fieldlight</frame>
		<script>
			local _sProductID = "";

			function setData(tModuleRecord)
				_sProductID = tModuleRecord.storeid;

				local sDisplayName = tModuleRecord.displayname or tModuleRecord.name;
				name.setValue(sDisplayName);

				local info = Module.getModuleInfo(tModuleRecord.name);
				if not info then
					statusicon.setIcon("module_stateblocked");
					if (tModuleRecord.storeid or "") ~= "" then
						button_shopping.setVisible(true);
					end
					if not Session.IsHost then
						status.setValue("Not Available");
					else
						status.setValue("Not Installed");
					end
				else
					if not Session.IsHost and (info.permission == "disallow") then
						statusicon.setIcon("module_stateblocked");
						status.setValue("Disabled by GM");
					else
						statusicon.setIcon("module_stateallowed");
						if info.loaded then
							status.setValue("Already loaded");
						else
							Module.activate(tModuleRecord.name);
							status.setValue("Loaded");
						end
					end
				end
			end
			function onButtonShop()
				UtilityManager.sendToStoreDLCModule(_sProductID);
			end
		</script>
		<sheetdata>
			<genericcontrol name="anchor_right">
				<anchored height="20" width="0">
					<top offset="5" />
					<right />
				</anchored>
			</genericcontrol>
			<genericcontrol name="statusicon">
				<anchored to="anchor_right" width="40" height="40">
					<top />
					<right anchor="left" relation="relative" offset="-5" />
				</anchored>
			</genericcontrol>
			<buttoncontrol name="button_shopping">
				<anchored to="anchor_right" width="16" height="16">
					<top offset="12" />
					<right anchor="left" relation="relative" offset="-5" />
				</anchored>
				<frame name="fielddark" offset="8,8,8,8" />
				<state icon="shopping" />
				<invisible />
				<script>
					function onButtonPress()
						window.onButtonShop();
					end
				</script>
			</buttoncontrol>
			<label name="status">
				<anchored to="anchor_right" width="200">
					<top offset="10" />
					<right anchor="left" relation="relative" offset="-5" />
				</anchored>
				<disabled />
			</label>

			<simplestringc name="name">
				<anchored to="anchor_right">
					<top offset="10" />
					<left parent="" offset="15" />
					<right anchor="left" relation="relative" offset="-10" />
				</anchored>
				<multilinespacing>20</multilinespacing>
				<static />
				<disabled />
			</simplestringc>
		</sheetdata>
	</windowclass>
</root>
