<?xml version="1.0" encoding="iso-8859-1"?>

<!--
  Please see the license.html file included with this distribution for
  attribution and copyright information.
-->

<root>
	<!-- Color Select -->
	<windowclass name="colorselect">
		<frame>utilitybox</frame>
		<placement>
			<size width="260" height="200" />
		</placement>
		<helplinkres>help_tool_color</helplinkres>
		<script file="utility/scripts/colorselect.lua" />
		<sheetdata>
			<windowtitlebar_utilitybox name="title" />
			<windowmenubar_utilitybox name="menubar" />

			<anchor_content_utilitybox_top />

			<anchor_content_utilitybox_bottom />

			<area_content_framed_groupbox name="frame_color" />
			<colorpick name="color">
				<anchored to="frame_color">
					<top anchor="center" offset="-25" />
					<left anchor="center" offset="-25" />
				</anchored>
			</colorpick>
		</sheetdata>
	</windowclass>

	<!-- Message of the Day -->
	<windowclass name="motd">
		<frame>utilitybox</frame>
		<sizelimits>
			<minimum width="400" height="400" />
			<dynamic />
		</sizelimits>
		<minimize>minimized_encounter</minimize>
		<tooltip textres="motd_window_title" />
		<sheetdata>
			<windowtitlebar_utilitybox name="title" />
			<windowmenubar_utilitybox name="menubar" />

			<anchor_content_utilitybox_top />
			<anchor_content_utilitybox_bottom />

			<area_content_framed_groupbox_top name="area_controls">
				<anchored height="30" />
			</area_content_framed_groupbox_top>
			<linkcontrol name="link">
				<anchored to="area_controls" position="insidetopleft" offset="10,5" width="20" height="20" />
				<description textres="motd_window_title" />
				<class>motd</class>
				<readonly />
			</linkcontrol>
			<button_refresh name="button_replace">
				<anchored to="area_controls" position="insidetopright" offset="10,5" />
				<tooltip textres="motd_tooltip_replace" />
				<gmvisibleonly />
				<script>
					function onDrop(x, y, draginfo)
						if draginfo.isType("shortcut") then
							local sClass, sRecord = draginfo.getShortcutData();
							if sClass == "encounter" then
								window.text.setValue(DB.getValue(DB.getPath(sRecord, "text")));
								return true;
							end
						end
					end
				</script>
			</button_refresh>

			<ft_content_framed_groupbox name="text">
				<empty textres="motd_empty" hidereadonly="true" />
			</ft_content_framed_groupbox>
			<scrollbar_content_text />

			<resize_utilitybox />
		</sheetdata>
	</windowclass>

	<!-- Portrait Select (Old Style) -->
	<windowclass name="portrait_select">
		<frame>tokenbag</frame>
		<placement>
			<nosave />
		</placement>
		<sizelimits>
			<minimum width="420" height="400" />
			<dynamic />
		</sizelimits>
		<script file="utility/scripts/portrait_select.lua" />
		<sheetdata>
			<windowtitlebar_tokenbag name="title" />
			<windowmenubar_tokenbag name="menubar" />

			<anchor_content_tokenbag_top />
			<anchor_content_tokenbag_bottom />

			<sub_content_buttons_bottom name="sub_buttons">
				<class>portrait_select_buttons</class>
			</sub_content_buttons_bottom>

			<list_content name="list">
				<class>portrait_select_entry</class>
				<columns width="110" fillwidth="true" />
				<empty font="assetview_empty" textres="portraitselect_empty" />
			</list_content>
			<scrollbar_list />

			<resize_tokenbag />
		</sheetdata>
	</windowclass>
	<windowclass name="portrait_select_buttons">
		<margins control="0,0,0,5" />
		<sheetdata>
			<button_text name="button_folder">
				<anchored width="70">
					<top offset="5" />
					<left anchor="center" offset="-10" />
				</anchored>
				<state textres="button_folder" />
				<script>
					function onButtonPress()
						Interface.openDataFolder("portraits");
						WindowManager.getTopWindow(window).close();
					end
				</script>
			</button_text>

			<button_refresh name="button_refresh">
				<anchored>
					<top offset="5" />
					<left anchor="center" offset="70" />
				</anchored>
				<tooltip textres="button_folder_refresh_tooltip" />
				<script>
					function onButtonPress()
						Interface.refreshAssets();
						WindowManager.callOuterWindowFunction(window, "buildWindows");
					end
				</script>
			</button_refresh>
			<button_store name="button_store">
				<anchored width="70">
					<top offset="5" />
					<left anchor="center" offset="-90" />
				</anchored>
				<source>portrait</source>
			</button_store>
		</sheetdata>
	</windowclass>

	<windowclass name="portrait_select_entry">
		<margins control="0,0,0,10" />
		<frame>tokenbagasset</frame>
		<sizelimits>
			<minimum width="110" height="110" />
		</sizelimits>
		<script>
			function onClickDown()
				return true;
			end
			function onClickRelease()
				WindowManager.callOuterWindowFunction(self, "onActivate", portrait.getFile());
				return true;
			end
		</script>
		<sheetdata>
			<portraitselectioncontrol name="portrait">
				<bounds>5,5,100,100</bounds>
				<tooltip nodelay="true" />
				<base>charlist_base</base>
				<mask>charlist_mask</mask>
				<script>
					function onClickDown()
						return window.onClickDown();
					end
					function onClickRelease()
						return window.onClickRelease();
					end
				</script>
			</portraitselectioncontrol>
			<stringcontrol name="name">
				<anchored to="portrait" position="below" offset="-10,0" />
				<font>tokenbagasset_grid</font>
				<static />
				<script>
					function onClickDown()
						return window.onClickDown();
					end
					function onClickRelease()
						return window.onClickRelease();
					end
				</script>
			</stringcontrol>
		</sheetdata>
	</windowclass>
	<windowclass name="portrait_select_up">
		<frame>tokenbagasset</frame>
		<sizelimits>
			<minimum width="110" height="110" />
		</sizelimits>
		<sheetdata>
			<genericcontrol name="icon">
				<bounds>5,5,100,100</bounds>
				<icon>tokenbagup</icon>
				<tooltip nodelay="true" />
				<script>
					function onClickDown()
						return true;
					end
					function onClickRelease()
						window.windowlist.window.onPathUp();
						return true;
					end
				</script>
			</genericcontrol>
		</sheetdata>
	</windowclass>
	<windowclass name="portrait_select_folder">
		<margins control="0,0,0,10" />
		<frame>tokenbagasset</frame>
		<sizelimits>
			<minimum width="110" height="110" />
		</sizelimits>
		<script>
			function onClickDown()
				return true;
			end
			function onClickRelease()
				windowlist.window.onPathSelect(path.getValue());
				return true;
			end
		</script>
		<sheetdata>
			<genericcontrol name="icon">
				<bounds>5,5,100,100</bounds>
				<icon>tokenbag</icon>
				<tooltip nodelay="true" />
				<script>
					function onClickDown()
						return window.onClickDown();
					end
					function onClickRelease()
						return window.onClickRelease();
					end
				</script>
			</genericcontrol>
			<stringcontrol name="path">
				<anchored to="icon" position="below" offset="-10,0" />
				<font>tokenbagasset_grid</font>
				<static />
				<script>
					function onClickDown()
						return window.onClickDown();
					end
					function onClickRelease()
						return window.onClickRelease();
					end
				</script>
			</stringcontrol>
		</sheetdata>
	</windowclass>
</root>
