<?xml version="1.0" encoding="iso-8859-1"?>

<!--
  Please see the license.html file included with this distribution for
  attribution and copyright information.
-->

<root>
	<!-- Assets Window - Base -->
	<windowclass name="asset_base">
		<frame>tokenbag</frame>
		<sizelimits>
			<minimum width="495" height="480" />
			<dynamic />
		</sizelimits>
		<script file="utility/scripts/asset_base.lua" />
		<sheetdata>
			<windowtitlebar_tokenbag name="title" />
			<windowmenubar_tokenbag name="menubar" />

			<anchor_content_tokenbag_top name="contentanchor" />
			<anchor_content_tokenbag_bottom name="bottomanchor" />

			<filter_assetview name="filter" />
			<button_asset_viewchange name="button_viewchange" />

			<assetview_content name="assets">
				<grid spacing="0,0" width="100" height="100" frame="tokenbagasset" frameoffset="5,5,5,5" font="tokenbagasset_grid" />
				<list spacing="0,0" height="75" frame="tokenbagasset" frameoffset="5,5,5,5" font="tokenbagasset_list" />
				<filter control="filter" min="3" />
			</assetview_content>

			<button_assets_content_page_prev name="page_prev" />
			<button_assets_content_page_next name="page_next" />

			<resize_tokenbag />
		</sheetdata>
	</windowclass>

	<!-- Assets Window - General -->
	<windowclass name="tokenbag" copy="asset_base">
		<windowmenu>
			<showlink />
		</windowmenu>
		<helplinkres>help_tool_tokens</helplinkres>
		<sheetdata>
			<sub_content_top name="sub_controls_top" insertbefore="bottomanchor">
				<anchored height="30" />
				<class>asset_controls_top</class>
			</sub_content_top>
			<sub_content_top name="sub_filter_path" insertbefore="bottomanchor">
				<class>asset_filter_path</class>
			</sub_content_top>

			<sub_content_buttons_bottom name="sub_buttons" insertbefore="filter">
				<class>tokenbag_buttons</class>
			</sub_content_buttons_bottom>

			<assetview_content name="assets">
				<icon hover="asset_preview" />
				<skipfolderup />
			</assetview_content>
		</sheetdata>
	</windowclass>
	<windowclass name="tokenbag_buttons">
		<margins control="0,0,0,5" />
		<sheetdata>
			<button_text name="button_shared">
				<anchored width="70">
					<top offset="5" />
					<left offset="10" />
				</anchored>
				<state textres="tokenbag_button_shared" />
				<script>
					function onButtonPress()
						Interface.openWindow("picturelist", "picture");
					end
				</script>
			</button_text>

			<button_store name="button_asset_store">
				<anchored width="70">
					<top offset="5" />
					<right offset="-120" />
				</anchored>
				<gmvisibleonly />
				<script>
					function getSource()
						local sFilterName = WindowManager.callOuterWindowFunction(window, "getTypeFilter");
						if sFilterName == "" then sFilterName = "asset"; end
						return sFilterName;
					end
				</script>
			</button_store>
			<button_text name="button_asset_folder">
				<anchored width="70">
					<top offset="5" />
					<right offset="-40" />
				</anchored>
				<state textres="button_folder" />
				<gmvisibleonly />
				<script>
					function onButtonPress()
						local sFilterName = WindowManager.callOuterWindowFunction(window, "getTypeFilter");
						if sFilterName == "token" then
							if Session.IsHost then
								Interface.openCampaignFolder("tokens");
							else
								Interface.openDataFolder("tokens");
							end
						elseif sFilterName == "portrait" then
							Interface.openDataFolder("portraits");
						elseif sFilterName == "image" then
							Interface.openCampaignFolder("images");
						else
							Interface.openDataFolder();
						end
					end
				</script>
			</button_text>
			<button_refresh name="button_asset_folder_refresh">
				<anchored>
					<top offset="5" />
					<right offset="-10" />
				</anchored>
				<tooltip textres="button_folder_refresh_tooltip" />
				<gmvisibleonly />
				<script>
					function onButtonPress()
						Interface.refreshAssets();
					end
				</script>
			</button_refresh>
		</sheetdata>
	</windowclass>

	<!-- Assets Window - Decal Select -->
	<windowclass name="decal_select" copy="asset_base">
		<sizelimits>
			<minimum width="675" height="540" />
		</sizelimits>
		<nohistory />
		<script file="utility/scripts/asset_decal_select.lua" />
		<sheetdata>
			<sub_content_buttons_bottom name="sub_buttons" insertbefore="filter">
				<class>decal_select_buttons</class>
			</sub_content_buttons_bottom>

			<assetview_content name="assets">
				<grid width="150" height="150" />
				<list height="100" />
				<filter control="filter" min="3" type="image" key="images/decals" />
				<skipfolders />
				<nodrag />
			</assetview_content>
		</sheetdata>
	</windowclass>
	<windowclass name="decal_select_buttons">
		<margins control="0,0,0,5" />
		<sheetdata>
			<button_text name="button_clear">
				<anchored position="insidetopleft" offset="20,5" width="120" />
				<state textres="decalselect_button_clear" />
				<script>
					function onButtonPress()
						WindowManager.callOuterWindowFunction(window, "handleClear");
					end
				</script>
			</button_text>

			<button_text name="button_cancel">
				<anchored position="insidetopright" offset="20,5" width="60" />
				<state textres="button_dialog_cancel" />
				<script>
					function onButtonPress()
						WindowManager.callOuterWindowFunction(window, "handleCancel");
					end
				</script>
			</button_text>
			<button_text name="button_ok">
				<anchored position="insidetopright" offset="90,5" width="60" />
				<state textres="button_dialog_ok" />
				<script>
					function onButtonPress()
						WindowManager.callOuterWindowFunction(window, "handleOK");
					end
				</script>
			</button_text>
		</sheetdata>
	</windowclass>

	<!-- Assets Window - Init Indicator Select -->
	<windowclass name="initind_select" copy="asset_base">
		<sizelimits>
			<minimum width="675" height="540" />
		</sizelimits>
		<nohistory />
		<script file="utility/scripts/asset_initind_select.lua" />
		<sheetdata>
			<sub_content_buttons_groupbox_bottom name="sub_buttons" insertbefore="filter">
				<anchored height="60" />
				<class>initind_select_buttons</class>
			</sub_content_buttons_groupbox_bottom>

			<assetview_content name="assets">
				<grid width="150" height="150" />
				<list height="100" />
				<filter control="filter" min="3" type="image" key="images/Initiative" />
				<skipfolders />
				<nodrag />
			</assetview_content>
		</sheetdata>
	</windowclass>
	<windowclass name="initind_select_buttons">
		<margins control="0,0,0,5" />
		<sheetdata>
			<button_text name="button_folder">
				<anchored position="insidetopleft" offset="10,5" width="120" />
				<state textres="button_folder" />
				<script>
					function onButtonPress()
						WindowManager.callOuterWindowFunction(window, "handleFolder");
					end
				</script>
			</button_text>
			<button_refresh name="button_folder_refresh">
				<anchored to="button_folder" position="righthigh" offset="10,0" />
				<tooltip textres="button_folder_refresh_tooltip" />
				<script>
					function onButtonPress()
						Interface.refreshAssets();
					end
				</script>
			</button_refresh>

			<button_stringcycler name="placement">
				<anchored width="60">
					<top offset="5" />
					<left anchor="center" offset="10" />
				</anchored>
				<sourceless />
				<parameters>
					<defaultlabelres>option_val_under</defaultlabelres>
					<labelsres>option_val_over</labelsres>
					<values>over</values>
				</parameters>
				<script>
					function onValueChanged()
						WindowManager.callOuterWindowFunction(window, "onPlacementChange");
					end
				</script>
			</button_stringcycler>
			<label name="placement_label">
				<anchored to="placement" position="lefthigh" offset="10,0" />
				<static textres="asset_initind_displayorder" />
			</label>

			<button_text name="button_default">
				<anchored position="insidetopleft" offset="10,35" width="120" />
				<state textres="button_default" />
				<script>
					function onButtonPress()
						WindowManager.callOuterWindowFunction(window, "handleDefault");
					end
				</script>
			</button_text>

			<button_text name="button_cancel">
				<anchored position="insidetopright" offset="10,35" width="60" />
				<state textres="button_dialog_cancel" />
				<script>
					function onButtonPress()
						WindowManager.callOuterWindowFunction(window, "handleCancel");
					end
				</script>
			</button_text>
			<button_text name="button_ok">
				<anchored position="insidetopright" offset="80,35" width="60" />
				<state textres="button_dialog_ok" />
				<script>
					function onButtonPress()
						WindowManager.callOuterWindowFunction(window, "handleOK");
					end
				</script>
			</button_text>
		</sheetdata>
	</windowclass>

	<!-- Asset Preview -->
	<windowclass name="asset_preview">
		<frame>tokenbag</frame>
		<placement>
			<nosave />
		</placement>
		<sizelimits>
			<dynamic />
			<minimum width="485" height="540" />
		</sizelimits>
		<windowmenu>
			<nolink />
		</windowmenu>
		<helplinkres>help_tool_tokens</helplinkres>
		<script file="utility/scripts/tokenbag_preview.lua" />
		<sheetdata>
			<windowtitlebar_tokenbag name="title" />
			<windowmenubar_tokenbag name="menubar" />

			<anchor_content_tokenbag_top />
			<anchor_content_tokenbag_bottom />

			<sub_content_framed_groupbox_top name="sub_path">
				<class>asset_preview_path</class>
			</sub_content_framed_groupbox_top>

			<sub_content_buttons_bottom name="sub_buttons">
				<anchored height="60" />
				<class>asset_preview_buttons</class>
			</sub_content_buttons_bottom>

			<area_content_framed_groupbox name="preview">
				<disabled merge="delete" />
				<script>
					function onDragStart(button, x, y, draginfo)
						return window.handleDrag(draginfo);
					end
				</script>
			</area_content_framed_groupbox>

			<resize_tokenbag />
		</sheetdata>
	</windowclass>
	<windowclass name="asset_preview_path">
		<margins control="0,0,0,2" />
		<sheetdata>
			<anchor_content_top />
			<label_content_column name="module_label">
				<static textres="asset_label_module" />
			</label_content_column>
			<stringc_content_column_noframe_static name="module" />
			<label_content_column name="path_label">
				<static textres="asset_label_path" />
			</label_content_column>
			<stringc_content_column_noframe_static name="path" />
		</sheetdata>
	</windowclass>
	<windowclass name="asset_preview_buttons">
		<margins control="0,0,0,5" />
		<sheetdata>
			<button_text name="button_share">
				<anchored position="insidetopleft" offset="10,5" width="120" />
				<state textres="asset_preview_share" />
				<script>
					function onButtonPress()
						WindowManager.callOuterWindowFunction(window, "onShareClicked");
					end
				</script>
			</button_text>
			<button_text name="button_share_by_name">
				<anchored position="insidetopleft" offset="140,5" width="120" />
				<state textres="asset_preview_share_by_name" />
				<script>
					function onButtonPress()
						WindowManager.callOuterWindowFunction(window, "onShareByNameClicked");
					end
				</script>
			</button_text>
			<button_text name="button_quickmap">
				<anchored position="insidetopleft" offset="10,35" width="120" />
				<state textres="quickmap_window_title" />
				<script>
					function onButtonPress()
						WindowManager.callOuterWindowFunction(window, "onQuickMapClicked");
					end
				</script>
			</button_text>

			<button_text name="button_decal">
				<anchored position="insidetopright" offset="10,5" width="150" />
				<state textres="asset_preview_decal" />
				<script>
					function onButtonPress()
						WindowManager.callOuterWindowFunction(window, "onDecalClicked");
					end
				</script>
			</button_text>
			<button_text name="button_import">
				<anchored position="insidetopright" offset="10,35" width="150" />
				<state textres="asset_preview_import" />
				<script>
					function onButtonPress()
						WindowManager.callOuterWindowFunction(window, "onImportClicked");
					end
				</script>
			</button_text>
		</sheetdata>
	</windowclass>

	<!-- Asset Windows - Helper Templates/Classes -->
	<windowclass name="asset_controls_top">
		<margins control="0,0,0,5" />
		<sheetdata>
			<anchor_listitem_left />
			<anchor_listitem_right />

			<button_listitem_icon_left name="button_home">
				<icon normal="button_toolbar_home" />
				<tooltip textres="tooltip_home" />
				<script>
					function onButtonPress()
						WindowManager.callOuterWindowFunction(window, "handleHome");
						return true;
					end
				</script>
			</button_listitem_icon_left>
			<button_listitem_icon_left name="button_back">
				<icon normal="button_toolbar_history_back" />
				<tooltip textres="tooltip_history_back" />
				<script>
					function onButtonPress()
						WindowManager.callOuterWindowFunction(window, "handleHistoryBack");
						return true;
					end
				</script>
			</button_listitem_icon_left>			
		</sheetdata>
	</windowclass>
	<template name="button_asset_typefilter">
		<button_listitem_text_toggle_right>
			<anchored width="60" />
		</button_listitem_text_toggle_right>
	</template>
	<template name="button_asset_typefilter_token">
		<button_asset_typefilter>
			<textres>asset_label_type_token</textres>
			<script>
				function onButtonPress()
					WindowManager.callOuterWindowFunction(window, "handleTypeFilter", "token");
				end
			</script>
		</button_asset_typefilter>
	</template>
	<template name="button_asset_typefilter_portrait">
		<button_asset_typefilter>
			<textres>asset_label_type_portrait</textres>
			<script>
				function onButtonPress()
					WindowManager.callOuterWindowFunction(window, "handleTypeFilter", "portrait");
				end
			</script>
		</button_asset_typefilter>
	</template>
	<template name="button_asset_typefilter_image">
		<button_asset_typefilter>
			<textres>asset_label_type_image</textres>
			<script>
				function onButtonPress()
					WindowManager.callOuterWindowFunction(window, "handleTypeFilter", "image");
				end
			</script>
		</button_asset_typefilter>
	</template>
	<template name="button_asset_typefilter_all">
		<button_asset_typefilter>
			<textres>asset_label_type_all</textres>
			<script>
				function onButtonPress()
					WindowManager.callOuterWindowFunction(window, "handleTypeFilter", "");
				end
			</script>
		</button_asset_typefilter>
	</template>

	<template name="filter_assetview">
		<filter_content_bottom>
			<anchored>
				<right offset="-45" />
			</anchored>
		</filter_content_bottom>
	</template>
	<template name="button_asset_viewchange">
		<buttoncontrol>
			<anchored to="filter" position="righthigh" offset="15,0" width="20" height="20" />
			<state icon="button_grid" />
			<state icon="button_lines" />
			<tooltip textres="assetview_switchview" />
			<script>
				function onButtonPress()
					AssetWindowManager.onViewTypeButtonPressed(WindowManager.getTopWindow(window));
				end
			</script>
		</buttoncontrol>
	</template>

	<windowclass name="asset_filter_path">
		<margins control="0,0,0,5" />
		<sheetdata>
			<anchor_listitem_left />
			<windowlist name="list">
				<anchored to="leftanchor">
					<top />
					<left relation="relative" offset="5" postoffset="5" />
					<right parent="" />
					<sizelimits>
						<minimum height="20" />
					</sizelimits>
				</anchored>
				<class>asset_path_item</class>
				<columns width="150" fillwidth="true" />
			</windowlist>
		</sheetdata>
	</windowclass>
	<windowclass name="asset_path_item">
		<margins control="0,0,5,5" />
		<script>
			local _sSavedPath = "";
			function setData(sText, sPath)
				local sCapText = StringManager.capitalize(sText);
				button.setText(sCapText);
				button.setTooltipText(sCapText);
				_sSavedPath = sPath;
			end
			function activate()
				AssetWindowManager.onViewPathSelected(WindowManager.getTopWindow(self), _sSavedPath);
			end
		</script>
		<sheetdata>
			<button_text name="button">
				<anchored position="insidetopleft" offset="5,5" width="140" />
				<script>
					function onButtonPress()
						window.activate();
					end
				</script>
			</button_text>
		</sheetdata>
	</windowclass>
	<windowclass name="asset_path_item_current">
		<margins control="0,0,5,5" />
		<script>
			function setData(sText)
				local sCapText = StringManager.capitalize(sText);
				button.setText(sCapText);
				button.setTooltipText(sCapText);
			end
		</script>
		<sheetdata>
			<button_text name="button">
				<anchored position="insidetopleft" offset="5,5" width="140" />
			</button_text>
		</sheetdata>
	</windowclass>
	<windowclass name="asset_path_filter">
		<margins control="0,0,5,5" />
		<script>
			function setData(sFilter)
				local sText = Interface.getString("asset_label_filter") .. ": " .. sFilter
				button.setText(sText);
				button.setTooltipText(sText);
			end
			function activate()
				AssetWindowManager.onClearFilterButtonPressed(WindowManager.getTopWindow(self));
			end
		</script>
		<sheetdata>
			<button_text name="button">
				<anchored position="insidetopleft" offset="5,5" width="140" />
				<script>
					function onButtonPress()
						window.activate();
					end
				</script>
			</button_text>
		</sheetdata>
	</windowclass>
</root>
