<?xml version="1.0" encoding="iso-8859-1"?>

<!--
  Please see the license.html file included with this distribution for
  attribution and copyright information.
-->

<root>
	<windowclass name="imagedeathmarkersetlist" copy="settings_list">
		<placement>
			<size width="500" height="650" />
		</placement>
		<sheetdata>
			<windowtitlebar name="title">
				<resource>imagedeathmarkersetlist_window_title</resource>
			</windowtitlebar>

			<list_utility_setting name="list">
				<class>imagedeathmarkersetitem</class>
				<datasource>.</datasource>
			</list_utility_setting>
		</sheetdata>
	</windowclass>

	<windowclass name="imagedeathmarkersetitem">
		<margins control="0,0,0,5" />
		<script file="utility/scripts/image_deathmarkerset_item.lua"/>
		<sheetdata>
			<hs name="tint" />

			<anchor_listitem_left />
			<anchor_listitem_right />

			<button_listitem_idelete_left name="idelete">
				<editmode>list_iedit</editmode>
			</button_listitem_idelete_left>

			<genericcontrol name="columnanchor">
				<anchored position="insidetop" offset="-5,-5" height="0" />
				<disabled />
			</genericcontrol>

			<colorpick_sm name="tint_colorpick">
				<anchored to="rightanchor">
					<top />
					<right relation="relative" offset="-5" postoffset="-5" />
				</anchored>
				<default>FFFFFFFF</default>
				<allowalpha />
			</colorpick_sm>
			<label name="tint_label">
				<anchored to="rightanchor">
					<top />
					<right relation="relative" />
				</anchored>
				<static textres="imagedeathmarkersetitem_label_tint" />
			</label>
			<spacer_listitem_right name="spacer_tint">
				<anchored width="20" />
			</spacer_listitem_right>

			<label_listitem_left name="name_label">
				<static textres="imagedeathmarkersetitem_label_name" />
			</label_listitem_left>
			<string_listitem_center name="name" />

			<windowlist name="list">
				<anchored>
					<top parent="name" anchor="bottom" offset="10" />
					<left parent="leftanchor" anchor="right" offset="10" />
					<right parent="rightanchor" anchor="left" offset="-10" />
					<sizelimits>
						<minimum height="64" />
					</sizelimits>
				</anchored>
				<datasource>.assets</datasource>
				<class>imagedeathmarkersetitemasset</class>
				<columns width="64" fillwidth="true" />
				<noscroll />
				<empty font="list-empty" textres="imagedeathmarkersetitem_empty_assets" />
				<script>
					function onDrop(x, y, draginfo)
						return window.onListDrop(draginfo);
					end
				</script>
			</windowlist>
		</sheetdata>
	</windowclass>
	<windowclass name="imagedeathmarkersetitemasset">
		<frame>groupbox</frame>
		<margins control="0,0,2,2" />
		<script>
			function onInit()
				self.refreshAssetDisplay();
			end
			function refreshAssetDisplay()
				asset.setAsset(value.getValue());
				asset.setColor(windowlist.window.tint.getValue());
			end
		</script>
		<sheetdata>
			<hs name="value">
				<script>
					function onValueChanged()
						window.refreshAssetDisplay();
					end
				</script>
			</hs>

			<genericcontrol name="asset">
				<anchored position="insidetopleft" offset="2,2" width="60" height="60" />
				<script>
					function onDragStart(button, x, y, draginfo)
						draginfo.setType("image");
						draginfo.setTokenData(window.value.getValue());
						return true;
					end
				</script>
			</genericcontrol>
			<button_idelete name="idelete">
				<anchored position="insidetopright" offset="2,2" width="20" height="20"/>
				<editmode>list_iedit</editmode>
			</button_idelete>
		</sheetdata>
	</windowclass>
</root>
