<?xml version="1.0" encoding="iso-8859-1"?>

<!--
  Please see the license.html file included with this distribution for
  attribution and copyright information.
-->

<root>
	<windowclass name="library">
		<frame>utilitybox</frame>
		<placement>
			<size width="800" height="600" />
		</placement>
		<sizelimits>
			<minimum width="500" height="300" />
			<dynamic />
		</sizelimits>
		<helplinkres>help_tool_library</helplinkres>
		<script>
			function onInit()
				ModuleManager.initLibraryWindow(self);
			end
		</script>
		<sheetdata>
			<windowtitlebar_utilitybox name="title" />
			<windowmenubar_utilitybox name="menubar" />

			<anchor_content_utilitybox_top />
			<anchor_content_utilitybox_bottom />

			<sub_content_buttons_bottom name="sub_buttons">
				<class>library_buttons</class>
			</sub_content_buttons_bottom>

			<list_content_framed_groupbox_left name="booklist">
				<class>library_booklistentry</class>
				<empty font="list-empty" textres="library_empty_books" />
				<sortby>
					<control>category</control>
					<control>name</control>
				</sortby>
			</list_content_framed_groupbox_left>
			<scrollbar_content_base>
				<anchored to="booklist" />
				<target>booklist</target>
			</scrollbar_content_base>

			<list_content_framed_groupbox_right name="list">
				<class>library_pagelistentry</class>
				<child merge="resetandadd"></child>
				<child merge="add"><backcolor>1A40301E</backcolor></child>
				<empty font="list-empty" />
			</list_content_framed_groupbox_right>
			<scrollbar_content_list />

			<resize_utilitybox />
		</sheetdata>
	</windowclass>
	<windowclass name="library_buttons">
		<margins control="0,0,0,5" />
		<sheetdata>
			<genericcontrol name="leftanchor">
				<anchored position="insidetopleft" offset="10,5" width="0" height="20" />
				<disabled />
			</genericcontrol>
			<button_text name="button_modules">
				<anchored to="leftanchor" width="70">
					<top />
					<left relation="relative" offset="10" postoffset="10" />
				</anchored>
				<state textres="library_button_modules" />
				<script>
					function onButtonPress()
						Interface.openWindow("moduleselection", "");
					end
				</script>
			</button_text>
			<button_store name="button_store">
				<anchored to="leftanchor" width="70">
					<top />
					<left relation="relative" offset="10" postoffset="10" />
				</anchored>
				<gmvisibleonly />
				<source>library</source>
			</button_store>
			<button_text name="button_export">
				<anchored to="leftanchor" width="70">
					<top />
					<left relation="relative" offset="10" postoffset="10" />
				</anchored>
				<state textres="library_button_export" />
				<gmvisibleonly />
				<script>
					function onButtonPress()
						Interface.openWindow("export", "export");
					end
				</script>
			</button_text>
		</sheetdata>
	</windowclass>

	<windowclass name="library_booklistcategory">
		<margins control="0,0,0,2" />
		<frame>rowshade</frame>
		<script>
			local _sCategory = "";
			function getName()
				return "";
			end
			function getCategory()
				return _sCategory;
			end
			function setData(sCategory)
				_sCategory = sCategory;
				category.setValue(sCategory);
			end
		</script>
		<sheetdata>
			<hsc name="name" />

			<stringcontrol name="category">
				<bounds>5,2,-1,24</bounds>
				<font>reference-h</font>
				<static />
			</stringcontrol>
		</sheetdata>
	</windowclass>
	<windowclass name="library_booklistentry">
		<margins control="0,0,0,5" />
		<sizelimits>
			<minimum height="80" />
		</sizelimits>
		<script file="utility/scripts/library_booklist_entry.lua" />
		<sheetdata>
			<hsc name="category" />

			<buttoncontrol name="base">
				<anchored position="over" />
				<script>
					function onButtonPress()
						window.activate();
						return true;
					end
				</script>
			</buttoncontrol>
			<genericcontrol name="thumbnail">
				<bounds>5,5,70,70</bounds>
				<disabled />
			</genericcontrol>
			<stringcontrol name="name">
				<anchored position="insidetopleft" offset="90,20">
					<right offset="-5" />
				</anchored>
				<multilinespacing>20</multilinespacing>
				<font>sheetlabel</font>
				<disabled />
			</stringcontrol>
		</sheetdata>
	</windowclass>
	<windowclass name="library_pagelistentry">
		<margins control="0,0,0,2" />
		<sheetdata>
			<anchor_listitem_left_sm />
			<anchor_listitem_right_sm />

			<link_listitem_left name="librarylink" />
			<string_listitem_center_noframe_static_linked name="name">
				<linktarget>librarylink</linktarget>
			</string_listitem_center_noframe_static_linked>
		</sheetdata>
	</windowclass>
</root>
