<?xml version="1.0" encoding="iso-8859-1"?>

<!--
  Please see the license.html file included with this distribution for
  attribution and copyright information.
-->

<root>
	<windowclass name="currencylist" copy="settings_list_labeled">
		<sheetdata>
			<windowtitlebar name="title">
				<resource>currency_window_title</resource>
			</windowtitlebar>

			<list_utility_setting_labeled name="list">
				<class>currencyitem</class>
				<datasource>.</datasource>
				<sortby>
					<control merge="resetandadd" desc="true">value</control>
					<control merge="add">name</control>
				</sortby>
				<script file="utility/scripts/currency_list.lua"/>
			</list_utility_setting_labeled>

			<label_list_content_number_right name="currencylabel_value">
				<static textres="currency_label_value" />
			</label_list_content_number_right>
			<label_list_content_number_right name="currencylabel_weight">
				<static textres="currency_label_weight" />
			</label_list_content_number_right>
			<label_list_content_noframe name="currencylabel_name">
				<static textres="currency_label_name" />
			</label_list_content_noframe>
		</sheetdata>
	</windowclass>

	<windowclass name="currencyitem">
		<margins control="0,0,0,5" />
		<sheetdata>
			<anchor_listitem_left />
			<anchor_listitem_right />

			<button_listitem_idelete_left name="idelete">
				<editmode>list_iedit</editmode>
			</button_listitem_idelete_left>

			<number_listitem_right name="value">
				<tabtarget prev="weight" next="" />
			</number_listitem_right>
			<number_listitem_right name="weight">
				<tabtarget prev="name" next="value" />
			</number_listitem_right>

			<string_listitem_center_underline name="name">
				<tabtarget prev="" next="weight" />
			</string_listitem_center_underline>
		</sheetdata>
	</windowclass>
</root>
