<?xml version="1.0" encoding="iso-8859-1"?>

<!--
	Please see the license.html file included with this distribution for
	attribution and copyright information.
-->

<root>
	<windowclass name="sound_settings_manage_ss">
		<script file="utility/scripts/sound_settings_manage_ss.lua" />
		<sheetdata>
			<anchor_content_top />

			<sub_content_top name="sub_system">
				<anchored>
					<right anchor="left" offset="30%" />
				</anchored>
				<class>sound_settings_manage_ss_sub_system</class>
			</sub_content_top>
			<subwindow name="sub_data">
				<anchored>
					<top parent="sub_system" />
					<left offset="30%" />
					<right anchor="left" offset="65%" />
				</anchored>
				<class>sound_settings_manage_ss_sub_data</class>
				<fastinit />
				<activate />
			</subwindow>
			<subwindow name="sub_session">
				<anchored>
					<top parent="sub_system" />
					<left offset="65%" />
					<right offset="-5" />
				</anchored>
				<class>sound_settings_manage_ss_sub_invite</class>
				<fastinit />
				<activate />
			</subwindow>
		</sheetdata>
	</windowclass>
	<windowclass name="sound_settings_content_ss">
		<script file="utility/scripts/sound_settings_content_ss.lua" />
		<sheetdata>
			<anchor_content_top />

			<anchor_content_bottom />
			<sub_content_paging />

			<list_content_labeled name="list">
				<class>sound_settings_content_ss_item</class>
			</list_content_labeled>
			<scrollbar_content_list />

			<anchor_list_content_label_left />
			<anchor_list_content_label_right />
			<label_list_content_centered_right name="label_actions">
				<static textres="sound_label_settings_actions" />
			</label_list_content_centered_right>
			<label_list_content_string_noframe_right name="label_type">
				<static textres="sound_label_settings_type" />
			</label_list_content_string_noframe_right>
			<label_list_content_string_noframe_right name="label_product">
				<anchored width="200" />
				<static textres="sound_label_settings_product" />
			</label_list_content_string_noframe_right>
			<label_list_content_noframe name="label_name">
				<static textres="sound_label_settings_name" />
			</label_list_content_noframe>
		</sheetdata>
	</windowclass>
	<windowclass name="sound_settings_filter_ss">
		<margins control="0,0,0,5"/>
		<script file="utility/scripts/sound_settings_filter_ss.lua" />
		<sheetdata>
			<anchor_content_top />

			<filter_label_content_top_left name="label_name">
				<static textres="sound_label_settings_filter_name" />
			</filter_label_content_top_left>
			<filter_stringc_content_top_left name="filter_name" />
			<filter_label_content_top_right name="label_id">
				<static textres="sound_label_settings_filter_id" />
			</filter_label_content_top_right>
			<filter_stringc_content_top_right name="filter_id" />

			<filter_label_content_top_left name="label_type">
				<static textres="sound_label_settings_filter_type" />
			</filter_label_content_top_left>
			<filter_comboboxc_content_top_left name="filter_type" />
			<filter_label_content_top_right name="label_subcategory">
				<static textres="sound_label_settings_filter_subcategory" />
			</filter_label_content_top_right>
			<filter_comboboxc_content_top_right name="filter_subcategory" />

			<filter_label_content_top name="label_product">
				<static textres="sound_label_settings_filter_product" />
			</filter_label_content_top>
			<filter_comboboxc_content_top name="filter_product" />
		</sheetdata>
	</windowclass>

	<windowclass name="sound_settings_manage_ss_sub_system">
		<sheetdata>
			<anchor_content_top />

			<header_content_framed_headersimple name="header">
				<static textres="sound_header_settings_manage_system" />
			</header_content_framed_headersimple>

			<spacer_content_top name="spacer_buttons">
				<anchored height="30" />
			</spacer_content_top>
			<button_text_sm name="button_authkey">
				<anchored to="spacer_buttons" width="120" >
					<top offset="5" />
					<left anchor="center" offset="-60" />
				</anchored>
				<state textres="sound_button_settings_ss_authorization" />
				<script>
					function onButtonPress()
						SoundManagerSyrinscape.openSettingsAuthorization();
					end
				</script>
			</button_text_sm>
		</sheetdata>
	</windowclass>
	<windowclass name="sound_settings_ss_authorization">
		<frame>utilitybox</frame>
		<placement>
			<size width="500" height="220" />
		</placement>
		<helplinkres>help_tool_sound_settings</helplinkres>
		<sheetdata>
			<windowtitlebar_utilitybox name="title" />
			<windowmenubar_utilitybox name="menubar" />

			<anchor_content_utilitybox_top />

			<anchor_content_utilitybox_bottom />
			<button_text name="button_controlpanel">
				<anchored to="contentanchor" width="200">
					<bottom parent="bottomanchor" relation="relative" offset="5" postoffset="-5" />
					<left anchor="center" offset="-100" />
				</anchored>
				<state textres="sound_label_settings_ss_controlpanel" />
				<script>
					function onButtonPress()
						SoundManagerSyrinscape.openWebControlPanel();
					end
				</script>
			</button_text>
			<spacer_content_bottom name="spacer" />

			<area_content_framed_groupbox name="contentframe" />
			<basicstring name="authtoken">
				<anchored to="contentframe" position="insidetop" offset="-10,5" height="20" />
				<empty textres="sound_empty_settings_ss_authkey" />
				<delaykeyupdate/>
				<center />
			</basicstring>
			<label name="authtoken_text">
				<anchored to="contentframe" position="insidetop" offset="-10,35" height="40" />
				<multilinespacing>20</multilinespacing>
				<static textres="sound_label_settings_ss_authkey_message" />
			</label>
		</sheetdata>
	</windowclass>
	<windowclass name="sound_settings_manage_ss_sub_data">
		<sheetdata>
			<anchor_content_top />

			<header_content_framed_headersimple name="header">
				<static textres="sound_header_settings_manage_data" />
			</header_content_framed_headersimple>

			<spacer_content_top name="spacer_buttons">
				<anchored height="30" />
			</spacer_content_top>
			<button_text_sm name="button_import_web">
				<anchored to="spacer_buttons" width="90" >
					<top offset="5"/>
					<right anchor="center" offset="-5"/>
				</anchored>
				<state textres="sound_button_settings_import_web" />
				<script>
					function onButtonPress()
						SoundManagerSyrinscape.onButtonImportWeb();
					end
				</script>
			</button_text_sm>
			<button_text_sm name="button_import_csv">
				<anchored to="spacer_buttons" width="90" >
					<top offset="5"/>
					<left anchor="center" offset="5"/>
				</anchored>
				<state textres="sound_button_settings_import_csv" />
				<script>
					function onButtonPress()
						SoundManagerSyrinscape.onButtonImportCSV();
					end
				</script>
			</button_text_sm>
		</sheetdata>
	</windowclass>
	<windowclass name="sound_settings_manage_ss_sub_invite">
		<sheetdata>
			<anchor_content_top />

			<header_content_framed_headersimple name="header">
				<static textres="sound_header_settings_manage_session" />
			</header_content_framed_headersimple>

			<spacer_content_top name="spacer_buttons">
				<anchored height="30" />
			</spacer_content_top>
			<button_text_sm name="button_generate">
				<anchored to="spacer_buttons" width="90" >
					<top offset="5"/>
					<right anchor="center" offset="-5"/>
				</anchored>
				<state textres="sound_button_settings_ss_session_generate" />
				<script>
					function onButtonPress()
						SoundManagerSyrinscape.generateSessionID();
					end
				</script>
			</button_text_sm>
			<button_text_sm name="button_invite">
				<anchored to="spacer_buttons" width="90" >
					<top offset="5"/>
					<left anchor="center" offset="5"/>
				</anchored>
				<state textres="sound_button_settings_ss_session_invite" />
				<script>
					function onButtonPress()
						SoundManagerSyrinscape.sendPlayerInvite();
					end
				</script>
			</button_text_sm>
		</sheetdata>
	</windowclass>

	<windowclass name="sound_settings_content_ss_item">
		<margins control="0,0,0,2"/>
		<sheetdata>
			<hs name="soundid" />

			<anchor_listitem_left_sm />
			<anchor_listitem_right_sm />

			<spacer_listitem_sound_actions name="spacer_actions" />
			<button_listitem_sound_play name="button_play" />
			<button_listitem_sound_stop name="button_stop" />
			<stringc_listitem_right_noframe_static name="type" />
			<stringc_listitem_right_noframe_static_wrapped name="product">
				<anchored width="200" />
			</stringc_listitem_right_noframe_static_wrapped>

			<stringc_listitem_center_noframe_static name="name">
				<font>sheetlabel</font>
			</stringc_listitem_center_noframe_static>
		</sheetdata>
	</windowclass>
</root>
