<?xml version="1.0" encoding="iso-8859-1"?>

<!--
  Please see the license.html file included with this distribution for
  attribution and copyright information.
-->

<root>
	<windowclass name="calendar">
		<frame>utilitybox</frame>
		<sizelimits>
			<dynamic />
			<minimum width="700" height="500" />
		</sizelimits>
		<softclose />
		<helplinkres>help_tool_calendar</helplinkres>
		<script file="utility/scripts/calendar_top.lua" />
		<sheetdata>
			<windowtitlebar_utilitybox name="title" />
			<windowmenubar_utilitybox name="menubar" />

			<anchor_content_utilitybox_top />
			<anchor_content_utilitybox_bottom />

			<sub_content_hidden name="sub_main">
				<class>calendar_main</class>
			</sub_content_hidden>
			<sub_content_framed_groupbox_hidden name="sub_select">
				<class>calendar_select</class>
			</sub_content_framed_groupbox_hidden>
			<sub_content_framed_groupbox_hidden name="sub_empty">
				<class>calendar_empty</class>
			</sub_content_framed_groupbox_hidden>

			<resize_utilitybox />
		</sheetdata>
	</windowclass>

	<windowclass name="calendar_main">
		<script file="utility/scripts/calendar_main.lua" />
		<sheetdata>
			<anchor_content_top />
			<sub_content_framed_groupbox_top name="sub_date">
				<class>calendar_main_date</class>
			</sub_content_framed_groupbox_top>

			<anchor_content_bottom />
			<sub_content_buttons_bottom name="sub_buttons">
				<class>calendar_main_buttons</class>
			</sub_content_buttons_bottom>

			<list_content_framed_groupbox name="list">
				<class>calendar_month</class>
				<columns width="155" fillwidth="true" />
				<script file="utility/scripts/calendar_period_list.lua" />
			</list_content_framed_groupbox>
			<scrollbar_content_list />
		</sheetdata>
	</windowclass>
	<windowclass name="calendar_main_date">
		<margins control="0,0,0,5" />
		<sheetdata>
			<buttoncontrol name="button_dateoutput">
				<anchored position="insidetopleft" offset="5,15" width="20" height="20" />
				<icon normal="button_speak" pressed="button_speak_down" />
				<tooltip textres="calendar_tooltip_dateoutput" />
				<gmvisibleonly />
				<script>
					function onButtonPress()
						CalendarManager.outputDate();
					end
				</script>
			</buttoncontrol>
			<stringc_static name="viewdate">
				<anchored height="20">
					<top offset="15" />
					<left offset="30" />
					<right anchor="center" offset="-80" />
				</anchored>
				<font>sheetlabel</font>
				<center />
			</stringc_static>
			<label_fieldtop>
				<anchored to="viewdate" />
				<static textres="calendar_label_date" />
			</label_fieldtop>
			<basicnumber name="currentyear" source="current.year">
				<anchored width="40" height="20">
					<top offset="15" />
					<left anchor="center" offset="-70" />
				</anchored>
				<font>sheetlabel</font>
				<hideonvalue>0</hideonvalue>
				<delaykeyupdate />
			</basicnumber>
			<label_fieldtop>
				<anchored to="currentyear" />
				<static textres="calendar_label_year" />
			</label_fieldtop>
			<basicstring name="currentepoch" source="current.epoch">
				<anchored to="currentyear" position="righthigh" offset="10,0" width="30" height="20" />
				<font>sheetlabel</font>
				<center />
			</basicstring>
			<label_fieldtop>
				<anchored to="currentepoch" />
				<static textres="calendar_label_epoch" />
			</label_fieldtop>
			<buttoncontrol name="button_setdate">
				<anchored to="currentepoch" position="righthigh" offset="10,0" width="20" height="20" />
				<tooltip textres="calendar_tooltip_dateset" />
				<icon normal="arrowleft" pressed="arrowleft" />
				<gmvisibleonly />
				<script>
					function onButtonPress()
						WindowManager.callOuterWindowFunction(window, "onSetButtonPressed");
					end
				</script>
			</buttoncontrol>

			<label name="currenthour">
				<anchored width="20">
					<top offset="15" />
					<left offset="66%" />
				</anchored>
				<frame name="fieldlight" offset="7,5,7,5" />
				<stateframe>
					<hover name="fieldfocus" offset="7,5,7,5" />
				</stateframe>
				<font>sheetlabel</font>
				<center />
				<tooltip textres="calendar_tooltip_timechange" />
				<script>
					function onWheel(n)
						if not Input.isControlPressed() then
							return false;
						end
						CalendarManager.adjustHours(n);
						return true;
					end
				</script>
			</label>
			<label name="timesep">
				<anchored to="currenthour" position="righthigh" offset="5" />
				<static>:</static>
			</label>
			<label name="currentminute">
				<anchored to="timesep" position="righthigh" offset="6" width="20" />
				<frame name="fieldlight" offset="7,5,7,5" />
				<stateframe>
					<hover name="fieldfocus" offset="7,5,7,5" />
				</stateframe>
				<font>sheetlabel</font>
				<readonly />
				<center />
				<tooltip textres="calendar_tooltip_timechange" />
				<script>
					function onWheel(n)
						if not Input.isControlPressed() then
							return false;
						end
						CalendarManager.adjustMinutes(n);
						return true;
					end
				</script>
			</label>
			<label name="currentphase">
				<anchored to="currentminute" position="righthigh" offset="5" />
				<font>sheetlabel</font>
			</label>
			<buttoncontrol name="button_timeoutput">
				<anchored position="insidetopright" offset="5,15" width="20" height="20" />
				<icon normal="button_speak" pressed="button_speak_down" />
				<tooltip textres="calendar_tooltip_timeoutput" />
				<gmvisibleonly />
				<script>
					function onButtonPress()
						CalendarManager.outputTime();
					end
				</script>
			</buttoncontrol>
		</sheetdata>
	</windowclass>
	<windowclass name="calendar_main_buttons">
		<margins control="0,0,0,5" />
		<sheetdata>
			<button_text name="button_view">
				<anchored position="insidetopleft" offset="20,5" width="120" />
				<state textres="calendar_button_logview" />
				<invisible />
				<script>
					function onButtonPress()
						WindowManager.callOuterWindowFunction(window, "addLogEntryToSelected");
					end
				</script>
			</button_text>
			<button_text name="button_addlog">
				<anchored position="insidetopleft" offset="20,5" width="120" />
				<state textres="calendar_button_logadd" />
				<invisible />
				<script>
					function onButtonPress()
						WindowManager.callOuterWindowFunction(window, "addLogEntryToSelected");
					end
				</script>
			</button_text>

			<button_text name="button_viewall">
				<anchored position="insidetopright" offset="20,5" width="120" />
				<state textres="calendar_button_logviewall" />
				<script>
					function onButtonPress()
						Interface.openWindow("loglist", "calendar.log");
					end
				</script>
			</button_text>
		</sheetdata>
	</windowclass>
	<windowclass name="calendar_month">
		<margins control="0,0,0,10" />
		<frame>fieldlight</frame>
		<sheetdata>
			<hnc name="month">
				<script>
					function onInit()
						onValueChanged();
					end
					function onValueChanged()
						window.label_period.setValue(CalendarManager.getMonthName(getValue()));
					end
				</script>
			</hnc>

			<label name="label_period">
				<anchored position="insidetop" offset="0,10" height="20" />
				<center />
				<empty textres="calendar_label_month" />
			</label>
			<windowlist name="list_days">
				<anchored>
					<top offset="30" />
					<left offset="10" />
					<right />
				</anchored>
				<class>calendar_day</class>
				<noscroll />
				<columns width="25" fillwidth="true" />
			</windowlist>
		</sheetdata>
	</windowclass>
	<windowclass name="calendar_day">
		<sizelimits>
			<minimum width="20" height="20" />
			<maximum width="20" height="20" />
		</sizelimits>
		<script file="utility/scripts/calendar_day.lua" />
		<sheetdata>
			<hnc name="day" />

			<genericcontrol name="icon_gmevent">
				<anchored position="insidebottomleft" width="8" height="8" />
				<icon>dot_blue</icon>
				<invisible />
			</genericcontrol>
			<genericcontrol name="icon_event">
				<anchored position="insidebottomright" width="8" height="8" />
				<icon>dot_red</icon>
				<invisible />
			</genericcontrol>

			<stringcontrol name="label_day">
				<bounds>0,3,20,16</bounds>
				<stateframe>
					<hover name="fieldfocus" offset="4,5,4,5" />
				</stateframe>
				<font>sheettext</font>
				<center />
				<nodrag />
				<nodragselect />
				<readonly />
				<script>
					function onClickDown(button,x,y)
						return true;
					end
					function onClickRelease(x,y)
						local nDay = window.day.getValue();
						if nDay > 0 then
							local nMonth = window.windowlist.window.month.getValue();
							WindowManager.callOuterWindowFunction(window, "setSelectedDate", nMonth, nDay);
						end
						return true;
					end
					function onDoubleClick(button,x,y) 
						local nDay = window.day.getValue();
						if nDay > 0 then
							local nMonth = window.windowlist.window.month.getValue();
							WindowManager.callOuterWindowFunction(window, "addLogEntry", nMonth, nDay);
						end
					end
				</script>
			</stringcontrol>
		</sheetdata>
	</windowclass>

	<windowclass name="calendar_empty">
		<sheetdata>
			<label name="emptymessage">
				<anchored height="20">
					<top anchor="center" offset="-10" />
					<left />
					<right />
				</anchored>
				<font>list-empty</font>
				<static textres="calendar_msg_empty" />
				<center />
			</label>
		</sheetdata>
	</windowclass>

	<windowclass name="calendar_select">
		<script>
			function onListChanged()
				local bEmpty = list.isEmpty();
				emptymessage.setVisible(bEmpty);
				button_add.setVisible(bEmpty);
			end
		</script>
		<sheetdata>
			<anchor_content_top />
			<anchor_content_bottom />

			<list_content name="list">
				<class>calendar_base</class>
				<datasource>.base</datasource>
				<useallmodules />
				<columns width="250" fillwidth="true" />
				<script>
					function onListChanged()
						window.onListChanged();
					end
				</script>
			</list_content>
			<scrollbar_content_list />

			<label name="emptymessage">
				<anchored height="20">
					<top anchor="center" offset="-10" />
					<left />
					<right />
				</anchored>
				<font>list-empty</font>
				<static textres="calendar_msg_activate" />
				<center />
				<invisible />
			</label>
			<button_text name="button_add">
				<anchored to="emptymessage" width="60" height="25">
					<top anchor="bottom" offset="10" />
					<left anchor="center" offset="-30" />
				</anchored>
				<state textres="calendar_button_modules" />
				<invisible />
				<script>
					function onButtonPress()
						Interface.openWindow("moduleselection", "");
					end
				</script>
			</button_text>
		</sheetdata>
	</windowclass>
	<windowclass name="calendar_base">
		<frame>fieldlight</frame>
		<sizelimits>
			<minimum height="100" />
		</sizelimits>
		<sheetdata>
			<genericcontrol>
				<bounds>10,20,63,63</bounds>
				<icon>calendar</icon>
				<disabled />
			</genericcontrol>
			<stringfield name="name">
				<bounds>80,23,-10,15</bounds>
				<font>sheetlabel</font>
				<static />
				<disabled />
			</stringfield>
			<stringfield name="setting">
				<bounds>80,40,-10,15</bounds>
				<font>sheettext</font>
				<static />
				<disabled />
			</stringfield>
			<genericcontrol>
				<bounds>0,0,-1,-1</bounds>
				<script>
					function onDoubleClick(x, y)
						CalendarManager.select(window.getDatabaseNode());
					end
				</script>
			</genericcontrol>
		</sheetdata>
	</windowclass>
</root>
