<?xml version="1.0" encoding="iso-8859-1"?>

<!--
  Please see the license.html file included with this distribution for
  attribution and copyright information.
-->

<root>
	<template name="button_drclistitem_toggle_modes">
		<button_collapse_expand_toggle name="button_modes_toggle">
			<anchored to="rightanchor">
				<top offset="20" />
				<right relation="relative" offset="-5" postoffset="-5" />
			</anchored>
			<invisible />
			<script>
				function onValueChanged()
					window.updateModesDisplay();
				end
			</script>
		</button_collapse_expand_toggle>
	</template>
	<template name="button_drclistitem_custom">
		<genericcontrol name="custom">
			<anchored to="rightanchor" width="60" height="60">
				<top />
				<right relation="relative" offset="-20" postoffset="0" />
			</anchored>
			<frame>fieldlight</frame>
			<script>
				function onClickDown(...)
					return window.onClickDown(...);
				end
				function onClickRelease(...)
					window.onClickRelease(...);
				end
			</script>
		</genericcontrol>
	</template>
	<template name="button_drclistitem_idelete_base">
		<button_idelete name="idelete">
			<anchored to="custom">
				<top offset="20" />
				<left anchor="right" />
			</anchored>
			<invisible merge="delete" />
		</button_idelete>
	</template>
	<template name="button_drclistitem_idelete">
		<button_drclistitem_idelete_base>
			<script>
				function onButtonPress()
					if getValue() == 0 then
						window.delete();
					end
				end
			</script>
		</button_drclistitem_idelete_base>
	</template>
	<template name="button_drclistitem_custom_clear">
		<button_drclistitem_idelete_base>
			<state icon="button_delete" tooltipres="button_clear" merge="resetandadd" />
			<state icon="button_deleteconfirm" tooltipres="button_clearconfirm" merge="add" />
			<tooltip textres="drc_item_button_custom_clear" />
			<script>
				function onButtonPress()
					if getValue() == 0 then
						window.onCustomClear();
					end
				end
			</script>
		</button_drclistitem_idelete_base>
	</template>
	<template name="icon_drclistitem_default">
		<genericcontrol name="default">
			<anchored to="rightanchor" width="60" height="60">
				<top />
				<right relation="relative" offset="-10" postoffset="0" />
			</anchored>
			<frame>fieldlight</frame>
		</genericcontrol>
	</template>
	<template name="button_drclistitem_usedefault">
		<buttonc_checkbox name="button_usedefault">
			<anchored to="default" width="10" height="20">
				<top offset="20" />
				<left anchor="right" />
			</anchored>
			<tooltip textres="drc_item_button_usedefault" />
			<script>
				function onValueChanged()
					window.onUseDefaultChanged();
				end
			</script>
		</buttonc_checkbox>
	</template>
	<template name="label_drclistitem_name">
		<label_listitem_center name="name">
			<anchored>
				<top offset="20" />
			</anchored>
			<mutlilinespacing>20</mutlilinespacing>
		</label_listitem_center>
	</template>

	<windowclass name="drclist_action">
		<frame>utilitybox</frame>
		<placement>
			<nosave />
		</placement>
		<sizelimits>
			<minimum width="530" height="400" />
			<dynamic />
		</sizelimits>
		<minimize>minimized_utility</minimize>
		<script>
			function onInit()
				for k,v in pairs(DiceRollManager.getActionData()) do
					list.createWindow().setData(k, v);
				end
			end
		</script>
		<sheetdata>
			<windowtitlebar_utilitybox name="title" />
			<windowmenubar_utilitybox name="menubar" />

			<anchor_content_utilitybox_top />
			<anchor_content_utilitybox_bottom />

			<filter_content_bottom name="filter" />

			<list_utility_setting_labeled name="list">
				<class>drc_action_item</class>
			</list_utility_setting_labeled>
			<scrollbar_list name="scrollbar_list" />

			<anchor_list_content_label_left />
			<anchor_list_content_label_right />
			<spacer_list_content_label_right name="label_spacer">
				<anchored width="35" />
			</spacer_list_content_label_right>
			<label_list_content_centered_right name="label_custom">
				<static textres="custom" />
			</label_list_content_centered_right>
			<spacer_list_content_label_right name="label_spacer2">
				<anchored width="25" />
			</spacer_list_content_label_right>
			<label_list_content_centered_right name="label_default">
				<static textres="drc_list_label_default" />
			</label_list_content_centered_right>
			<spacer_list_content_label_right name="label_spacer3">
				<anchored width="30" />
			</spacer_list_content_label_right>
			<label_list_content_noframe name="label_name">
				<static textres="drc_list_label_name" />
			</label_list_content_noframe>

			<resize_utilitybox />
		</sheetdata>
	</windowclass>
	<windowclass name="drc_action_item">
		<margins control="0,0,0,5"/>
		<script file="utility/scripts/drc_action_item.lua" />
		<sheetdata>
			<anchor_listitem_left />
			<anchor_listitem_right />

			<button_drclistitem_custom name="custom" />
			<button_drclistitem_custom_clear name="button_custom_clear" />

			<icon_drclistitem_default name="default" />
			<button_drclistitem_usedefault name="button_usedefault" />

			<button_drclistitem_toggle_modes name="button_modes_toggle" />

			<label_drclistitem_name name="name" />

			<windowlist name="list_modes">
				<anchored position="insidetopright" offset="30,70">
					<left anchor="right" offset="-200" />
				</anchored>
				<frame name="headersimple" offset="5,3,5,3" />
				<class>drc_action_item_mode</class>
			</windowlist>
		</sheetdata>
	</windowclass>
	<windowclass name="drc_action_item_mode">
		<margins control="0,0,0,5"/>
		<script file="utility/scripts/drc_action_item_mode.lua" />
		<sheetdata>
			<anchor_listitem_left />
			<anchor_listitem_right />

			<button_drclistitem_custom name="custom" />
			<button_drclistitem_custom_clear name="button_custom_clear" />

			<label_drclistitem_name name="name" />
		</sheetdata>
	</windowclass>

	<windowclass name="drclist_actor">
		<frame>utilitybox</frame>
		<placement>
			<nosave />
		</placement>
		<sizelimits>
			<minimum width="960" height="400" />
			<dynamic />
		</sizelimits>
		<minimize>minimized_utility</minimize>
		<helplinkres>help_tool_effects</helplinkres>
		<sheetdata>
			<windowtitlebar_utilitybox name="title" />
			<windowmenubar_utilitybox name="menubar" />

			<anchor_content_utilitybox_top />
			<anchor_content_utilitybox_bottom />

			<sub_content name="sub_type">
				<anchored>
					<right anchor="left" offset="33%" />
				</anchored>
				<class>drclist_actor_type</class>
			</sub_content>
			<sub_content name="sub_system">
				<anchored>
					<left offset="33%" />
					<right anchor="left" offset="67%" />
				</anchored>
				<class>drclist_actor_system</class>
			</sub_content>
			<sub_content name="sub_custom">
				<anchored>
					<left offset="67%" />
				</anchored>
				<class>drclist_actor_custom</class>
			</sub_content>

			<resize_utilitybox />
		</sheetdata>
	</windowclass>
	<windowclass name="drclist_actor_type">
		<frame>groupbox</frame>
		<script>
			function onInit()
				for k,_ in pairs(DiceRollManager.getActorTypeData()) do
					list.createWindow().setData(k);
				end
			end
		</script>
		<sheetdata>
			<anchor_content_groupbox_top />
			<anchor_content_groupbox_bottom />

			<filter_content_bottom name="filter" />

			<header_content_framed_headersimple name="header">
				<static textres="drc_actor_header_type" />
			</header_content_framed_headersimple>
 			<list_content name="list">
				<class>drc_item_actor_type</class>
				<sortby><control>name</control></sortby>
				<filter><control>filter</control></filter>
				<filteron><control>name</control></filteron>
			</list_content>
			<scrollbar_list />
		</sheetdata>
	</windowclass>
	<windowclass name="drc_item_actor_type">
		<margins control="0,0,0,5"/>
		<script file="utility/scripts/drc_actor_item_type.lua" />
		<sheetdata>
			<anchor_listitem_left />
			<anchor_listitem_right />

			<button_drclistitem_custom name="custom" />
			<button_drclistitem_custom_clear name="button_custom_clear" />

			<icon_drclistitem_default name="default" />
			<button_drclistitem_usedefault name="button_usedefault" />

			<label_drclistitem_name name="name" />
		</sheetdata>
	</windowclass>
	<windowclass name="drclist_actor_system">
		<frame>groupbox</frame>
		<script>
			function onInit()
				for k,_ in pairs(DiceRollManager.getActorSystemData()) do
					list.createWindow().setData(k);
				end
			end
		</script>
		<sheetdata>
			<anchor_content_groupbox_top />
			<anchor_content_groupbox_bottom />

			<filter_content_bottom name="filter" />

			<header_content_framed_headersimple name="header">
				<static textres="drc_actor_header_system" />
			</header_content_framed_headersimple>
 			<list_content name="list">
				<class>drc_actor_item_system</class>
				<sortby><control>name</control></sortby>
				<filter><control>filter</control></filter>
				<filteron><control>data</control></filteron>
			</list_content>
			<scrollbar_list />
		</sheetdata>
	</windowclass>
	<windowclass name="drc_actor_item_system">
		<margins control="0,0,0,5"/>
		<script file="utility/scripts/drc_actor_item_system.lua" />
		<sheetdata>
			<hsc name="data" />

			<anchor_listitem_left />
			<anchor_listitem_right />

			<button_drclistitem_custom name="custom" />
			<button_drclistitem_custom_clear name="button_custom_clear" />

			<icon_drclistitem_default name="default" />
			<button_drclistitem_usedefault name="button_usedefault" />

			<label_drclistitem_name name="name" />
		</sheetdata>
	</windowclass>
	<windowclass name="drclist_actor_custom">
		<frame>groupbox</frame>
		<script>
			function onInit()
				for k,_ in pairs(DiceRollManager.getActorCustomData()) do
					list.createWindow().setData(k);
				end
			end
			function onDrop(x, y, draginfo)
				local sClass, sRecord = draginfo.getShortcutData();
				if RecordDataManager.getRecordTypeFromDisplayClass(sClass) ~= "npc" then
					return;
				end

				local sName = DB.getValue(DB.getPath(sRecord, "name"), "");
				local sKey = DiceRollManager.addActorCustom(sName);
				if sKey then
					list.createWindow().setData(sKey);
				end
			end
		</script>
		<sheetdata>
			<anchor_content_groupbox_top />
			<anchor_content_groupbox_bottom />

			<filter_content_bottom name="filter" />

			<header_content_framed_headersimple name="header">
				<static textres="drc_actor_header_custom" />
			</header_content_framed_headersimple>
			<list_content name="list">
				<class>drc_actor_item_custom</class>
				<empty font="list-empty" textres="drclist_actor_custom_empty" />
				<sortby><control>name</control></sortby>
				<filter><control>filter</control></filter>
				<filteron><control>name</control></filteron>
			</list_content>
			<scrollbar_list />
		</sheetdata>
	</windowclass>
	<windowclass name="drc_actor_item_custom">
		<margins control="0,0,0,5"/>
		<script file="utility/scripts/drc_actor_item_custom.lua" />
		<sheetdata>
			<anchor_listitem_left />
			<anchor_listitem_right />

			<button_drclistitem_custom name="custom" />
			<button_drclistitem_idelete name="idelete" />

			<label_drclistitem_name name="name" />
		</sheetdata>
	</windowclass>
</root>
