<?xml version="1.0" encoding="iso-8859-1"?>

<!-- 
  Please see the license.html file included with this distribution for 
  attribution and copyright information.
-->

<root>
	<windowclass name="charselect_host" merge="join">
		<sheetdata>
			<button_charwizard name="button_characterwizard" insertbefore="filter">
				<anchored to="contentanchor" position="aboveleft" offset="5,0" />
			</button_charwizard>
		</sheetdata>
	</windowclass>

	<windowclass name="charselect_client" merge="join">
		<sheetdata>
			<button_charwizard name="button_characterwizard" insertbefore="filter">
				<anchored to="contentanchor" position="aboveleft" offset="5,0" />
			</button_charwizard>
		</sheetdata>
	</windowclass>

	<windowclass name="pregen_main">
		<margins control="0,0,0,2" />
		<sheetdata>
			<anchor_content_top />

			<label_content_column name="race_label">
				<static textres="pregen_label_race" />
			</label_content_column>
			<string_content_column name="race">
				<nodragselect />
				<readonly />
			</string_content_column>
			<label_content_column name="background_label">
				<static textres="pregen_label_background" />
			</label_content_column>
			<string_content_column name="background">
				<nodragselect />
				<readonly />
			</string_content_column>
			<label_content_column name="class_label">
				<static textres="pregen_label_class" />
			</label_content_column>
			<stringc_content_column name="class">
				<script>
					function onInit()
						setValue(CharManager.getClassSummary(window.getDatabaseNode()));
					end
				</script>
			</stringc_content_column>
		</sheetdata>
	</windowclass>
</root>
