<root>
	<windowclass name="import_species">
		<frame>utilitybox</frame>
		<placement>
			<nosave />
		</placement>
		<sizelimits>
			<minimum width="600" height="600"/>
			<dynamic/>
		</sizelimits>
		<script>
			function onInit()
				ImportUtilityManager.populateImportModes("species", mode);
			end
		</script>
		<sheetdata>
			<windowtitlebar_utilitybox name="title" />
			<windowmenubar_utilitybox name="menubar" />

 			<anchor_content_utilitybox_top />
			<anchor_content_utilitybox_bottom />

			<button_text_content_center_bottom name="button_import">
				<state textres="button_import" />
				<script>
					function onButtonPress()
						ImportSpeciesManager.performImport(window);
					end
				</script>
			</button_text_content_center_bottom>
			<label name="mode_label">
				<anchored to="bottomanchor">
					<bottom relation="relative" offset="-10" postoffset="-10" />
					<left offset="20" />
				</anchored>
				<frame>
					<name>fieldlight</name>
					<offset>17,5,17,5</offset>
				</frame>
				<static textres="import_label_mode" />
			</label>
			<comboboxc name="mode">
				<anchored to="mode_label" position="righthigh" offset="20,0" height="20">
					<right parent="contentanchor" offset="-20" />
				</anchored>
				<listdirection>up</listdirection>
			</comboboxc>

			<ft_content_framed_groupbox name="description">
				<empty textres="ft_empty_import_species" />
			</ft_content_framed_groupbox>
			<scrollbar>
				<anchored to="description" />
				<target>description</target>
			</scrollbar>		

			<resize_utilitybox />
		</sheetdata>
	</windowclass>
</root>