<root>
	<windowclass name="import_item">
		<frame>utilitybox</frame>
		<placement>
			<nosave />
		</placement>
		<sizelimits>
			<minimum width="800" height="600"/>
			<dynamic/>
		</sizelimits>
		<script>
			function onInit()
				ImportUtilityManager.populateImportModes("item", mode);
			end
		</script>
		<sheetdata>
			<windowtitlebar_utilitybox name="title" />
			<windowmenubar_utilitybox name="menubar" />

 			<anchor_content_utilitybox_top />
			<anchor_content_utilitybox_bottom />

			<button_text_content_center_bottom name="button_import">
				<state textres="button_import" />
				<script>
					function onButtonPress()
						ImportItemManager.performImport(window);
					end
				</script>
			</button_text_content_center_bottom>			
			<label name="mode_label">
				<anchored to="bottomanchor">
					<bottom relation="relative" offset="-10" postoffset="-10" />
					<left offset="20" />
				</anchored>
				<frame>
					<name>fieldlight</name>
					<offset>17,5,17,5</offset>
				</frame>
				<static textres="import_label_mode" />
			</label>
			<comboboxc name="mode">
				<anchored to="mode_label" position="righthigh" offset="20,0" height="20">
					<right parent="contentanchor" offset="-20" />
				</anchored>
				<listdirection>up</listdirection>
			</comboboxc>

			<area_content name="contentarea" />

			<simpleftc name="listdata">
				<anchored to="contentarea" position="over" offset="-15,-15">
					<right anchor="center" offset="-25" />
				</anchored>
				<frame name="groupbox" offset="15,15,25,15" />
				<empty textres="ft_empty_import_item_listdata" />
			</simpleftc>
			<scrollbar>
				<anchored to="listdata" />
				<target>listdata</target>
			</scrollbar>		

			<simpleftc name="description">
				<anchored to="contentarea" position="over" offset="-15,-15">
					<left anchor="center" offset="15" />
					<right offset="-25" />
				</anchored>
				<frame name="groupbox" offset="15,15,25,15" />
				<empty textres="ft_empty_import_item_description" />
			</simpleftc>		
			<scrollbar>
				<anchored to="description" />
				<target>description</target>
			</scrollbar>		

			<resize_utilitybox />
		</sheetdata>
	</windowclass>
</root>