<?xml version="1.0" encoding="iso-8859-1"?>

<!-- 
  Please see the license.html file included with this distribution for 
  attribution and copyright information.
-->

<root>
	<windowclass name="charsheet_actions">
		<script>
			function onInit()
				self.onLockModeChanged(WindowManager.getWindowReadOnlyState(self));
			end
			function onLockModeChanged(bReadOnly)
				local tFields = { "powers_iadd", "weapons_iadd", };
				WindowManager.callSafeControlsSetVisible(self, tFields, not bReadOnly);
			end
			function onDrop(x, y, draginfo)
				if content.subwindow.actions.subwindow.onDrop(x, y, draginfo) then
					return true;
				end
				if content.subwindow.weapons.onDrop(x, y, draginfo) then
					return true;
				end
				return false;
			end
		</script>
		<sheetdata>
			<anchor_content_top />
			<anchor_content_bottom />

			<area_content_framed_groupbox_bottom name="area_controls">
				<anchored height="20" />
			</area_content_framed_groupbox_bottom>
			<buttoncontrol name="powers_iadd">
				<anchored to="area_controls" position="insidetopright" offset="0,0" width="20" height="20" />
				<icon normal="button_star" pressed="button_star_down" />
				<tooltip textres="char_tooltip_actionaddpower" />
				<script>
					function onButtonPress()
						window.content.subwindow.actions.subwindow.addPower(true);
						DB.setValue(window.getDatabaseNode(), "powermode", "string", "");
					end
				</script>
			</buttoncontrol>
			<buttoncontrol name="weapons_iadd">
				<anchored to="powers_iadd" position="lefthigh" offset="5,0" width="20" height="20" />
				<icon normal="button_weapon" pressed="button_weapon_down" />
				<tooltip textres="char_tooltip_actionaddweapon" />
				<script>
					function onButtonPress()
						window.content.subwindow.weapons.createWindow(nil, true);
					end
				</script>
			</buttoncontrol>
			<label name="powermode_label">
				<anchored to="area_controls" position="insidetopleft" offset="0,0" />
				<static textres="power_label_mode" />
			</label>
			<button_stringcycler name="powermode">
				<anchored to="powermode_label" position="righthigh" offset="10,0" width="80" />
				<parameters>
					<labelsres>power_label_modeprep|power_label_modecombat</labelsres>
					<values>preparation|combat</values>
					<defaultlabelres>power_label_modestd</defaultlabelres>
				</parameters>
				<script>
					function onValueChanged()
						window.content.subwindow.onModeChanged();
					end
				</script>
			</button_stringcycler>

			<sub_content_framed_groupbox name="content">
				<class>charsheet_actions_contents</class>
			</sub_content_framed_groupbox>
			<scrollbar_content />
		</sheetdata>
	</windowclass>

	<windowclass name="charsheet_actions_contents">
		<margins control="0,0,0,2" />
		<script>
			function onLockModeChanged()
				weapons.applyFilter();
			end
			function onModeChanged()
				weapons.onModeChanged();
				spellslots_cast.subwindow.onModeChanged();
				actions.subwindow.onModeChanged();
			end
		</script>
		<sheetdata>
			<anchor_content_top />

			<label_charframetop name="weapon_header">
				<anchored to="contentanchor" height="20">
					<top relation="relative" offset="8" postoffset="8" />
					<left offset="10" />
					<right offset="-10" />
				</anchored>
				<icons>char_attacks</icons>
				<static textres="char_label_weapon" />
				<script>
					function onClickDown()
						return true;
					end
					function onClickRelease()
						local bVisible = window.weapons.isVisible ();
						if bVisible then
							setFont("subwindowsmalltitle_disabled");
							window.weapons.setVisible(false);
						else
							setFont("subwindowsmalltitle");
							window.weapons.setVisible(true);
						end
						return true;
					end
				</script>
			</label_charframetop>
			<!--
			<header_content_framed_metalplate_with_icon_top name="weapon_header">
				<static textres="char_label_weapon" />
				<icon>char_attacks</icon>
				<script>
					function onClickDown()
						return true;
					end
					function onClickRelease()
						local bVisible = window.weapons.isVisible ();
						if bVisible then
							setFont("subwindowsmalltitle_disabled");
							window.weapons.setVisible(false);
						else
							setFont("subwindowsmalltitle");
							window.weapons.setVisible(true);
						end
						return true;
					end
				</script>
			</header_content_framed_metalplate_with_icon_top>
			-->
			<button_details name="weapons_global_detail">
				<anchored to="weapon_header" position="insidetopright" offset="5,0" />
				<script>
					function onButtonPress()
						Interface.openWindow("char_weaponmeta", window.getDatabaseNode());
					end
				</script>
			</button_details>

			<list_content_noscroll_top name="weapons">
				<datasource>.weaponlist</datasource>
				<class>char_weapon</class>
				<sortby><control>name</control></sortby>
				<allowdelete />
				<script file="campaign/scripts/char_weaponlist.lua" />
			</list_content_noscroll_top>

			<sub_content_top name="spellslots_prep">
				<class>power_slots_prep</class>
				<invisible />
			</sub_content_top>
			<sub_content_top name="spellslots_cast">
				<class>power_slots_cast</class>
				<invisible />
			</sub_content_top>
			<sub_content_top name="actions">
				<class>power_page</class>
			</sub_content_top>
		</sheetdata>
	</windowclass>

	<windowclass name="char_weaponmeta" copy="charsheethelper_base">
		<sizelimits>
			<minimum width="400" height="175" />
		</sizelimits>
		<windowmenu>
			<nolock />
		</windowmenu>
		<sheetdata>
			<windowtitlebar_charsheethelper name="title">
				<prefix>char_weaponmeta_title</prefix>
			</windowtitlebar_charsheethelper>

			<area_content_framed_groupbox name="content_area" />

			<label name="label_critrange">
				<anchored to="content_area" position="insidetopleft" offset="0,15" width="60" />
				<static textres="char_label_critrange" />
			</label>
			<basicnumber name="critrange_melee" source="weapon.critrange.melee">
				<anchored to="label_critrange" position="righthigh" offset="5,0" width="30" height="20" />
				<default>20</default>
				<min>1</min>
				<max>20</max>
			</basicnumber>
			<label_fieldtop name="label_critrange_melee">
				<anchored to="critrange_melee" />
				<static textres="char_label_critmelee" />
			</label_fieldtop>
			<basicnumber name="critrange_ranged" source="weapon.critrange.ranged">
				<anchored to="critrange_melee" position="righthigh" offset="15,0" width="30" height="20" />
				<default>20</default>
				<min>1</min>
				<max>20</max>
			</basicnumber>
			<label_fieldtop name="label_critrange_ranged">
				<anchored to="critrange_ranged" />
				<static textres="char_label_critranged" />
			</label_fieldtop>
			<label name="label_critdicebonus">
				<anchored width="90">
					<top parent="label_critrange" />
					<left anchor="center" />
				</anchored>
				<static textres="char_label_critdicebonus" />
			</label>
			<basicnumber name="critdicebonus_melee" source="weapon.critdicebonus.melee">
				<anchored to="label_critdicebonus" position="righthigh" offset="5,0" width="30" height="20" />
				<min>0</min>
			</basicnumber>
			<label_fieldtop name="label_critdicebonus_melee">
				<anchored to="critdicebonus_melee" />
				<static textres="char_label_critmelee" />
			</label_fieldtop>
			<basicnumber name="critdicebonus_ranged" source="weapon.critdicebonus.ranged">
				<anchored to="critdicebonus_melee" position="righthigh" offset="15,0" width="30" height="20" />
				<min>0</min>
			</basicnumber>
			<label_fieldtop name="label_critdicebonus_ranged">
				<anchored to="critdicebonus_ranged" />
				<static textres="char_label_critranged" />
			</label_fieldtop>

			<label name="label_fightingstyle2weapon">
				<anchored to="content_area" position="insidetopleft" offset="0,50"/>
				<static textres="char_label_fightingstyle2weapon" />
			</label>
			<button_checkbox name="fightingstyle2weapon" source="weapon.twoweaponfighting">
				<anchored to="label_fightingstyle2weapon" position="righthigh" offset="10,0" width="20" height="20" />
			</button_checkbox>
		</sheetdata>
	</windowclass>
</root>
