<?xml version="1.0" encoding="iso-8859-1"?>

<!-- 
  Please see the license.html file included with this distribution for 
  attribution and copyright information.
-->

<root>
	<windowclass name="reference_skill" copy="record_window" />
	<windowclass name="reference_skill_header" copy="record_header" />

	<windowclass name="reference_skill_main">
		<margins control="0,0,0,2" />
		<script>
			function onInit()
				self.onLockModeChanged(WindowManager.getWindowReadOnlyState(self));
			end
			function onLockModeChanged(bReadOnly)
				local tFields = { "stat", "text", };
				WindowManager.callSafeControlsSetLockMode(self, tFields, bReadOnly);
			end
		</script>
		<sheetdata>
			<anchor_content_top />

			<label_content_column name="stat_label">
				<static textres="skill_label_ability" />
			</label_content_column>
			<string_content_columnh name="stat" />

			<ft_content_columnh_full name="text" />
		</sheetdata>
	</windowclass>
</root>
