<?xml version="1.0" encoding="iso-8859-1"?>

<!-- 
  Please see the license.html file included with this distribution for 
  attribution and copyright information.
-->

<root>
	<template name="buttongroup_counter_power">
		<buttongroup_counter>
			<anchored height="20" />
			<sourcefields>
				<prepared>prepared</prepared>
				<cast>cast</cast>
			</sourcefields>
			<script file="campaign/scripts/buttongroup_counter_power_5E.lua" />
		</buttongroup_counter>
	</template>
	
	<template name="power_slots_list">
		<windowlist>
			<class>power_slot_cast</class>
			<readonly />
			<noscroll />
			<columns width="90" fillwidth="true"/>
			<script>
				function onSortCompare(w1, w2)
					return w1.label.getValue() &gt; w2.label.getValue();
				end
				function onFilter(w)
					return w.counter.getMaxValue() &gt; 0;
				end
			</script>
		</windowlist>
	</template>
	<windowclass name="power_slot_cast">
		<margins control="0,0,0,2" />
		<sheetdata>
			<label name="label">
				<anchored position="insidetopleft" offset="0,2" />
			</label>
			<buttongroup_counter name="counter">
				<anchored position="insidetopleft" offset="25,2" height="20" />
				<maxslotperrow>5</maxslotperrow>
			</buttongroup_counter>
		</sheetdata>
	</windowclass>
	<windowclass name="power_slots_cast">
		<script file="campaign/scripts/power_slots_cast.lua" />
		<sheetdata>
			<anchor_column name="columnanchor" />

			<label_charframetop name="slotstitle">
				<anchored height="20">
					<top parent="columnanchor" anchor="bottom" relation="relative" offset="15" />
					<left offset="10" />
					<right offset="-10" />
				</anchored>
				<icons>char_powers</icons>
				<static textres="power_label_spellslots" />
			</label_charframetop>

			<label name="spellslots_label">
				<anchored width="80">
					<top parent="columnanchor" anchor="bottom" relation="current" offset="3" />
					<left offset="10" />
				</anchored>
				<static textres="power_label_spellcastingslots" />
			</label>
			<power_slots_list name="spellslots">
				<anchored>
					<top parent="columnanchor" anchor="bottom" relation="relative" offset="3" />
					<left offset="90" />
					<right offset="-50" />
				</anchored>
			</power_slots_list>

			<label name="pactmagicslots_label">
				<anchored width="80">
					<top parent="columnanchor" anchor="bottom" relation="current" offset="3" />
					<left offset="10" />
				</anchored>
				<static textres="power_label_pactmagicslots" />
			</label>
			<power_slots_list name="pactmagicslots">
				<anchored>
					<top parent="columnanchor" anchor="bottom" relation="relative" offset="3" />
					<left offset="90" />
					<right offset="-50" />
				</anchored>
			</power_slots_list>
		</sheetdata>
	</windowclass>
	<windowclass name="power_slots_prep">
		<script>
			function onInit()
				self.onLockModeChanged(WindowManager.getWindowReadOnlyState(self));
			end
			function onLockModeChanged(bReadOnly)
				parentcontrol.setVisible(not bReadOnly);
			end
		</script>
		<sheetdata>
			<anchor_column name="columnanchor" />

			<label_charframetop name="slotstitle">
				<anchored height="20">
					<top parent="columnanchor" anchor="bottom" relation="relative" offset="15" />
					<left offset="10" />
					<right offset="-10" />
				</anchored>
				<icons>char_powers</icons>
				<static textres="power_label_spellslots" />
			</label_charframetop>

			<label name="spellslots_label">
				<anchored width="80">
					<top parent="columnanchor" anchor="bottom" relation="current" offset="17" />
					<left offset="10" />
				</anchored>
				<static textres="power_label_spellcastingslots" />
			</label>
			<genericcontrol name="anchor_spellslots">
				<anchored width="0" height="20">
					<top parent="columnanchor" anchor="bottom" relation="relative" offset="17" />
					<left parent="spellslots_label" anchor="right" offset="10,0" />
				</anchored>
				<disabled />
			</genericcontrol>
			<number_spellslots name="spellslots1" source="powermeta.spellslots1.max" />
			<number_spellslots name="spellslots2" source="powermeta.spellslots2.max" />
			<number_spellslots name="spellslots3" source="powermeta.spellslots3.max" />
			<number_spellslots name="spellslots4" source="powermeta.spellslots4.max" />
			<number_spellslots name="spellslots5" source="powermeta.spellslots5.max" />
			<number_spellslots name="spellslots6" source="powermeta.spellslots6.max" />
			<number_spellslots name="spellslots7" source="powermeta.spellslots7.max" />
			<number_spellslots name="spellslots8" source="powermeta.spellslots8.max" />
			<number_spellslots name="spellslots9" source="powermeta.spellslots9.max" />
			<label_fieldtop name="spellslots1_label">
				<anchored to="spellslots1" />
				<static>1</static>
			</label_fieldtop>
			<label_fieldtop name="spellslots2_label">
				<anchored to="spellslots2" />
				<static>2</static>
			</label_fieldtop>
			<label_fieldtop name="spellslots3_label">
				<anchored to="spellslots3" />
				<static>3</static>
			</label_fieldtop>
			<label_fieldtop name="spellslots4_label">
				<anchored to="spellslots4" />
				<static>4</static>
			</label_fieldtop>
			<label_fieldtop name="spellslots5_label">
				<anchored to="spellslots5" />
				<static>5</static>
			</label_fieldtop>
			<label_fieldtop name="spellslots6_label">
				<anchored to="spellslots6" />
				<static>6</static>
			</label_fieldtop>
			<label_fieldtop name="spellslots7_label">
				<anchored to="spellslots7" />
				<static>7</static>
			</label_fieldtop>
			<label_fieldtop name="spellslots8_label">
				<anchored to="spellslots8" />
				<static>8</static>
			</label_fieldtop>
			<label_fieldtop name="spellslots9_label">
				<anchored to="spellslots9" />
				<static>9</static>
			</label_fieldtop>

			<label name="pactmagicslots_label">
				<anchored width="80">
					<top parent="columnanchor" anchor="bottom" relation="current" offset="17" />
					<left offset="10" />
				</anchored>
				<static textres="power_label_pactmagicslots" />
			</label>
			<genericcontrol name="anchor_pactmagicslots">
				<anchored width="0" height="20">
					<top parent="columnanchor" anchor="bottom" relation="relative" offset="17" />
					<left parent="pactmagicslots_label" anchor="right" offset="10,0" />
				</anchored>
				<disabled />
			</genericcontrol>
			<number_pactmagicslots name="pactmagicslots1" source="powermeta.pactmagicslots1.max" />
			<number_pactmagicslots name="pactmagicslots2" source="powermeta.pactmagicslots2.max" />
			<number_pactmagicslots name="pactmagicslots3" source="powermeta.pactmagicslots3.max" />
			<number_pactmagicslots name="pactmagicslots4" source="powermeta.pactmagicslots4.max" />
			<number_pactmagicslots name="pactmagicslots5" source="powermeta.pactmagicslots5.max" />
			<number_pactmagicslots name="pactmagicslots6" source="powermeta.pactmagicslots6.max" />
			<number_pactmagicslots name="pactmagicslots7" source="powermeta.pactmagicslots7.max" />
			<number_pactmagicslots name="pactmagicslots8" source="powermeta.pactmagicslots8.max" />
			<number_pactmagicslots name="pactmagicslots9" source="powermeta.pactmagicslots9.max" />
			<label_fieldtop name="pactmagicslots1_label">
				<anchored to="pactmagicslots1" />
				<static>1</static>
			</label_fieldtop>
			<label_fieldtop name="pactmagicslots2_label">
				<anchored to="pactmagicslots2" />
				<static>2</static>
			</label_fieldtop>
			<label_fieldtop name="pactmagicslots3_label">
				<anchored to="pactmagicslots3" />
				<static>3</static>
			</label_fieldtop>
			<label_fieldtop name="pactmagicslots4_label">
				<anchored to="pactmagicslots4" />
				<static>4</static>
			</label_fieldtop>
			<label_fieldtop name="pactmagicslots5_label">
				<anchored to="pactmagicslots5" />
				<static>5</static>
			</label_fieldtop>
			<label_fieldtop name="pactmagicslots6_label">
				<anchored to="pactmagicslots6" />
				<static>6</static>
			</label_fieldtop>
			<label_fieldtop name="pactmagicslots7_label">
				<anchored to="pactmagicslots7" />
				<static>7</static>
			</label_fieldtop>
			<label_fieldtop name="pactmagicslots8_label">
				<anchored to="pactmagicslots8" />
				<static>8</static>
			</label_fieldtop>
			<label_fieldtop name="pactmagicslots9_label">
				<anchored to="pactmagicslots9" />
				<static>9</static>
			</label_fieldtop>

			<genericcontrol name="spacer">
				<anchored height="0">
					<top parent="columnanchor" anchor="bottom" relation="relative" offset="3" />
					<left />
					<right />
				</anchored>
				<disabled />
			</genericcontrol>
		</sheetdata>
	</windowclass>

	<windowclass name="power_page">
		<margins control="0,0,0,2" />
		<script file="campaign/scripts/power_page.lua" />
		<sheetdata>
			<anchor_column name="columnanchor" />

			<list_powers name="powers" />
		</sheetdata>
	</windowclass>
	<windowclass name="power_group_header">
		<margins control="0,0,0,5" />
		<script file="campaign/scripts/power_group.lua" />
		<sheetdata>
			<hsc name="group" />
			<hnc name="level" />

			<label_charframetop name="name">
				<bounds>10,10,-10,20</bounds>
				<script>
					function onClickDown()
						return true;
					end

					function onClickRelease()
						window.onToggle();
						return true;
					end
				</script>
			</label_charframetop>

			<button_idelete name="idelete">
				<anchored position="insidetopleft" offset="50,10" />
				<script>
					function onButtonPress()
						if getValue() == 0 then
							window.deleteGroup();
						end
					end
				</script>
			</button_idelete>

			<button_details name="link">
				<anchored position="insidetopright" offset="27,10" />
				<invisible />
				<script>
					local nodeGroup = nil;

					function setNode(node)
						nodeGroup = node;
						if nodeGroup then
							setVisible(true);
						else
							setVisible(false);
						end
					end

					function onButtonPress()
						local nodeGroup = window.getNode();
						if nodeGroup then
							Interface.openWindow("power_groupdetail", nodeGroup);
						end
					end
				</script>
			</button_details>

			<button_iadd name="iadd">
				<anchored position="insidetopright" offset="5,10" />
				<script>
					function onButtonPress()
						window.windowlist.window.addGroupPower(window.group.getValue(), window.level.getValue());
					end
				</script>
				<visible />
			</button_iadd>
		</sheetdata>
	</windowclass>
	<windowclass name="power_groupdetail" copy="charsheethelper_base">
		<sizelimits>
			<minimum width="430" height="230" />
		</sizelimits>
		<sheetdata>
			<windowtitlebar_charsheethelper name="title">
				<prefix>power_groupdetail_title</prefix>
			</windowtitlebar_charsheethelper>
			<sub_content_framed_groupbox name="content">
				<class>power_groupdetail_content</class>
			</sub_content_framed_groupbox>
		</sheetdata>
	</windowclass>
	<windowclass name="power_groupdetail_content">
		<script file="campaign/scripts/power_groupdetail.lua" />
		<sheetdata>
			<anchor_content_top />

			<label_content_column name="name_label">
				<static textres="power_label_groupname" />
			</label_content_column>
			<string_content_column name="name">
				<delaykeyupdate />
			</string_content_column>

			<label_content_column name="castertype_label">
				<static textres="power_label_grouptype" />
			</label_content_column>
			<button_grouptype>
				<anchored to="contentanchor">
					<top relation="relative" offset="3" postoffset="3" />
					<left offset="110" />
				</anchored>
			</button_grouptype>

			<line_content_top />

			<label_content_column name="groupstat_label">
				<static textres="power_label_groupstat" />
			</label_content_column>
			<cycler_ability name="stat">
				<anchored to="contentanchor" width="30" height="20">
					<top relation="relative" offset="3" postoffset="3" />
					<left offset="110" />
				</anchored>
			</cycler_ability>

			<label_content_column name="groupatk_label">
				<static textres="power_label_groupatk" />
			</label_content_column>
			<cycler_abilitybase name="atkstat">
				<anchored to="contentanchor" width="30" height="20">
					<top relation="relative" offset="3" postoffset="3" />
					<left offset="110" />
				</anchored>
			</cycler_abilitybase>
			<label name="label_atkplus">
				<anchored to="atkstat" position="righthigh" offset="5,0" width="10" />
				<static>+</static>
				<center />
			</label>
			<button_prof name="atkprof">
				<anchored to="label_atkplus" position="righthigh" offset="0,0" height="20" width="20" />
				<default>1</default>
			</button_prof>
			<label name="label_atkplus2">
				<anchored to="atkprof" position="righthigh" offset="0,0" width="10" />
				<static>+</static>
				<center />
			</label>
			<basicnumber name="atkmod">
				<anchored to="label_atkplus2" position="righthigh" offset="5,0" width="25" height="20" />
				<hideonvalue value="0" />
			</basicnumber>

			<label_content_column name="groupsave_label">
				<static textres="power_label_groupsave" />
			</label_content_column>
			<label name="groupsavebase_label">
				<anchored to="contentanchor">
					<top relation="relative" offset="3" postoffset="3" />
					<left offset="110" />
				</anchored>
				<static>8 +</static>
			</label>
			<cycler_group_dc name="savestat">
				<anchored to="groupsavebase_label" position="righthigh" offset="10,0" height="20" width="30" />
			</cycler_group_dc>
			<label name="label_saveplus">
				<anchored to="savestat" position="righthigh" offset="5,0" width="10" />
				<static>+</static>
				<center />
			</label>
			<button_prof name="saveprof">
				<anchored to="label_saveplus" position="righthigh" offset="0,0" height="20" width="20" />
				<default>1</default>
			</button_prof>
			<label name="label_saveplus2">
				<anchored to="saveprof" position="righthigh" offset="0,0" width="10" />
				<static>+</static>
				<center />
			</label>
			<basicnumber name="savemod">
				<anchored to="label_saveplus2" position="righthigh" offset="5,0" width="25" height="20" />
				<hideonvalue value="0" />
			</basicnumber>

			<line_content_top />

			<label_content_column name="groupuses_label">
				<static textres="power_label_groupuses" />
			</label_content_column>
			<number_content_column name="uses">
				<hideonvalue>0</hideonvalue>
			</number_content_column>
			<cycler_power_useperiod name="usesperiod">
				<anchored to="uses" position="righthigh" offset="10,0" />
			</cycler_power_useperiod>

			<label_content_column name="groupprepared_label">
				<static textres="power_label_groupprepared" />
			</label_content_column>
			<number_content_column name="prepared">
				<hideonvalue>0</hideonvalue>
				<min>0</min>
				<delaykeyupdate />
			</number_content_column>
		</sheetdata>
	</windowclass>

	<windowclass name="power_item" merge="join">
		<sheetdata>
			<hs name="group" />
			<hn name="level" />
		</sheetdata>
	</windowclass>
	<windowclass name="power_item_header">
		<margins control="0,0,0,2" />
		<script>
			function onInit()
				self.onLockModeChanged(WindowManager.getWindowReadOnlyState(self));
			end
			function onLockModeChanged(bReadOnly)
				WindowManager.callSafeControlsSetLockMode(self, { "name", }, bReadOnly);
			end
		</script>
		<sheetdata>
			<anchor_listitem_left_sm />
			<anchor_listitem_right_sm />

			<spacer_listitem_left name="blank">
				<anchored width="24" />
			</spacer_listitem_left>
			<icon_usepower name="usepower">
				<anchored to="leftanchor">
					<top />
					<left relation="relative" offset="2" postoffset="2" />
				</anchored>
				<invisible />
			</icon_usepower>
			<buttongroup_counter_power name="counter">
				<anchored to="leftanchor">
					<top />
					<left relation="relative" offset="5" postoffset="5" />
				</anchored>
				<invisible />
			</buttongroup_counter_power>
			<button_checkbox name="preparedcheck" source="prepared">
				<anchored to="leftanchor" width="20" height="20">
					<top />
					<left relation="relative" offset="5" postoffset="5" />
				</anchored>
				<invisible />
			</button_checkbox>
			<basicnumber name="prepared">
				<anchored to="leftanchor" width="30" height="20">
					<top />
					<left relation="relative" offset="5" postoffset="5" />
				</anchored>
				<min>0</min>
				<tooltip textres="power_tooltip_prepared" />
				<invisible />
			</basicnumber>
			<cycler_power_useperiod name="usesperiod">
				<anchored to="leftanchor">
					<top />
					<left relation="relative" offset="5" postoffset="5" />
				</anchored>
				<invisible />
			</cycler_power_useperiod>

			<string_poweritem_header_name name="name">
				<empty textres="library_recordtype_empty_spell" />
			</string_poweritem_header_name>

			<string_poweritem_header name="group">
				<tooltip textres="power_tooltip_group" />
			</string_poweritem_header>
			<list_poweraction_mini name="actionsmini" />
		</sheetdata>
	</windowclass>

	<windowclass name="power_action_cast">
		<margins control="0,0,0,2" />
		<script>
			function onInit()
				self.onDataChanged();
				DB.addHandler(getDatabaseNode(), "onChildUpdate", self.onDataChanged);
			end
			function onClose()
				DB.removeHandler(getDatabaseNode(), "onChildUpdate", self.onDataChanged);
			end
			function onDataChanged()
				local nodeAction = getDatabaseNode();

				attackview.setValue(PowerActionManagerCore.getActionText(nodeAction, { sSubRoll = "atk" }));
				saveview.setValue(PowerActionManagerCore.getActionText(nodeAction, { sSubRoll = "save" }));
			end
			function performAction(draginfo, sSubRoll)
				PowerActionManagerCore.performAction(draginfo, getDatabaseNode(), { sSubRoll = sSubRoll });
			end
		</script>
		<sheetdata>
			<button_poweraction name="castbutton">
				<anchored position="insidetopleft" offset="2,2" />
			</button_poweraction>
			<label name="castlabel">
				<anchored to="castbutton" position="righthigh" offset="5,0" width="40" />
				<static textres="power_label_cast" />
			</label>

			<button_poweraction name="attackbutton">
				<anchored to="castlabel" position="righthigh" offset="5,0" />
				<icon normal="button_action_attack" pressed="button_action_attack_down" />
				<subroll>atk</subroll>
			</button_poweraction>
			<label name="attackviewlabel">
				<anchored to="attackbutton" position="righthigh" offset="5,0" />
				<static textres="power_label_atk" />
			</label>
			<string_poweractionview name="attackview">
				<anchored to="attackviewlabel" position="righthigh" offset="10,0" width="70" />
				<subroll>atk</subroll>
			</string_poweractionview>

			<button_poweraction name="savebutton">
				<anchored to="attackview" position="righthigh" offset="15,0" />
				<subroll>save</subroll>
			</button_poweraction>
			<label name="saveviewlabel">
				<anchored to="savebutton" position="righthigh" offset="5,0" />
				<static textres="power_label_save" />
			</label>
			<string_poweractionview name="saveview">
				<anchored to="saveviewlabel" position="righthigh" offset="10,0" width="80" />
				<subroll>save</subroll>
			</string_poweractionview>
		</sheetdata>
	</windowclass>
	<windowclass name="power_action_damage">
		<margins control="0,0,0,2" />
		<script>
			function onInit()
				self.onDataChanged();
				DB.addHandler(getDatabaseNode(), "onChildUpdate", self.onDataChanged);
			end
			function onClose()
				DB.removeHandler(getDatabaseNode(), "onChildUpdate", self.onDataChanged);
			end
			function onDataChanged()
				damageview.setValue(PowerActionManagerCore.getActionText(getDatabaseNode()));
			end
			function performAction(draginfo, sSubRoll)
				PowerActionManagerCore.performAction(draginfo, getDatabaseNode(), { sSubRoll = sSubRoll });
			end
		</script>
		<sheetdata>
			<button_poweraction name="damagebutton">
				<anchored position="insidetopleft" offset="2,2" />
				<icon normal="button_action_damage" pressed="button_action_damage_down" />
			</button_poweraction>
			<label name="damagelabel">
				<anchored to="damagebutton" position="righthigh" offset="5,0" width="40" />
				<static textres="power_label_dmg" />
			</label>
			<string_poweractionview name="damageview">
				<anchored to="damagelabel" position="righthigh" offset="10,0">
					<right parent="" offset="-5" />
				</anchored>
			</string_poweractionview>
		</sheetdata>
	</windowclass>
	<windowclass name="power_action_heal">
		<margins control="0,0,0,2" />
		<script>
			function onInit()
				self.onDataChanged();
				DB.addHandler(getDatabaseNode(), "onChildUpdate", self.onDataChanged);
			end
			function onClose()
				DB.removeHandler(getDatabaseNode(), "onChildUpdate", self.onDataChanged);
			end
			function onDataChanged()
				healview.setValue(PowerActionManagerCore.getActionText(getDatabaseNode()));
			end
			function performAction(draginfo, sSubRoll)
				PowerActionManagerCore.performAction(draginfo, getDatabaseNode(), { sSubRoll = sSubRoll });
			end
		</script>
		<sheetdata>
			<button_poweraction name="healbutton">
				<anchored position="insidetopleft" offset="2,2" />
				<icon normal="button_action_heal" pressed="button_action_heal_down" />
			</button_poweraction>
			<label name="heallabel">
				<anchored to="healbutton" position="righthigh" offset="5,0" width="40" />
				<static textres="power_label_heal" />
			</label>
			<button_iconcycler name="healtargeting">
				<anchored to="heallabel" position="righthigh" offset="5,5" width="30" height="10" />
				<parameters>
					<icons>button_toggle_self</icons>
					<values>self</values>
					<tooltipsres>power_tooltip_targetself</tooltipsres>
					<defaulticon>button_toggle_trgt</defaulticon>
					<defaulttooltipres>power_tooltip_targetnormal</defaulttooltipres>
				</parameters>
			</button_iconcycler>
			<string_poweractionview name="healview">
				<anchored to="heallabel" position="righthigh" offset="40,0">
					<right parent="" offset="-5" />
				</anchored>
			</string_poweractionview>
		</sheetdata>
	</windowclass>
	<windowclass name="power_action_effect">
		<margins control="0,0,0,2" />
		<script>
			function onInit()
				self.onDataChanged();
				DB.addHandler(getDatabaseNode(), "onChildUpdate", self.onDataChanged);
			end
			function onClose()
				DB.removeHandler(getDatabaseNode(), "onChildUpdate", self.onDataChanged);
			end
			function onDataChanged()
				local nodeAction = getDatabaseNode();

				local sLabel = PowerActionManagerCore.getActionText(nodeAction);
				local sDuration = PowerActionManagerCore.getActionText(nodeAction, { sSubRoll = "duration" });

				effectview.setValue(sLabel);
				durationview.setValue(sDuration);
			end
			function performAction(draginfo, sSubRoll)
				PowerActionManagerCore.performAction(draginfo, getDatabaseNode(), { sSubRoll = sSubRoll });
			end
		</script>
		<sheetdata>
			<button_poweraction name="effectbutton">
				<anchored position="insidetopleft" offset="2,2" />
				<icon normal="button_action_effect" pressed="button_action_effect_down" />
			</button_poweraction>
			<label name="effectlabel">
				<anchored to="effectbutton" position="righthigh" offset="5,0" width="40" />
				<static textres="power_label_effect" />
			</label>
			<button_iconcycler name="targeting">
				<anchored to="effectlabel" position="righthigh" offset="5,5" width="30" height="10" />
				<parameters>
					<icons>button_toggle_self</icons>
					<values>self</values>
					<tooltipsres>power_tooltip_targetself</tooltipsres>
					<defaulticon>button_toggle_trgt</defaulticon>
					<defaulttooltipres>power_tooltip_targetnormal</defaulttooltipres>
				</parameters>
			</button_iconcycler>
			<string_poweractionview name="effectview">
				<anchored to="effectlabel" position="righthigh" offset="40,0">
					<right parent="" offset="-65" />
				</anchored>
			</string_poweractionview>
			<string_poweractionview name="durationview">
				<anchored to="effectview" position="righthigh" offset="10,0" width="50" />
			</string_poweractionview>
		</sheetdata>
	</windowclass>
</root>
