<?xml version="1.0" encoding="iso-8859-1"?>

<!-- 
  Please see the license.html file included with this distribution for 
  attribution and copyright information.
-->

<root>
	<string name="title_class_spell_views">Class Spell Lists</string>
	<string name="title_class_spell_view">Spell List</string>

	<windowclass name="class_spell_views_index">
		<frame>referencelist</frame>
		<sizelimits>
			<minimum width="450" height="450" />
			<dynamic />
		</sizelimits>
		<minimize>minimized_reference</minimize>
		<script file="campaign/scripts/class_spell_views_window.lua" />
		<sheetdata>
			<windowtitlebar_referencelist name="title">
				<resource>title_class_spell_views</resource>
			</windowtitlebar_referencelist>
			<windowmenubar_referencelist name="menubar" />

			<anchor_content_referencelist_top />
			<anchor_content_referencelist_bottom />

			<sub_content_top name="sub_buttons">
				<class>class_spell_views_index_buttons</class>
			</sub_content_top>

			<filter_content_bottom name="filter" />

			<list_content_framed_groupbox_alternating_filtered name="list">
				<class>class_spell_view_item</class>
				<sortby><control>name</control></sortby>
			</list_content_framed_groupbox_alternating_filtered>
			<scrollbar_content_list />

			<resize_referencelist />
		</sheetdata>
	</windowclass>
	<windowclass name="class_spell_views_index_buttons">
		<margins control="0,0,0,5" />
		<sheetdata>
			<genericcontrol name="buttonanchor">
				<anchored position="insidetopleft" offset="0,2" height="20" width="0" />
			</genericcontrol>
			<button_class_spell_list />
		</sheetdata>
	</windowclass>
	<windowclass name="class_spell_view_item">
		<margins control="0,0,0,2" />
		<sheetdata>
			<linkc_list name="link" />
			<stringc_list_link name="name" />
		</sheetdata>
	</windowclass>

	<windowclass name="class_spell_view">
		<frame>referencelist</frame>
		<placement>
			<nosave />
		</placement>
		<sizelimits>
			<minimum width="450" height="450" />
			<dynamic />
		</sizelimits>
		<script>
			local _sClassKey = nil;
			function init(sClassKey)
				_sClassKey = sClassKey;
				self.refresh();
			end
			function onClose()
				ListManager.onCloseWindow(self);
			end
			function refresh()
				local rList = ClassSpellListManager.getClassSpellListViewRecord(_sClassKey);
				ListManager.initViewFromRecord(self, rList);
			end
		</script>
		<sheetdata>
			<windowtitlebar_referencelist name="title">
				<resource>title_class_spell_view</resource>
			</windowtitlebar_referencelist>
			<windowmenubar_referencelist name="menubar" />

			<anchor_content_referencelist_top />
			<anchor_content_referencelist_bottom />

			<filter_content_bottom name="filter" />
			<sub_content_paging name="sub_paging" />

			<list_content_framed_groupbox name="list">
				<class>reference_groupedlist_groupitem</class>
				<sortby><control>order</control></sortby>
				<readonly />
			</list_content_framed_groupbox>
			<scrollbar_content_list />

			<resize_referencelist />
		</sheetdata>
	</windowclass>
</root>