<?xml version="1.0" encoding="iso-8859-1"?>

<!-- 
  Please see the license.html file included with this distribution for 
  attribution and copyright information.
-->

<root>
	<windowclass name="charsheet" copy="charsheet_base">
		<placement>
			<size width="525" height="600" />
		</placement>
		<sizelimits>
			<minimum width="450" height="580" />
			<dynamic />
		</sizelimits>
		<tab>
			<name>main</name>
			<resource>tab_main</resource>
			<class>charsheet_main</class>
			<embed />
		</tab>
		<tab merge="add">
			<name>skills</name>
			<resource>tab_skills</resource>
			<class>charsheet_skills</class>
		</tab>
		<tab merge="add">
			<name>abilities</name>
			<resource>tab_abilities</resource>
			<class>charsheet_abilities</class>
		</tab>
		<tab merge="add">
			<name>inventory</name>
			<resource>tab_inventory</resource>
			<class>charsheet_inventory</class>
		</tab>
		<tab merge="add">
			<name>notes</name>
			<resource>tab_notes</resource>
			<class>charsheet_notes</class>
		</tab>
		<tab merge="add">
			<name>actions</name>
			<resource>tab_actions</resource>
			<class>charsheet_actions</class>
		</tab>
		<script file="campaign/scripts/char.lua" />
	</windowclass>

	<windowclass name="charsheet_overview" copy="charsheet_overview_base_alt">
		<sheetdata>
			<label_charframetop name="inspirationtitle" insertbefore="nametitle">
				<anchored to="rightanchor" width="40" height="20">
					<top />
					<right relation="relative" offset="-10" postoffset="-10" />
				</anchored>
				<static textres="char_label_inspiration" />
				<tooltip textres="char_tooltip_inspiration" />
			</label_charframetop>
			<buttongroup_counter name="inspiration" insertbefore="nametitle">
				<anchored to="inspirationtitle" height="20">
					<top anchor="bottom" offset="5" />
					<left anchor="center" offset="-5" />
				</anchored>
				<tooltip textres="char_tooltip_inspiration" />
				<sourcefields><current>inspiration</current></sourcefields>
				<script>
					function onInit()
						self.onHRISOptionChanged();
						OptionsManager.registerCallback("HRIS", self.onHRISOptionChanged);
						if super and super.onInit then
							super.onInit();
						end
					end
					function onClose()
						if super and super.onClose then
							super.onClose();
						end
						OptionsManager.unregisterCallback("HRIS", self.onHRISOptionChanged);
					end
					function onHRISOptionChanged()
						local sOptHRIS = OptionsManager.getOption("HRIS");
						local nOptHRIS = math.min(math.max(tonumber(sOptHRIS) or 1, 1), 5);
						self.setMaxValue(nOptHRIS);
						setAnchor("left", "inspirationtitle", "center", "absolute", -5 * nOptHRIS);
					end
					function adjustCounter(nAdj)
						super.adjustCounter(nAdj);
						CharManager.messageInspiration(window.getDatabaseNode(), nAdj);
					end
				</script>
			</buttongroup_counter>
		</sheetdata>
	</windowclass>
</root>
