<?xml version="1.0" encoding="iso-8859-1"?>

<!-- 
  Please see the license.html file included with this distribution for 
  attribution and copyright information.
-->

<root>
	<template name="sub_item_type">
		<sub_content_column name="sub_type">
			<script>
				function update(bReadOnly, bID)
					if bID then
						local nodeRecord = window.getDatabaseNode();
						if ItemManager.isWeapon(nodeRecord) then
							setValue("item_main_weapon", nodeRecord);
							subwindow.update(bReadOnly, bID);
							return;
						end
						if ItemManager.isArmor(nodeRecord) then
							setValue("item_main_armor", nodeRecord);
							subwindow.update(bReadOnly, bID);
							return;
						end

						local sTypeKey = StringManager.simplify(DB.getValue(nodeRecord, "type", ""));
						local bArcaneFocus = StringManager.contains({ "rod", "staff", "wand", }, sTypeKey);
						if bArcaneFocus then
							setValue("item_main_arcanefocus", nodeRecord);
							subwindow.update(bReadOnly, bID);
							return;
						end

						local bVehicleComponent = (sTypeKey == "vehiclecomponent");
						if bVehicleComponent then
							setValue("item_main_vehicle", nodeRecord);
							subwindow.update(bReadOnly, bID);
							return;
						end

						local bLegacyVehicle = StringManager.contains({ "waterbornevehicles", "mountsandotheranimals", }, sTypeKey);
						if bLegacyVehicle then
							setValue("item_main_vehicle_legacy", nodeRecord);
							subwindow.update(bReadOnly, bID);
							return;
						end
					end
					setValue("", "");
				end
			</script>
		</sub_content_column>
	</template>

	<windowclass name="item" copy="record_window_tabbed">
		<minimize>minimized_item</minimize>
		<tab>
			<name>main</name>
			<resource>tab_main</resource>
			<class>item_main</class>
			<embed />
		</tab>
		<tab merge="add">
			<name>pictures</name>
			<resource>tab_pictures</resource>
			<class>record_content_pictures</class>
			<embed />
		</tab>
		<sheetdata>
			<sub_content_framed_groupbox_top name="header">
				<class>item_header</class>
			</sub_content_framed_groupbox_top>

			<sub_record_version name="sub_version" />
		</sheetdata>
	</windowclass>
	<windowclass name="item_header" copy="record_header" /> 

	<!-- Legacy window classes - Maintain for older DLC -->
	<windowclass name="reference_magicitem" copy="item" />
	<windowclass name="reference_weapon" copy="item" />
	<windowclass name="reference_armor" copy="item" />
	<windowclass name="reference_equipment" copy="item" />
	<windowclass name="reference_mountsandotheranimals" copy="item" />
	<windowclass name="reference_waterbornevehicles" copy="item" />
	<windowclass name="reference_vehicle" copy="item" />

	<!-- Item details -->
	<windowclass name="item_main">
		<margins control="0,0,0,2" />
		<script file="campaign/scripts/item_main.lua" />
		<sheetdata>
			<anchor_content_top />

			<sub_record_nonid_notes name="sub_nonid" />
			<sub_item_standard name="sub_standard" />
			<sub_item_type name="sub_type" />

			<ft_content_columnh_full name="description" />

			<sub_item_pack name="sub_pack" />
		</sheetdata>
	</windowclass>
	<windowclass name="item_main_standard">
		<margins control="0,0,0,2" />
		<script>
			function update(bReadOnly, bID)
				local tFields = { "type", "subtype", "rarity", "cost", "weight", };
				WindowManager.callSafeControlsUpdate(self, tFields, bReadOnly, not bID);
				parentcontrol.setVisible(WindowManager.getAnyControlVisible(self, tFields));
			end
		</script>
		<sheetdata>
			<anchor_content_top />

			<label_content_column name="type_label">
				<static textres="item_label_type" />
			</label_content_column>
			<string_content_columnh name="type">
				<nohide />
				<delaykeyupdate />
				<script>
					function onValueChanged()
						WindowManager.callOuterWindowFunction(window, "onTypeChanged");
					end
				</script>
			</string_content_columnh>

			<label_content_column name="subtype_label">
				<static textres="item_label_subtype" />
			</label_content_column>
			<string_content_columnh name="subtype">
				<delaykeyupdate />
				<script>
					function onValueChanged()
						WindowManager.callOuterWindowFunction(window, "onTypeChanged");
					end
				</script>
			</string_content_columnh>

			<label_content_column name="rarity_label">
				<static textres="item_label_rarity" />
			</label_content_column>
			<string_content_columnh name="rarity">
				<delaykeyupdate />
			</string_content_columnh>

			<label_content_column name="cost_label">
				<static textres="item_label_cost" />
			</label_content_column>
			<string_content_columnh name="cost" />

			<label_content_column name="weight_label">
				<static textres="item_label_weight" />
			</label_content_column>
			<number_content_columnh name="weight" />

			<line_content_top name="divider" />
		</sheetdata>
	</windowclass>
	<windowclass name="item_main_weapon">
		<margins control="0,0,0,2" />
		<script>
			function update(bReadOnly, bID)
				local tFields = { "bonus", "damage", "properties" };
				WindowManager.callSafeControlsUpdate(self, tFields, bReadOnly, not bID);

				local bIs2024 = (DB.getValue(getDatabaseNode(), "version", "") == "2024");
				WindowManager.callSafeControlUpdate(self, "mastery", bReadOnly, not bID or not bIs2024);

				parentcontrol.setVisible(WindowManager.getAnyControlVisible(self, tFields));
			end
		</script>
		<sheetdata>
			<anchor_content_top />

			<label_content_column name="bonus_label">
				<static textres="item_label_bonus" />
			</label_content_column>
			<number_content_columnh name="bonus">
				<delaykeyupdate />
				<displaysign />
			</number_content_columnh>

			<label_content_column name="damage_label">
				<static textres="item_label_damage" />
			</label_content_column>
			<string_content_column name="damage" />

			<label_content_column name="properties_label">
				<static textres="item_label_properties" />
			</label_content_column>
			<string_content_columnh name="properties" />

			<label_content_column name="mastery_label">
				<static textres="item_label_mastery" />
			</label_content_column>
			<string_content_columnh name="mastery" />

			<line_content_top name="divider" />
		</sheetdata>
	</windowclass>
	<windowclass name="item_main_armor">
		<margins control="0,0,0,2" />
		<script>
			function update(bReadOnly, bID)
				local tFields = { "bonus", "ac", "dexbonus", "strength", "stealth", };
				WindowManager.callSafeControlsUpdate(self, tFields, bReadOnly, not bID);

				local bIs2024 = (DB.getValue(getDatabaseNode(), "version", "") == "2024");
				WindowManager.callSafeControlUpdate(self, "properties", bReadOnly, not bID or bIs2024);

				parentcontrol.setVisible(WindowManager.getAnyControlVisible(self, tFields));
			end
		</script>
		<sheetdata>
			<anchor_content_top />

			<label_content_column name="bonus_label">
				<static textres="item_label_bonus" />
			</label_content_column>
			<number_content_columnh name="bonus">
				<delaykeyupdate />
				<displaysign />
			</number_content_columnh>

			<label_content_column name="ac_label">
				<static textres="item_label_ac" />
			</label_content_column>
			<number_content_column name="ac">
				<delaykeyupdate />
			</number_content_column>

			<label_content_column name="dexbonus_label">
				<static textres="item_label_dexbonus" />
			</label_content_column>
			<string_content_columnh name="dexbonus">
				<delaykeyupdate />
			</string_content_columnh>

			<label_content_column name="strength_label">
				<static textres="item_label_strength" />
			</label_content_column>
			<string_content_columnh name="strength" />

			<label_content_column name="stealth_label">
				<static textres="item_label_stealth" />
			</label_content_column>
			<string_content_columnh name="stealth">
				<delaykeyupdate />
			</string_content_columnh>

			<label_content_column name="properties_label">
				<static textres="item_label_properties" />
			</label_content_column>
			<string_content_columnh name="properties" />

			<line_content_top name="divider" />
		</sheetdata>
	</windowclass>

	<windowclass name="item_main_arcanefocus">
		<margins control="0,0,0,2" />
		<script>
			function update(bReadOnly, bID)
				local tFields = { "bonus", };
				WindowManager.callSafeControlsUpdate(self, tFields, bReadOnly, not bID);
				parentcontrol.setVisible(WindowManager.getAnyControlVisible(self, tFields));
			end
		</script>
		<sheetdata>
			<anchor_content_top />

			<label_content_column name="bonus_label">
				<static textres="item_label_bonus" />
			</label_content_column>
			<number_content_columnh name="bonus">
				<delaykeyupdate />
				<displaysign />
			</number_content_columnh>
		</sheetdata>
	</windowclass>

	<windowclass name="item_main_vehicle">
		<margins control="0,0,0,2" />
		<script>
			function update(bReadOnly, bID)
				local tFields = { "crew", "ac", "damagethreshold", "hp", "cover", };
				WindowManager.callSafeControlsUpdate(self, tFields, bReadOnly, not bID);
				parentcontrol.setVisible(WindowManager.getAnyControlVisible(self, tFields));
			end
		</script>
		<sheetdata>
			<anchor_content_top />

			<label_content_column name="crew_label">
				<static textres="vehicle_label_crew" />
			</label_content_column>
			<number_content_column name="crew" />

			<label_content_column name="ac_label">
				<static textres="ac" />
				<tooltip textres="armorclass" />
			</label_content_column>
			<number_content_column name="ac">
				<delaykeyupdate />
			</number_content_column>

			<label_content_column_right name="damagethreshold_label">
				<anchored to="ac" />
				<static textres="dt" />
				<tooltip textres="damagethreshold" />
			</label_content_column_right>
			<number_content_column_right name="damagethreshold">
				<anchored to="ac" />
				<delaykeyupdate />
			</number_content_column_right>

			<label_content_column name="hp_label">
				<static textres="hitpoints" />
			</label_content_column>
			<number_content_column name="hp" />

			<label_content_column_right name="cover_label">
				<anchored to="hp" />
				<static textres="item_vehicle_label_cover" />
			</label_content_column_right>
			<button_stringcycler name="cover">
				<anchored to="hp" width="40" height="20">
					<top />
					<right parent="" offset="-5" />
				</anchored>
				<parameters>
					<labelsres>item_vehicle_component_cover_half|item_vehicle_component_cover_threequarter|item_vehicle_component_cover_full</labelsres>
					<values>halfcover|threequartercover|fullcover</values>
					<defaultlabelres>item_vehicle_component_cover_none</defaultlabelres>
				</parameters>
			</button_stringcycler>

			<sub_content_top name="sub_actions">
				<class>item_main_vehicle_actions</class>
			</sub_content_top>
		</sheetdata>
	</windowclass>
	<windowclass name="item_main_vehicle_actions">
		<margins control="0,0,0,2" />
		<script>
			function update(bReadOnly)
				actions.update(bReadOnly);
			end
		</script>
		<sheetdata>
			<anchor_column name="columnanchor" />

			<header_column name="header_actions">
				<static textres="vehicle_header_actions" />
			</header_column>
			<button_iedit name="actions_iedit">
				<anchored to="header_actions" position="righthigh" offset="-20,0" />
				<target>actions</target>
			</button_iedit>
			<button_iadd name="actions_iadd">
				<anchored to="actions_iedit" position="lefthigh" offset="5,0" />
				<target>actions</target>
			</button_iadd>
			<list_column name="actions">
				<child merge="delete" />
				<datasource>.actions</datasource>
				<sortby><control>name</control></sortby>
				<class>item_main_vehicle_action_entry</class>
			</list_column>
		</sheetdata>
	</windowclass>
	<windowclass name="item_main_vehicle_action_entry">
		<margins control="0,0,0,2" />
		<script>
			function update(bReadOnly)
				name.setReadOnly(bReadOnly);
				actions_load.setReadOnly(bReadOnly);
				actions_aim.setReadOnly(bReadOnly);
				actions_fire.setReadOnly(bReadOnly);
				desc.setReadOnly(bReadOnly);
			end
		</script>
		<sheetdata>
			<anchor_listitem_left_sm />
			<anchor_listitem_right_sm />

			<button_listitem_idelete_left name="idelete" />

			<string_listitem_center_bold name="name">
				<frame name="rowshade" offset="5,2,5,2" />
				<empty textres="npc_empty_powername" />
			</string_listitem_center_bold>

			<basicnumber name="actions_load">
				<anchored width="40" height="20">
					<top parent="name" anchor="bottom" relation="relative" offset="5" />
					<left offset="40" />
				</anchored>
			</basicnumber>
			<label name="actions_load_label">
				<anchored to="actions_load" position="lefthigh" offset="10,0" />
				<static textres="item_vehicle_label_load" />
			</label>

			<label name="actions_aim_label">
				<anchored>
					<top offset="27" />
					<left anchor="center" offset="-40" />
				</anchored>
				<static textres="item_vehicle_label_aim" />
			</label>
			<basicnumber name="actions_aim">
				<anchored to="actions_aim_label" position="righthigh" offset="10,0" width="40" height="20" />
			</basicnumber>

			<basicnumber name="actions_fire">
				<anchored position="insidetopright" offset="10,27" width="40" height="20" />
			</basicnumber>
			<label name="actions_fire_label">
				<anchored to="actions_fire" position="lefthigh" offset="10,0" />
				<static textres="item_vehicle_label_fire" />
			</label>

			<basicstring name="desc">
				<anchored>
					<top parent="name" anchor="bottom" relation="relative" offset="5" />
					<left offset="5" />
					<right parent="" offset="-5" />
				</anchored>
				<multilinespacing>20</multilinespacing>
			</basicstring>
		</sheetdata>
	</windowclass>

	<windowclass name="item_main_vehicle_legacy">
		<margins control="0,0,0,2" />
		<script>
			function update(bReadOnly, bID)
				local tFields = { "speed", "carryingcapacity", };
				WindowManager.callSafeControlsUpdate(self, tFields, bReadOnly, not bID);
				parentcontrol.setVisible(WindowManager.getAnyControlVisible(self, tFields));
			end
		</script>
		<sheetdata>
			<anchor_column name="columnanchor" />

			<label_column name="speed_label">
				<static textres="item_label_speed" />
			</label_column>
			<string_columnh name="speed" />

			<label_column name="carryingcapacity_label">
				<static textres="item_label_carryingcapacity" />
			</label_column>
			<string_columnh name="carryingcapacity" />
		</sheetdata>
	</windowclass>
</root>
