<?xml version="1.0" encoding="iso-8859-1"?>

<!-- 
  Please see the license.html file included with this distribution for 
  attribution and copyright information.
-->

<root>
	<windowclass name="charsheet_inventory">
		<script>
			function onDrop(x, y, draginfo)
				return ItemManager.handleAnyDrop(getDatabaseNode(), draginfo);
			end
		</script>
		<sheetdata>
			<anchor_content_top />
			<anchor_content_bottom />

			<sub_content_framed_groupbox name="content">
				<class>charsheet_inventory_contents</class>
			</sub_content_framed_groupbox>
			<scrollbar_content />
		</sheetdata>
	</windowclass>

	<windowclass name="charsheet_inventory_contents">
		<margins control="0,0,0,2" />
		<sheetdata>
			<anchor_content_top />

			<sub_content_top name="items">
				<class>charsheet_inventory_items</class>
			</sub_content_top>
			<sub_content_top name="currencies">
				<class>charsheet_inventory_currencies</class>
			</sub_content_top>
			<sub_content_top name="encumbrance">
				<class>charsheet_inventory_encumbrance</class>
			</sub_content_top>
		</sheetdata>
	</windowclass>

	<windowclass name="charsheet_inventory_items">
		<margins control="0,0,0,2" />
		<script>
			function onInit()
				self.updateAttunement();
				self.onLockModeChanged(WindowManager.getWindowReadOnlyState(self));
			end
			function onLockModeChanged(bReadOnly)
				WindowManager.callSafeControlsSetLockMode(self, { "list_iadd", "idelete_header", }, bReadOnly);
			end
			function onAttunementChanged()
				self.updateAttunement();
			end
			function updateAttunement()
				local nodeChar = getDatabaseNode();
				local nUsed = CharAttunementManager.getUsedSlots(nodeChar);
				local nAllowed = CharAttunementManager.getTotalSlots(nodeChar);
				local sUsage = string.format("%d / %d", nUsed, nAllowed);

				attunecalc.setValue(sUsage);
				if nUsed > nAllowed then
					attunecalc.setColor(attunecalc.warning[1])
				else
					attunecalc.setColor(nil);
				end
			end
		</script>
		<sheetdata>
			<anchor_content_top />

			<label_charframetop name="header">
				<anchored to="contentanchor" height="20">
					<top relation="relative" offset="2" postoffset="2" />
					<left offset="15" />
					<right offset="-10" />
				</anchored>
				<icons>char_inventory</icons>
				<static textres="char_label_inventory" />
			</label_charframetop>
			<!--
			<header_content_framed_metalplate_with_icon_top name="header">
				<icon>char_inventory</icon>
				<static textres="char_label_inventory" />
			</header_content_framed_metalplate_with_icon_top>
			-->
			<button_iadd name="list_iadd">
				<anchored to="header" position="insidetopright" offset="5,0" />
				<target>list</target>
				<recordtype>item</recordtype>
			</button_iadd>
			<button_details name="button_invmeta">
				<anchored to="header" position="insidetopright" offset="35,0" />
				<script>
					function onButtonPress()
						Interface.openWindow("charsheet_invmeta", window.getDatabaseNode());
					end
				</script>
			</button_details>
			<genericcontrol name="attunecalcicon">
				<anchored to="button_invmeta" position="lefthigh" offset="55,0" width="20" height="20" />
				<icon>char_attuned</icon>
			</genericcontrol>
			<string_charinv_attunecalc name="attunecalc">
				<anchored to="attunecalcicon" position="righthigh" offset="0,0" height="20" />
			</string_charinv_attunecalc>

			<list_content_labeled_alternating_top name="list">
				<datasource>.inventorylist</datasource>
				<class>char_invitem</class>
				<allowdelete />
				<script file="campaign/scripts/char_invlist.lua" />
			</list_content_labeled_alternating_top>

			<anchor_list_content_label_left />
			<anchor_list_content_label_right />
			<spacer_list_content_idelete_label_left name="idelete_header" />
			<spacer_list_content_link_label_left name="spacer_link" />
			<label_list_content_number_left name="label_count">
				<anchored width="20" />
				<static>#</static>
			</label_list_content_number_left>
			<spacer_list_content_button_label_right name="label_carried">
				<icon>char_inv_carried_header</icon>
				<tooltip textres="char_tooltip_itemcarried" />
			</spacer_list_content_button_label_right>
			<label_list_content_number_right name="label_weight">
				<anchored width="30" />
				<static textres="char_label_itemweight" />
				<tooltip textres="char_tooltip_itemweight" />
			</label_list_content_number_right>
			<spacer_list_content_button_label_right name="label_attuned">
				<icon>char_attuned</icon>
				<tooltip textres="char_inventory_tooltip_attuned" />
			</spacer_list_content_button_label_right>
			<label_list_content_string_noframe_right name="label_location">
				<static textres="char_label_itemlocation" />
			</label_list_content_string_noframe_right>
			<label_list_content_noframe name="label_name">
				<static textres="char_label_itemname" />
			</label_list_content_noframe>
		</sheetdata>
	</windowclass>
	<windowclass name="char_invitem">
		<margins control="0,0,0,2" />
		<script file="campaign/scripts/char_invitem.lua" />
		<sheetdata>
			<hidden_record_isidentified name="isidentified">
				<class>item</class>
				<ignorehost />
			</hidden_record_isidentified>

			<anchor_listitem_left_sm />
			<anchor_listitem_right_sm />

			<button_listitem_idelete_left name="idelete" />
			<linkc_listitem_left name="shortcut">
				<class>item</class>
			</linkc_listitem_left>
			<number_listitem_left name="count">
				<anchored width="20" />
				<tabtarget next="name" />
				<nodrag />
				<hideonvalue>0</hideonvalue>
				<min>0</min>
			</number_listitem_left>

			<button_listitem_carried_right name="carried" />
			<number_listitem_right name="weight">
				<anchored width="30" />
				<nodrag />
				<hideonvalue>0</hideonvalue>
				<min>0</min>
				<delaykeyupdate />
				<tabtarget prev="location" />
			</number_listitem_right>
			<button_listitem_checkbox_right name="attune">
				<anchored width="20" />
			</button_listitem_checkbox_right>
			<stringc_listitem_right_noframe_static name="attune_na">
				<anchored width="14" />
				<static text="-" />
				<center />
			</stringc_listitem_right_noframe_static>
			<string_listitem_right_underline name="location">
				<nodrop />
				<delaykeyupdate merge="delete" />
				<tabtarget next="weight" prev="nonid_name" />
				<script file="campaign/scripts/char_invloc.lua" />
			</string_listitem_right_underline>

			<string_listitem_center_underline name="name">
				<nodrop />
				<tabtarget next="nonid_name" prev="count" />
				<script file="campaign/scripts/char_invname.lua" />
			</string_listitem_center_underline>
			<string_listitem_center_underline name="nonid_name">
				<nodrop />
				<empty textres="library_recordtype_empty_nonid_item" />
				<invisible />
				<tabtarget next="location" prev="name" />
				<script file="campaign/scripts/char_invname.lua" />
			</string_listitem_center_underline>
		</sheetdata>
	</windowclass>

	<windowclass name="charsheet_invmeta" copy="charsheethelper_base">
		<sizelimits>
			<minimum width="400" height="145" />
		</sizelimits>
		<windowmenu>
			<nolock />
		</windowmenu>
		<script>
			function onInit()
				OptionsManager.registerCallback("HRAS", onBaseSlotsChanged);
				DB.addHandler(DB.getPath(getDatabaseNode(), "profbonus"), "onUpdate", onBaseSlotsChanged);

				self.onBaseSlotsChanged();
			end

			function onClose()
				OptionsManager.unregisterCallback("HRAS", onBaseSlotsChanged);
				DB.removeHandler(DB.getPath(getDatabaseNode(), "profbonus"), "onUpdate", onBaseSlotsChanged);
			end

			function onBaseSlotsChanged()
				local nodeChar = getDatabaseNode();
				local nBase = CharAttunementManager.getBaseSlots(nodeChar);
				attunebase.setValue(nBase);
			end
		</script>
		<sheetdata>
			<windowtitlebar_charsheethelper name="title">
				<prefix>char_invmeta_title</prefix>
			</windowtitlebar_charsheethelper>

			<area_content_framed_groupbox name="content_area" />

			<label name="label_attunedetail">
				<anchored to="content_area" position="insidetopleft" offset="30,20" width="100" />
				<static textres="char_label_attunedetail" />
			</label>
			<numberc_static name="attunebase">
				<anchored to="label_attunedetail" position="righthigh" offset="5,0" width="45" height="20" />
				<hideonvalue>0</hideonvalue>
			</numberc_static>
			<label_fieldtop name="label_attunebase">
				<anchored to="attunebase" />
				<static textres="base" />
			</label_fieldtop>
			<label name="label_attuneplus">
				<anchored to="attunebase" position="righthigh" offset="5,0" width="10" />
				<static>+</static>
				<center />
			</label>
			<basicnumber name="attuneclass" source="attunement.class">
				<anchored to="label_attuneplus" position="right" offset="5,0" width="45" />
				<hideonvalue>0</hideonvalue>
			</basicnumber>
			<label_fieldtop name="label_attuneclass">
				<anchored to="attuneclass" />
				<static textres="char_label_attuneclass" />
			</label_fieldtop>
			<label name="label_attuneplus2">
				<anchored to="attuneclass" position="righthigh" offset="5,0" width="10" />
				<static>+</static>
				<center />
			</label>
			<basicnumber name="attunemisc" source="attunement.misc">
				<anchored to="label_attuneplus2" position="right" offset="5,0" width="45" />
				<hideonvalue>0</hideonvalue>
			</basicnumber>
			<label_fieldtop name="label_attunemisc">
				<anchored to="attunemisc" />
				<static textres="misc" />
			</label_fieldtop>
		</sheetdata>
	</windowclass>

	<windowclass name="charsheet_inventory_currencies">
		<margins control="0,0,0,2" />
		<script>
			function onInit()
				self.onLockModeChanged(WindowManager.getWindowReadOnlyState(self));
			end
			function onLockModeChanged(bReadOnly)
				WindowManager.callSafeControlsSetLockMode(self, { "list_iadd", }, bReadOnly);
			end
		</script>
		<sheetdata>
			<anchor_content_top />

			<label_charframetop name="header">
				<anchored to="contentanchor" height="20">
					<top relation="relative" offset="8" postoffset="8" />
					<left offset="15" />
					<right offset="-10" />
				</anchored>
				<icons>char_abilities_purple</icons>
				<static textres="char_label_money" />
			</label_charframetop>
			<!--
			<header_content_framed_metalplate name="header">
				<static textres="char_label_money" />
			</header_content_framed_metalplate>
			-->
			<button_iadd name="list_iadd">
				<anchored to="header" position="insidetopright" offset="5,0" />
				<target>list</target>
			</button_iadd>

			<list_content_noscroll_top name="list">
				<anchored>
					<left offset="10" />
					<right offset="-10" />
				</anchored>
				<class>char_currencyitem</class>
				<datasource>.coins</datasource>
				<columns width="150" fillwidth="true" dynamic="true" />
				<script>
					function onInit()
						local nodeCurrencyList = getDatabaseNode();
						if DB.getChildCount(nodeCurrencyList) == 0 then
							CurrencyManager.populateCharCurrencies(DB.getParent(nodeCurrencyList));
						end
					end
					function onSortCompare(w1, w2)
						return CurrencyManager.sortCampaignCurrenciesUsingNames(w1.name.getValue(), w2.name.getValue());
					end
				</script>
			</list_content_noscroll_top>
		</sheetdata>
	</windowclass>
	<windowclass name="char_currencyitem">
		<margins control="0,0,0,2" />
		<script>
			function onInit()
				self.onLockModeChanged(WindowManager.getWindowReadOnlyState(self));
			end
			function onLockModeChanged(bReadOnly)
				WindowManager.callSafeControlsSetLockMode(self, { "name", "idelete", }, bReadOnly);
				--WindowManager.callSafeControlsSetLockMode(self, { "amount", }, bReadOnly);
			end
		</script>
		<sheetdata>
			<anchor_listitem_left_sm />
			<anchor_listitem_right_sm />

			<button_listitem_idelete_left name="idelete" />
			<number_dropadd_listitem_left name="amount">
				<anchored width="50" />
				<description field="name" />
				<delaykeyupdate />
			</number_dropadd_listitem_left>

			<string_listitem_center_underline name="name">
				<nodrag />
			</string_listitem_center_underline>
		</sheetdata>
	</windowclass>

	<windowclass name="charsheet_inventory_encumbrance">
		<margins control="0,0,0,2" />
		<script>
			function onInit()
				OptionsManager.registerCallback("HREN", onHRENOptionChanged);
				self.onHRENOptionChanged();
			end

			function onClose()
				OptionsManager.unregisterCallback("HREN", onHRENOptionChanged);
			end

			function onHRENOptionChanged()
				local sOptionHREN = OptionsManager.getOption("HREN");
				local bShowVariant = (sOptionHREN == "variant");
				encumbrancebase_label.setVisible(bShowVariant);
				encumbrancebase.setVisible(bShowVariant);
				encumbranceheavy_label.setVisible(bShowVariant);
				encumbranceheavy.setVisible(bShowVariant);
			end
		</script>
		<sheetdata>
			<anchor_content_top />

			<label_charframetop name="header">
				<anchored to="contentanchor" height="20">
					<top relation="relative" offset="8" postoffset="8" />
					<left offset="15" />
					<right offset="-10" />
				</anchored>
				<icons>char_abilities_orange</icons>
				<static textres="char_label_encumbrance" />
			</label_charframetop>
			<!--
			<header_content_framed_metalplate name="header">
				<static textres="char_label_encumbrance" />
			</header_content_framed_metalplate>
			-->

			<number_static name="encumbranceload" source="encumbrance.load">
				<anchored to="header" position="belowright" offset="10,20" width="60" height="20" />
			</number_static>
			<label_fieldtop name="encumbranceload_label">
				<anchored to="encumbranceload" />
				<static textres="char_label_totalweight" />
				<font>sheetlabel</font>
			</label_fieldtop>

			<genericcontrol name="encumbranceanchor">
				<anchored to="header" position="belowleft" offset="5,20" width="0" height="30" />
				<invisible />
			</genericcontrol>
			<number_static name="encumbrancebase" source="encumbrance.encumbered">
				<anchored to="encumbranceanchor" width="60" height="20">
					<top />
					<left anchor="right" relation="relative" offset="5" />
				</anchored>
			</number_static>
			<label_fieldtop name="encumbrancebase_label">
				<anchored to="encumbrancebase" />
				<static textres="char_label_encbase" />
			</label_fieldtop>
			<number_static name="encumbranceheavy" source="encumbrance.encumberedheavy">
				<anchored to="encumbranceanchor" width="60" height="20">
					<top />
					<left anchor="right" relation="relative" offset="10" />
				</anchored>
			</number_static>
			<label_fieldtop name="encumbranceheavy_label">
				<anchored to="encumbranceheavy" />
				<static textres="char_label_encheavy" />
			</label_fieldtop>
			<number_static name="encumbrancemax" source="encumbrance.max">
				<anchored to="encumbranceanchor" width="60" height="20">
					<top />
					<left anchor="right" relation="relative" offset="10" />
				</anchored>
			</number_static>
			<label_fieldtop name="encumbrancemax_label">
				<anchored to="encumbrancemax" />
				<static textres="char_label_encmax" />
			</label_fieldtop>
			<number_static name="encumbrancedrag" source="encumbrance.liftpushdrag">
				<anchored to="encumbranceanchor" width="60" height="20">
					<top />
					<left anchor="right" relation="relative" offset="10" />
				</anchored>
			</number_static>
			<label_fieldtop name="encumbrancedrag_label">
				<anchored to="encumbrancedrag" offset="10,1" />
				<static textres="char_label_encdrag" />
			</label_fieldtop>
		</sheetdata>
	</windowclass>
</root>
