<?xml version="1.0" encoding="iso-8859-1"?>

<!-- 
  Please see the license.html file included with this distribution for 
  attribution and copyright information.
-->

<root>
	<windowclass name="power_action_editor_cast">
		<script>
			function onInit()
				updateDisplay();
			end

			function updateDisplay()
				local node = getDatabaseNode();
				local bAtkAbilityMode = (DB.getValue(node, "atkbase", "") == "ability");
				local bSaveAbilityMode = (DB.getValue(node, "savedcbase", "") == "ability");

				atkstat.setVisible(bAtkAbilityMode);
				label_atkstat.setVisible(bAtkAbilityMode);
				atkplus.setVisible(bAtkAbilityMode);
				atkprof.setVisible(bAtkAbilityMode);
				label_atkprof.setVisible(bAtkAbilityMode);
				atkplus2.setVisible(bAtkAbilityMode);
				if bAtkAbilityMode then
					atkmod.setAnchor("left", "atkplus2", "right", "absolute", 5);
				else
					atkmod.setAnchor("left", "atkbase", "right", "absolute", 10);
				end

				savedcstat.setVisible(bSaveAbilityMode);
				label_savedcstat.setVisible(bSaveAbilityMode);
				savedcplus.setVisible(bSaveAbilityMode);
				savedcprof.setVisible(bSaveAbilityMode);
				label_savedcprof.setVisible(bSaveAbilityMode);
				savedcplus2.setVisible(bSaveAbilityMode);
				if bSaveAbilityMode then
					savedcmod.setAnchor("left", "savedcplus2", "right", "absolute", 5);
				else
					savedcmod.setAnchor("left", "savedcbase", "right", "absolute", 10);
				end
			end
		</script>
		<sheetdata>
			<anchor_column name="columnanchor" />

			<label_column name="name_label">
				<static textres="power_label_name" />
			</label_column>
			<stringc_column name="name" />

			<header_column name="header_attack">
				<static textres="power_header_attack" />
				<center />
			</header_column>
			<button_stringcycler name="atktype">
				<anchored width="60" height="20">
					<top parent="columnanchor" anchor="bottom" relation="relative" offset="20" />
					<left offset="5" />
				</anchored>
				<parameters>
					<defaultlabelres>dash</defaultlabelres>
					<labelsres>melee|ranged</labelsres>
					<values>melee|ranged</values>
				</parameters>
			</button_stringcycler>
			<label_fieldtop>
				<anchored to="atktype" />
				<static textres="power_label_atktype" />
			</label_fieldtop>
			<button_stringcycler name="atkbase">
				<anchored to="atktype" position="righthigh" offset="10,0" width="80" height="20" />
				<parameters>
					<defaultlabelres>power_label_atkbase_group</defaultlabelres>
					<labelsres>power_label_atkbase_ability|power_label_atkbase_fixed</labelsres>
					<values>ability|fixed</values>
				</parameters>
				<script>
					function onValueChanged()
						window.updateDisplay();
					end
				</script>
			</button_stringcycler>
			<label_fieldtop>
				<anchored to="atkbase" />
				<static textres="power_label_atkbase" />
			</label_fieldtop>
			<cycler_power name="atkstat">
				<anchored to="atkbase" position="righthigh" offset="10,0" />
			</cycler_power>
			<label_fieldtop name="label_atkstat">
				<anchored to="atkstat" />
				<static textres="power_label_atkstat" />
			</label_fieldtop>
			<label name="atkplus">
				<anchored to="atkstat" position="righthigh" offset="5,0" width="10" />
				<static>+</static>
				<center />
			</label>
			<button_prof name="atkprof">
				<anchored to="atkplus" position="righthigh" offset="0,0" height="20" width="20" />
				<default>1</default>
			</button_prof>
			<label_fieldtop name="label_atkprof">
				<anchored to="atkprof" />
				<static textres="power_label_atkprof" />
			</label_fieldtop>
			<label name="atkplus2">
				<anchored to="atkprof" position="righthigh" offset="0,0" width="10" />
				<static>+</static>
				<center />
			</label>
			<basicnumber name="atkmod">
				<anchored to="atkplus2" position="righthigh" offset="5,0" width="25" height="20" />
				<hideonvalue value="0" />
			</basicnumber>
			<label_fieldtop>
				<anchored to="atkmod" />
				<static textres="power_label_atkmod" />
			</label_fieldtop>

			<header_column name="header_save">
				<static textres="power_header_save" />
				<center />
			</header_column>
			<cycler_power_savetype name="savetype">
				<anchored>
					<top parent="columnanchor" anchor="bottom" relation="relative" offset="20" />
					<left offset="5" />
				</anchored>
			</cycler_power_savetype>
			<label_fieldtop>
				<anchored to="savetype" />
				<static textres="power_label_savetype" />
			</label_fieldtop>
			<label name="savedclabel">
				<anchored to="savetype" position="righthigh" offset="10,0" width="15" />
				<static textres="dc" />
			</label>
			<button_stringcycler name="savedcbase">
				<anchored to="savedclabel" position="righthigh" offset="10,0" width="80" height="20" />
				<parameters>
					<defaultlabelres>power_label_savebase_group</defaultlabelres>
					<labelsres>power_label_savebase_ability|power_label_savebase_fixed</labelsres>
					<values>ability|fixed</values>
				</parameters>
				<script>
					function onValueChanged()
						window.updateDisplay();
					end
				</script>
			</button_stringcycler>
			<label_fieldtop>
				<anchored to="savedcbase" />
				<static textres="power_label_savedcbase" />
			</label_fieldtop>
			<cycler_power name="savedcstat">
				<anchored to="savedcbase" position="righthigh" offset="10,0" />
			</cycler_power>
			<label_fieldtop name="label_savedcstat">
				<anchored to="savedcstat" />
				<static textres="power_label_savedcstat" />
			</label_fieldtop>
			<label name="savedcplus">
				<anchored to="savedcstat" position="righthigh" offset="5,0" width="10" />
				<static>+</static>
				<center />
			</label>
			<button_prof name="savedcprof">
				<anchored to="savedcplus" position="righthigh" offset="0,0" height="20" width="20" />
				<default>1</default>
			</button_prof>
			<label_fieldtop name="label_savedcprof">
				<anchored to="savedcprof" />
				<static textres="power_label_savedcprof" />
			</label_fieldtop>
			<label name="savedcplus2">
				<anchored to="savedcprof" position="righthigh" offset="0,0" width="10" />
				<static>+</static>
				<center />
			</label>
			<basicnumber name="savedcmod">
				<anchored to="savedcplus2" position="righthigh" offset="5,0" width="25" height="20" />
				<hideonvalue value="0" />
			</basicnumber>
			<label_fieldtop>
				<anchored to="savedcmod" />
				<static textres="power_label_savedcmod" />
			</label_fieldtop>
			<label_column name="savemagic_label">
				<static textres="power_label_savemagic" />
			</label_column>
			<button_checkbox_column name="savemagic" />

			<header_column name="header_onmiss">
				<static textres="power_header_onsave" />
				<center />
			</header_column>
			<cycler_power_onmissdamage name="onmissdamage">
				<anchored>
					<top parent="columnanchor" anchor="bottom" relation="relative" offset="20" />
					<left offset="5" />
				</anchored>
			</cycler_power_onmissdamage>
			<label_fieldtop>
				<anchored to="onmissdamage" />
				<static textres="power_label_onmissdamage" />
			</label_fieldtop>
		</sheetdata>
	</windowclass>

	<windowclass name="power_action_editor_damage">
		<script>
			function onDrop(x, y, draginfo)
				local sDragType = draginfo.getType();

				if sDragType == "dice" then
					local w = list.createWindow();
					for _, vDie in ipairs(draginfo.getDiceData()) do
						w.dice.addDie(vDie.type);
					end
					return true;
				elseif sDragType == "number" then
					local w = list.createWindow();
					w.bonus.setValue(draginfo.getNumberData());
					return true;
				end
			end
		</script>
		<sheetdata>
			<anchor_column name="columnanchor" />

			<label_column name="name_label">
				<static textres="power_label_name" />
			</label_column>
			<stringc_column name="name" />

			<header_column name="header_damage">
				<static textres="power_header_damage" />
				<center />
			</header_column>
			<button_iedit name="list_iedit">
				<anchored to="header_damage" position="insidetopright" offset="-5,0" />
				<edittarget>list</edittarget>
			</button_iedit>
			<button_iadd name="list_iadd">
				<anchored to="list_iedit" position="lefthigh" offset="5,0" />
			</button_iadd>

			<list_editor name="list">
				<datasource>.damagelist</datasource>
				<class>power_action_editor_damage_entry</class>
			</list_editor>

			<label_fieldtop>
				<anchored to="list" position="aboveleft" offset="5,1" width="60" />
				<static textres="weapon_label_dmgdice" />
			</label_fieldtop>
			<label_fieldtop>
				<anchored to="list" position="aboveleft" offset="85,1" width="80" />
				<static textres="weapon_label_dmgstat" />
			</label_fieldtop>
			<label_fieldtop>
				<anchored to="list" position="aboveleft" offset="185,1" width="35" />
				<static textres="weapon_label_dmgbonus" />
			</label_fieldtop>
			<label_fieldtop>
				<anchored to="list" position="aboveright" offset="5,1">
					<left offset="230" />
				</anchored>
				<static textres="weapon_label_dmgtype" />
			</label_fieldtop>
		</sheetdata>
	</windowclass>
	<windowclass name="power_action_editor_damage_entry">
		<margins control="0,0,0,5" />
		<sheetdata>
			<anchor_listitem_left_sm />
			<anchor_listitem_right_sm />

			<button_listitem_idelete_left name="idelete">
				<editmode>list_iedit</editmode>
			</button_listitem_idelete_left>

			<dice_listitem_left name="dice">
				<anchored width="60" />
			</dice_listitem_left>
			<label_listitem_left name="label_plus">
				<static>+</static>
			</label_listitem_left>
			<number_listitem_left name="statmult">
				<anchored width="20" />
				<default>1</default>
				<min>0</min>
				<hideonvalue>1</hideonvalue>
				<tooltip textres="power_tooltip_statmult" />
			</number_listitem_left>
			<label_listitem_left name="label_statmultx">
				<static>x</static>
			</label_listitem_left>
			<cycler_listitem_power_left name="stat" />
			<label_listitem_left name="label_plus2">
				<static>+</static>
			</label_listitem_left>
			<number_listitem_left name="bonus">
				<anchored width="35" />
				<hideonvalue>0</hideonvalue>
			</number_listitem_left>
			
			<string_listitem_center_underline name="type" />
		</sheetdata>
	</windowclass>

	<windowclass name="power_action_editor_heal">
		<script>
			function onDrop(x, y, draginfo)
				local sDragType = draginfo.getType();

				if sDragType == "dice" then
					local w = list.createWindow();
					for _, vDie in ipairs(draginfo.getDiceData()) do
						w.dice.addDie(vDie.type);
					end
					return true;
				elseif sDragType == "number" then
					local w = list.createWindow();
					w.bonus.setValue(draginfo.getNumberData());
					return true;
				end
			end
		</script>
		<sheetdata>
			<anchor_column name="columnanchor" />

			<label_column name="name_label">
				<static textres="power_label_name" />
			</label_column>
			<stringc_column name="name" />

			<header_column name="header_other">
				<static textres="power_header_heal_other" />
				<center />
			</header_column>

			<label_column name="healtargeting_label">
				<static textres="power_label_targeting" />
			</label_column>
			<button_stringcycler name="healtargeting">
				<anchored width="60" height="20">
					<top parent="columnanchor" anchor="bottom" relation="relative" offset="7" />
					<left offset="97" />
				</anchored>
				<parameters>
					<defaultlabelres>power_label_targetnormal</defaultlabelres>
					<labelsres>power_label_targetself</labelsres>
					<values>self</values>
				</parameters>
			</button_stringcycler>

			<label_column name="healtype_label">
				<static textres="power_label_healtype" />
			</label_column>
			<button_stringcycler name="healtype">
				<anchored width="40" height="20">
					<top parent="columnanchor" anchor="bottom" relation="relative" offset="7" />
					<left offset="97" />
				</anchored>
				<parameters>
					<defaultlabelres>power_label_healtypenormal</defaultlabelres>
					<labelsres>power_label_healtypetemp</labelsres>
					<values>temp</values>
				</parameters>
			</button_stringcycler>

			<header_column name="header_heal">
				<static textres="power_header_heal" />
				<center />
			</header_column>
			<button_iedit name="list_iedit">
				<anchored to="header_heal" position="insidetopright" offset="-5,0" />
				<edittarget>list</edittarget>
			</button_iedit>
			<button_iadd name="list_iadd">
				<anchored to="list_iedit" position="lefthigh" offset="5,0" />
			</button_iadd>

			<list_editor name="list">
				<datasource>.heallist</datasource>
				<class>power_action_editor_heal_entry</class>
			</list_editor>
			
			<label_fieldtop>
				<anchored to="list" position="aboveleft" offset="5,1" width="60" />
				<static textres="weapon_label_dmgdice" />
			</label_fieldtop>
			<label_fieldtop>
				<anchored to="list" position="aboveleft" offset="85,1" width="80" />
				<static textres="weapon_label_dmgstat" />
			</label_fieldtop>
			<label_fieldtop>
				<anchored to="list" position="aboveleft" offset="185,1" width="35" />
				<static textres="weapon_label_dmgbonus" />
			</label_fieldtop>
		</sheetdata>
	</windowclass>
	<windowclass name="power_action_editor_heal_entry">
		<margins control="0,0,0,5" />
		<sheetdata>
			<anchor_listitem_left_sm />
			<anchor_listitem_right_sm />

			<button_listitem_idelete_left name="idelete">
				<editmode>list_iedit</editmode>
			</button_listitem_idelete_left>

			<dice_listitem_left name="dice">
				<anchored width="60" />
			</dice_listitem_left>
			<label_listitem_left name="label_plus">
				<static>+</static>
			</label_listitem_left>
			<number_listitem_left name="statmult">
				<anchored width="20" />
				<default>1</default>
				<min>0</min>
				<hideonvalue>1</hideonvalue>
				<tooltip textres="power_tooltip_statmult" />
			</number_listitem_left>
			<label_listitem_left name="label_statmultx">
				<static>x</static>
			</label_listitem_left>
			<cycler_listitem_power_left name="stat" />
			<label_listitem_left name="label_plus2">
				<static>+</static>
			</label_listitem_left>
			<number_listitem_left name="bonus">
				<anchored width="35" />
				<hideonvalue>0</hideonvalue>
			</number_listitem_left>
		</sheetdata>
	</windowclass>

	<windowclass name="power_action_editor_effect">
		<sheetdata>
			<anchor_column name="columnanchor" />

			<label_column name="name_label">
				<static textres="power_label_name" />
			</label_column>
			<stringc_column name="name" />

			<header_column name="header_label">
				<static textres="power_header_effect" />
				<center />
			</header_column>
			<string_column_full name="label" />

			<header_column name="header_duration">
				<static textres="power_header_effect_duration" />
				<center />
			</header_column>
			<basicnumber name="durmod">
				<anchored width="30" height="20">
					<top parent="columnanchor" anchor="bottom" relation="relative" offset="7" />
					<left offset="5" />
				</anchored>
				<hideonvalue value="0" />
			</basicnumber>
			<button_stringcycler name="durunit">
				<anchored to="durmod" position="righthigh" offset="10,0" width="40" height="20" />
				<parameters>
					<defaultlabelres>effect_label_durunitrnd</defaultlabelres>
					<labelsres>effect_label_durunitmin|effect_label_durunithr|effect_label_durunitday</labelsres>
					<values>minute|hour|day</values>
				</parameters>
			</button_stringcycler>

			<header_column name="header_other">
				<static textres="power_header_effect_other" />
				<center />
			</header_column>

			<label_column name="targeting_label">
				<static textres="power_label_targeting" />
			</label_column>
			<button_stringcycler name="targeting">
				<anchored width="60" height="20">
					<top parent="columnanchor" anchor="bottom" relation="relative" offset="7" />
					<left offset="97" />
				</anchored>
				<parameters>
					<defaultlabelres>power_label_targetnormal</defaultlabelres>
					<labelsres>power_label_targetself</labelsres>
					<values>self</values>
				</parameters>
			</button_stringcycler>

			<label_column name="apply_label">
				<static textres="power_label_effect_apply" />
			</label_column>
			<button_stringcycler name="apply">
				<anchored width="120" height="20">
					<top parent="columnanchor" anchor="bottom" relation="relative" offset="7" />
					<left offset="97" />
				</anchored>
				<parameters>
					<defaultlabelres>power_label_effect_applyall</defaultlabelres>
					<labelsres>power_label_effect_applyaction|power_label_effect_applyroll|power_label_effect_applysingle</labelsres>
					<values>action|roll|single</values>
				</parameters>
			</button_stringcycler>
		</sheetdata>
	</windowclass>
</root>
