<?xml version="1.0" encoding="iso-8859-1"?>

<!-- 
  Please see the license.html file included with this distribution for 
  attribution and copyright information.
-->

<root>
	<template name="button_grouptype">
		<button_iconcycler name="castertype">
			<anchored width="20" height="20" />
			<parameters>
				<defaulticon>power_weapon</defaulticon>
				<defaulttooltipres>power_tooltip_grouptypeability</defaulttooltipres>
				<icons>power_casterprep</icons>
				<tooltipsres>power_tooltip_grouptypeprep</tooltipsres>
				<values>memorization</values>
			</parameters>
			<script>
				function onValueChanged()
					if window.onCasterTypeChanged then
						window.onCasterTypeChanged();
					end
				end
			</script>
		</button_iconcycler>
	</template>

	<template name="list_powers">
		<windowlist>
			<anchored>
				<top parent="columnanchor" anchor="bottom" relation="relative" offset="5" />
				<left />
				<right />
			</anchored>
			<datasource>.powers</datasource>
			<class>power_item</class>
			<noscroll />
			<script file="campaign/scripts/power_list.lua" />
		</windowlist>
	</template>

	<template name="number_spellslots">
		<basicnumber>
			<anchored to="anchor_spellslots" width="20" height="20">
				<top />
				<left anchor="right" relation="relative" offset="10" />
			</anchored>
		</basicnumber>
	</template>
	<template name="number_pactmagicslots">
		<basicnumber>
			<anchored to="anchor_pactmagicslots" width="20" height="20">
				<top />
				<left anchor="right" relation="relative" offset="10" />
			</anchored>
		</basicnumber>
	</template>

	<template name="cycler_power">
		<button_stringcycler>
			<anchored width="50" height="20" />
			<parameters>
				<defaultlabelres>dash</defaultlabelres>
				<labelsres>base|str|dex|con|int|wis|cha|prof|lvl|class_short_artificer|class_short_barbarian|class_short_bard|class_short_cleric|class_short_druid|class_short_fighter|class_short_monk|class_short_paladin|class_short_ranger|class_short_rogue|class_short_sorcerer|class_short_warlock|class_short_wizard</labelsres>
				<values>base|strength|dexterity|constitution|intelligence|wisdom|charisma|prf|level|artificer|barbarian|bard|cleric|druid|fighter|monk|paladin|ranger|rogue|sorcerer|warlock|wizard</values>
			</parameters>
		</button_stringcycler>
	</template>
	<template name="cycler_listitem_power_left">
		<stringcycler_listitem_left>
			<anchored width="30" />
			<parameters>
				<defaultlabelres>dash</defaultlabelres>
				<labelsres>base|str|dex|con|int|wis|cha|prof|lvl|class_short_artificer|class_short_barbarian|class_short_bard|class_short_cleric|class_short_druid|class_short_fighter|class_short_monk|class_short_paladin|class_short_ranger|class_short_rogue|class_short_sorcerer|class_short_warlock|class_short_wizard</labelsres>
				<values>base|strength|dexterity|constitution|intelligence|wisdom|charisma|prf|level|artificer|barbarian|bard|cleric|druid|fighter|monk|paladin|ranger|rogue|sorcerer|warlock|wizard</values>
			</parameters>
		</stringcycler_listitem_left>
	</template>
	<template name="cycler_group_dc">
		<button_stringcycler>
			<parameters>
				<defaultlabelres mergerule="replace">base</defaultlabelres>
				<labelsres>str|dex|con|int|wis|cha|prof|lvl|class_short_artificer|class_short_barbarian|class_short_bard|class_short_cleric|class_short_druid|class_short_fighter|class_short_monk|class_short_paladin|class_short_ranger|class_short_rogue|class_short_sorcerer|class_short_warlock|class_short_wizard</labelsres>
				<values>strength|dexterity|constitution|intelligence|wisdom|charisma|prf|level|artificer|barbarian|bard|cleric|druid|fighter|monk|paladin|ranger|rogue|sorcerer|warlock|wizard</values>
			</parameters>
		</button_stringcycler>
	</template>
	<template name="cycler_power_savetype">
		<button_stringcycler>
			<anchored width="50" height="20" />
			<parameters>
				<defaultlabelres>dash</defaultlabelres>
				<labelsres>base|str|dex|con|int|wis|cha</labelsres>
				<values>base|strength|dexterity|constitution|intelligence|wisdom|charisma</values>
			</parameters>
		</button_stringcycler>
	</template>
	<template name="cycler_power_onmissdamage">
		<button_stringcycler>
			<anchored width="100" height="20" />
			<parameters>
				<defaultlabelres>dash</defaultlabelres>
				<labelsres>power_label_onmissdamage_half</labelsres>
				<values>half</values>
			</parameters>
		</button_stringcycler>
	</template>
	<template name="cycler_power_useperiod">
		<button_stringcycler>
			<anchored width="40" height="20" />
			<parameters>
				<defaultlabelres>power_label_useperiod_daily</defaultlabelres>
				<labelsres>power_label_useperiod_enc|power_label_useperiod_dual|power_label_useperiod_once</labelsres>
				<values>enc|dual|once</values>
			</parameters>
		</button_stringcycler>
	</template>
</root>
