<?xml version="1.0" encoding="iso-8859-1"?>

<!--
  Please see the license.html file included with this distribution for
  attribution and copyright information.
-->

<root>
	<windowclass name="desktopdecalfill">
		<sheetdata>
			<genericcontrol name="decal">
				<anchored>
					<top />
					<left />
					<right />
					<bottom />
				</anchored>
				<drawmode>fit</drawmode>
				<disabled />
			</genericcontrol>
		</sheetdata>
	</windowclass>
	<windowclass name="desktopdecal">
		<sheetdata>
			<genericcontrol name="decal">
				<anchored>
					<top />
					<left />
					<right />
					<bottom />
				</anchored>
				<disabled />
			</genericcontrol>
		</sheetdata>
	</windowclass>

	<windowclass name="chat">
		<frame>chatbox</frame>
		<noclose />
		<sizelimits>
			<dynamic />
			<minimum width="350" height="350" />
		</sizelimits>
		<script>
			function onInit()
				onLockStateChanged();
			end
			function onLockStateChanged()
				resize.setVisible(not getLockState());
			end
		</script>
		<sheetdata>
			<anchor_content_chatbox_top />

			<anchor_content_chatbox_bottom />
			<basicchatentry name="entry" />
			<basicchatentryscroll name="scrollbar_entry" />
			<basicchatentrymode name="mode" />

			<area_content_bottom name="area_controls">
				<anchored height="30" />
			</area_content_bottom>
			<chat_speaker_combo name="speaker" />
			<chat_speaker_icon name="speakericon" />
			<chat_language_combo name="language" />
			<chat_language_icon name="languageicon" />

			<basicchatwindow name="chat" />
			<basicchatwindowscroll name="chatscroll" />
			<basicchatwindowstatus name="chatstatus" />

			<resize_chatbox name="resize" />
		</sheetdata>
	</windowclass>
	<windowclass name="dicepanel">
		<noclose />
		<script file="desktop/scripts/dicepanel.lua" />
		<sheetdata>
			<button_panel_lock name="button_lock">
				<anchored position="insidetopleft" offset="5,5" />
				<invisible />
			</button_panel_lock>
			<button_panel_reset name="button_reset">
				<anchored position="insidetopleft" offset="5,35" />
				<invisible />
			</button_panel_reset>
		</sheetdata>
	</windowclass>

	<windowclass name="characterlist">
		<noclose />
		<script file="desktop/scripts/characterlist.lua" />
		<sheetdata>
			<subwindow name="content">
				<bounds>25,0,0,0</bounds>
				<class>tabletop_partylist</class>
				<activate />
				<fastinit />
			</subwindow>

			<button_panel_lock name="button_lock">
				<anchored position="insidetopleft" offset="5,5" />
				<invisible />
			</button_panel_lock>
			<button_panel_reset name="button_reset">
				<anchored position="insidetopleft" offset="5,35" />
				<invisible />
			</button_panel_reset>
			<button_panel_characterlist_swap name="button_swap">
				<anchored position="insidebottomleft" offset="5,5" />
				<invisible />
			</button_panel_characterlist_swap>
		</sheetdata>
	</windowclass>
	<windowclass name="tabletop_partylist">
		<script>
			function onInit()
				CharacterListManager.registerWindow(self);
			end
			function onClose()
				CharacterListManager.registerWindow(nil);
			end
			function onPanelSizeChanged()
				CharacterListManager.resizeWindow();
			end
		</script>
		<sheetdata>
			<genericcontrol name="anchor">
				<bounds>0,0,0,0</bounds>
			</genericcontrol>
		</sheetdata>
	</windowclass>
	<windowclass name="tabletop_combatlist">
		<script>
			function onInit()
				CombatListManager.registerWindow(self);
			end
			function onClose()
				CombatListManager.registerWindow(nil);
			end
			function onPanelSizeChanged()
				CombatListManager.resizeWindow();
			end
		</script>
		<sheetdata>
			<genericcontrol name="anchor">
				<bounds>0,0,0,0</bounds>
			</genericcontrol>
			<tabletop_combatlist_nextactor name="button_nextactor" />
		</sheetdata>
	</windowclass>

	<windowclass name="shortcuts">
		<sheetdata>
			<genericcontrol name="shortcutframe">
				<anchored position="insideleft" width="100" />
				<frame>shortcuts</frame>
			</genericcontrol>
			<subwindow name="shortcutbar">
				<anchored position="insidetopleft" width="100">
					<bottom offset="-30" />
				</anchored>
				<class>shortcutbar</class>
				<activate />
				<fastinit />
			</subwindow>
			<scrollbar_content_base name="scrollbar_shortcutbar">
				<anchored to="shortcutbar" />
				<target>shortcutbar</target>
			</scrollbar_content_base>

			<buttoncontrol name="button_visibility">
				<frame name="sidebar_dock_entry_icon" />
				<anchored position="insidebottomleft" width="40" height="40" />
				<state />
				<state />
				<state />
				<script>
					function onButtonPress()
						DesktopManager.setSidebarVisibilityState(getValue());
					end
				</script>
			</buttoncontrol>
			<genericcontrol name="button_visibility_icon">
				<anchored to="button_visibility" position="insidetopleft" offset="5,5" width="30" height="30" />
				<disabled />
			</genericcontrol>
		</sheetdata>
	</windowclass>
	<windowclass name="shortcutsanchor">
		<minimum width="0" height="0" />
		<sheetdata />
	</windowclass>
	<windowclass name="shortcutbar">
		<sheetdata>
			<genericcontrol name="anchor">
				<anchored position="insidetop" height="0" />
			</genericcontrol>

			<windowlist name="list">
		 		<anchored width="100">
					<top parent="anchor" anchor="bottom" relation="relative" />
					<left />
				</anchored>
				<class>sidebar_dock_category</class>
				<noscroll />
		   	</windowlist>
		</sheetdata>
	</windowclass>
	<windowclass name="sidebar_dock_category">
		<script file="desktop/scripts/desktop_dock_category.lua" />
		<sheetdata>
			<genericcontrol name="spacer">
				<anchored position="insidetopleft" width="150" height="40" />
				<disabled />
			</genericcontrol>
			<genericcontrol name="base">
				<frame>sidebar_dock_category</frame>
				<anchored position="insidetopleft" width="150" height="40" />
				<script file="desktop/scripts/desktop_dock_entry_control.lua" />
			</genericcontrol>
			<genericcontrol name="iconbase">
				<anchored position="insidetopleft" width="40" height="40" />
				<tooltip nodelay="true" />
				<script file="desktop/scripts/desktop_dock_entry_control.lua" />
			</genericcontrol>
			<genericcontrol name="icon">
				<anchored position="insidetopleft" offset="120,10" width="20" height="20" />
				<icon>sidebar_dock_category_expanded</icon>
				<disabled />
			</genericcontrol>
			<stringcontrol name="label">
				<anchored position="insidetopleft" offset="50,10" width="130" height="20" />
				<font>sidebar_dock_category</font>
				<disabled />
			</stringcontrol>

			<windowlist name="list">
				<anchored width="100">
					<top parent="base" anchor="bottom" />
					<left />
				</anchored>
				<class>sidebar_dock_entry</class>
				<noscroll />
				<columns fillwidth="true" />
			</windowlist>
		</sheetdata>
	</windowclass>
	<windowclass name="sidebar_stack_entry">
		<script file="desktop/scripts/desktop_stack_entry.lua" />
		<sheetdata>
			<genericcontrol name="spacer">
				<anchored position="insidetopleft" width="50" height="30" />
				<disabled />
			</genericcontrol>
			<genericcontrol name="iconbase">
				<anchored position="insidetopleft" width="40" height="40" />
				<frame name="sidebar_dock_entry_icon" />
				<tooltip nodelay="true" />
				<script file="desktop/scripts/desktop_dock_entry_control.lua" />
			</genericcontrol>
			<genericcontrol name="icon">
				<anchored position="insidetopleft" offset="5,5" width="30" height="30" />
				<disabled />
			</genericcontrol>
		</sheetdata>
	</windowclass>
	<windowclass name="sidebar_dock_entry">
		<script file="desktop/scripts/desktop_dock_entry.lua" />
		<sheetdata>
			<genericcontrol name="spacer">
				<anchored position="insidetopleft" width="150" height="40" />
				<disabled />
			</genericcontrol>
			<genericcontrol name="iconbase">
				<anchored position="insidetopleft" width="40" height="40" />
				<frame name="sidebar_dock_entry_icon" />
				<tooltip nodelay="true" />
				<script file="desktop/scripts/desktop_dock_entry_control.lua" />
			</genericcontrol>
			<genericcontrol name="icon">
				<anchored position="insidetopleft" offset="5,5" width="30" height="30" />
				<disabled />
			</genericcontrol>
			<genericcontrol name="base">
				<frame>sidebar_dock_entry</frame>
				<anchored position="insidetopleft" offset="40,0" width="110" height="40" />
				<script file="desktop/scripts/desktop_dock_entry_control.lua" />
			</genericcontrol>
			<stringcontrol name="label">
				<anchored position="insidetopleft" offset="50,10" width="90" height="20" />
				<font>sidebar_dock_entry</font>
				<disabled />
			</stringcontrol>
	   </sheetdata>
	</windowclass>

	<template name="modifierstack_base_step">
		<genericcontrol name="base">
			<icon>modcollector</icon>
			<counters>
				<icon>modcollector_counter</icon>
				<offset>
					<x>9</x>
					<y>47</y>
				</offset>
				<spacing>9</spacing>
				<hoversize>4</hoversize>
			</counters>
			<acceptdrop>
				<type>dice</type>
				<type>number</type>
			</acceptdrop>
			<script file="desktop/scripts/modifierstack_base.lua" />
		</genericcontrol>
	</template>
	<template name="modifierstack_base">
		<modifierstack_base_step>
			<bounds>5,5,64,52</bounds>
		</modifierstack_base_step>
	</template>
	<template name="modifierstack_modifier_step">
		<numbercontrol name="modifier">
			<stateframe>
				<keyedit name="modstackfocus" />
				<hover name="modstackfocus" />
				<drophilight name="modstackfocus" />
			</stateframe>
			<font>modcollector</font>
			<displaysign />
			<droptypes>
				<type>number</type>
				<type>dice</type>
			</droptypes>
			<script file="desktop/scripts/modifierstack_modifier.lua" />
		</numbercontrol>
	</template>
	<template name="modifierstack_modifier">
		<modifierstack_modifier_step>
			<bounds>15,12,44,22</bounds>
		</modifierstack_modifier_step>
	</template>
	<template name="modifierstack_label_step">
		<stringcontrol name="label">
			<font>modcollectorlabel</font>
			<static textres="modstack_label_modifier" />
			<center />
			<script>
				function onDrop(x, y, draginfo)
					return window.base.onDrop(x, y, draginfo);
				end
			</script>
		</stringcontrol>
	</template>
	<template name="modifierstack_label">
		<modifierstack_label_step>
			<bounds>9,34,54,12</bounds>
		</modifierstack_label_step>
	</template>
	<template name="modifierstack_targeting_step">
		<buttoncontrol name="targeting">
			<anchored width="20" height="20" />
			<state icon="button_toolbar_target" frame="buttonup" frameoffset="2,2,2,2" tooltipres="modstack_tooltip_targeting_off" />
			<state icon="button_toolbar_target" frame="buttondown" frameoffset="2,2,2,2" tooltipres="modstack_tooltip_targeting_on" merge="add" />
			<default>1</default>
			<script>
				function onInit()
					if tintable then
						setColor(ColorManager.getButtonIconColor());
					end
				end
			</script>
		</buttoncontrol>
	</template>
	<template name="modifierstack_targeting">
		<modifierstack_targeting_step>
			<anchored position="insidetopleft" offset="2,2" />
		</modifierstack_targeting_step>
	</template>
	<windowclass name="modifierstack">
		<sizelimits>
			<minimum width="74" height="62" />
		</sizelimits>
		<noclose />
		<script>
			function onInit()
				ModifierStack.registerControl(self);
			end
			function onClose()
				ModifierStack.registerControl(nil);
			end
		</script>
		<sheetdata>
			<modifierstack_base name="base" />
			<modifierstack_modifier name="modifier" />
			<modifierstack_label name="label" />
			<modifierstack_targeting name="targeting" />
		</sheetdata>
	</windowclass>

	<windowclass name="dicetower">
		<sizelimits>
			<minimum width="100" height="100" />
			<maximum width="100" height="100" />
		</sizelimits>
		<noclose />
		<sheetdata>
			<genericcontrol name="base">
				<anchored position="over" />
				<icon>dicetower_normal</icon>
				<tooltip textres="dicetower_tooltip" />
				<script>
					function onInit()
						DiceTowerManager.registerControl(self);
					end
					function onHover(bOnControl)
						DiceTowerManager.onHover(bOnControl);
					end
					function onDrop(x, y, draginfo)
						return DiceTowerManager.onDrop(draginfo);
					end
					function onMenuSelection(selection)
						DiceTowerManager.onMenuSelection(selection);
					end
				</script>
			</genericcontrol>
		</sheetdata>
	</windowclass>

	<windowclass name="imagebackpanel">
		<helplinkres>help_record_image</helplinkres>
		<script>
			function onInit()
				ImageManager.registerBackPanel(self);
			end
		</script>
		<sheetdata>
			<subwindow name="sub">
				<anchored position="over" />
				<activate />
			</subwindow>
		</sheetdata>
	</windowclass>
	<windowclass name="imagemaxpanel">
		<helplinkres>help_record_image</helplinkres>
		<script>
			function onInit()
				ImageManager.registerMaxPanel(self);
			end
		</script>
		<sheetdata>
			<subwindow name="sub">
				<anchored position="over" />
				<activate />
			</subwindow>
		</sheetdata>
	</windowclass>
	<windowclass name="imagefullpanel">
		<helplinkres>help_record_image</helplinkres>
		<script>
			function onInit()
				ImageManager.registerFullPanel(self);
			end
		</script>
		<sheetdata>
			<subwindow name="sub">
				<anchored position="over" />
				<activate />
			</subwindow>
		</sheetdata>
	</windowclass>
</root>

