<?xml version="1.0" encoding="iso-8859-1"?>

<!--
  Please see the license.html file included with this distribution for
  attribution and copyright information.
-->

<root>
	<template name="button_panel_lock">
		<button_icon>
			<tintable />
			<state icon="button_toolbar_locked_false" tooltipres="button_toolbar_locked_false" merge="removeandadd" />
			<state icon="button_toolbar_locked_true" tooltipres="button_toolbar_locked_true" merge="add" />
			<script>
				function onButtonPress()
					window.onLockButtonPressed();
				end
			</script>
		</button_icon>
	</template>
	<template name="button_panel_reset">
		<button_icon>
			<tintable />
			<icon normal="button_toolbar_refresh" />
			<tooltip textres="tooltip_resetpos" />
			<script>
				function onButtonPress()
					window.onResetButtonPressed();
				end
			</script>
		</button_icon>
	</template>
	<template name="button_panel_characterlist_swap">
		<button_icon name="button_swap">
			<state icon="sidebar_icon_recordtype_charsheet" tooltipres="button_characterlist_swap_combat" merge="removeandadd" />
			<state icon="sidebar_icon_link_ct" tooltipres="button_characterlist_swap_party" merge="add" />
			<tintable />
			<script>
				function onButtonPress()
					window.onSwapButtonPressed();
				end
			</script>
		</button_icon>
	</template>

	<template name="characterlist_entry">
		<genericcontrol>
			<anchored position="insidetopleft" />
			<icon>charlist_base</icon>
			<script file="desktop/scripts/characterlist_entry.lua" />
		</genericcontrol>
	</template>

	<template name="tabletop_combatlist_entry">
		<display_actor>
			<anchored to="anchor" position="insidetopleft">
				<top />
				<left relation="relative" offset="15" />
			</anchored>
			<frame name="groupbox" offset="10,10,10,10" />
			<script file="desktop/scripts/tabletop_combatlist_entry.lua" />
		</display_actor>
	</template>
	<template name="tabletop_combatlist_eor">
		<numbercontrol name="endofround">
			<anchored to="anchor" position="insidetopleft" width="30" height="100">
				<top />
				<left relation="relative" offset="15" />
			</anchored>
			<frame name="fieldlight" offset="5,5,5,5" />
			<font>reference-h</font>
			<readonly />
			<disabled />
			<script file="desktop/scripts/tabletop_combatlist_eor.lua" />
		</numbercontrol>
	</template>
	<template name="tabletop_combatlist_nextactor">
		<button_icon name="button_nextactor">
			<anchored to="anchor" width="20" height="20">
				<top parent="" anchor="center" offset="-10" />
				<left relation="relative" offset="15" />
			</anchored>
			<icon normal="button_toolbar_skip_next" />
			<tintable />
			<script>
				function onInit()
					super.onInit();
					if Session.IsHost then
						self.setTooltipText(Interface.getString("ct_tooltip_nextactor"));
					else
						self.setTooltipText(Interface.getString("ct_tooltip_endturn"));
					end
				end
				function onButtonPress()
					CombatManager.nextTurn();
				end
				function onDragStart(button, x, y, draginfo)
					draginfo.setType("combattrackernextactor");
					draginfo.setIcon("button_ctnextactor");
					return true;
				end
			</script>
		</button_icon>
	</template>

	<template name="chatentry_step">
		<chatentry name="entry">
			<anchored>
				<sizelimits>
					<maximum height="160" />
				</sizelimits>
			</anchored>
			<frame name="chatentry" offset="2,2,52,2" />
			<multilinespacing>20</multilinespacing>
			<chatwindow>chat</chatwindow>
			<font>chatfont</font>
			<script file="desktop/scripts/chat_entry.lua" />
		</chatentry>
	</template>
	<template name="basicchatentry">
		<chatentry_step>
			<anchored to="bottomanchor">
				<bottom parent="bottomanchor" relation="relative" offset="-5" postoffset="-5" />
				<left offset="5" />
				<right offset="-55" />
			</anchored>
		</chatentry_step>
	</template>
	<template name="basicchatentryscroll">
		<scrollbar_content_base>
			<anchored to="entry" />
			<target>entry</target>
		</scrollbar_content_base>
	</template>
	<template name="basicchatentrymode">
		<genericcontrol name="mode">
			<anchored to="entry" position="rightlow" offset="5,-1" width="43" height="24" />
			<icon>chat_speak</icon>
			<script file="desktop/scripts/chat_mode.lua" />
		</genericcontrol>
	</template>
	<template name="chatwindow_step">
		<chatwindow name="chat">
			<droptypes>
				<type>dice</type>
				<type>number</type>
				<type>string</type>
			</droptypes>
			<script file="desktop/scripts/chat_window.lua" />
		</chatwindow>
	</template>
	<template name="basicchatwindow">
		<chatwindow_step name="chat">
			<anchored to="contentanchor">
				<left offset="5" />
				<right offset="-15" />
				<top relation="current" offset="5" />
				<bottom parent="bottomanchor" relation="current" offset="-5" />
			</anchored>
			<stateframe>
				<drophilight name="chatboxhilight" offset="5,5,15,5" />
			</stateframe>
		</chatwindow_step>
	</template>
	<template name="basicchatwindowscroll">
		<scrollbar_content_base>
			<anchored to="chat" />
			<target>chat</target>
		</scrollbar_content_base>
	</template>
	<template name="basicchatwindowstatus">
		<genericcontrol name="chatstatus">
			<anchored to="chat" position="insidetopright" width="60" height="61" />
			<icon>chat_wait</icon>
			<invisible />
			<script>
				function onInit()
					User.addEventHandler("onUserStateChange", onUserStateChange);
				end
				function onUserStateChange(sUser, sState)
					if sUser == "" then
						if sState == "typing" then
							setVisible(true);
						else
							setVisible(false);
						end
					end
				end
			</script>
		</genericcontrol>
	</template>
	<template name="chat_speaker_combo">
		<combobox>
			<anchored to="area_controls" position="insidetopleft" offset="30,5" height="20">
				<right anchor="center" offset="-10" />
			</anchored>
			<frame>
				<name>fieldlight</name>
				<offset>30,5,10,5</offset>
			</frame>
			<font>chatfont</font>
			<listdirection>up</listdirection>
			<listmaxsize>12</listmaxsize>
			<gmvisibleonly />
			<unsorted />
			<script>
				function onSelect(sValue)
					if (sValue or "") ~= "" then
						GmIdentityManager.setCurrent(sValue);
					else
						GmIdentityManager.activateGMIdentity();
					end
				end
				function onDelete(sValue)
					if (sValue or "") ~= "" then
						GmIdentityManager.removeIdentity(sValue);
					end
					return true;
				end
			</script>
		</combobox>
	</template>
	<template name="chat_speaker_icon">
		<genericcontrol>
			<anchored to="speaker" position="lefthigh" offset="5,0" width="16" height="20" />
			<icon>button_speak</icon>
			<tooltip textres="chat_tooltip_speaker" />
			<gmvisibleonly />
		</genericcontrol>
	</template>
	<template name="chat_language_combo">
		<combobox>
			<anchored to="area_controls" position="insidetopright" offset="10,5" height="20">
				<left anchor="center" offset="35" />
			</anchored>
			<frame>
				<name>fieldlight</name>
				<offset>30,5,10,5</offset>
			</frame>
			<font>chatfont</font>
			<listdirection>up</listdirection>
			<listmaxsize>12</listmaxsize>
		</combobox>
	</template>
	<template name="chat_language_icon">
		<genericcontrol>
			<anchored to="language" position="lefthigh" offset="5,0" width="16" height="20" />
			<icon>button_speak</icon>
			<tooltip textres="chat_tooltip_language" />
		</genericcontrol>
	</template>
</root>
