<?xml version="1.0" encoding="iso-8859-1"?>

<!-- 
  Please see the license.html file included with this distribution for 
  attribution and copyright information.
-->

<root>
	<!-- Character list -->
	<icon name="charlist_inspiration" file="graphics/icons/charlist_inspiration.png" />

	<!-- Character Sheet -->
	<icon name="char_attuned" file="graphics/icons/char_attuned.png" />

	<!-- Item Forge -->
	<icon name="forge_transicon" file="graphics/forge/forge_trans.png" />
	<icon name="forge_blank" file="graphics/forge/forge_blank.png" />
	<icon name="forge_ok" file="graphics/forge/forge_ok.png" />
	<icon name="forge_error" file="graphics/forge/forge_error.png" />
	<icon name="forge_item_advgear" file="graphics/forge/item_advgear.png" />
	<icon name="forge_item_armor" file="graphics/forge/item_armor.png" />
	<icon name="forge_item_mount" file="graphics/forge/item_mount.png" />
	<icon name="forge_item_tool" file="graphics/forge/item_tool.png" />
	<icon name="forge_item_vehicle" file="graphics/forge/item_vehicle.png" />
	<icon name="forge_item_weapon" file="graphics/forge/item_weapon.png" />
	<icon name="forge_magicitem_armor" file="graphics/forge/magic_armor.png" />
	<icon name="forge_magicitem_potion" file="graphics/forge/magic_potion.png" />
	<icon name="forge_magicitem_ring" file="graphics/forge/magic_ring.png" />
	<icon name="forge_magicitem_rod" file="graphics/forge/magic_rod.png" />
	<icon name="forge_magicitem_scroll" file="graphics/forge/magic_scroll.png" />
	<icon name="forge_magicitem_staff" file="graphics/forge/magic_staff.png" />
	<icon name="forge_magicitem_wand" file="graphics/forge/magic_wand.png" />
	<icon name="forge_magicitem_weapon" file="graphics/forge/magic_weapon.png" />
	<icon name="forge_magicitem_wondrousitem" file="graphics/forge/magic_wondrousitem.png" />
	<icon name="forge_magicspell" file="graphics/forge/magic_spell.png" />
</root>
