<?xml version="1.0" encoding="iso-8859-1"?>

<!-- 
  Please see the license.html file included with this distribution for 
  attribution and copyright information.
-->

<root>
	<windowclass name="chat" merge="join">
		<sheetdata>
			<basicchatwindow name="chat">
				<droptypes>
					<type merge="add">attack</type>
					<type merge="add">damage</type>
					<type merge="add">heal</type>
					<type merge="add">init</type>
					<type merge="add">save</type>
					<type merge="add">check</type>
				</droptypes>
			</basicchatwindow>
		</sheetdata>
	</windowclass>

	<panel name="modifierstack" merge="join">
		<bounds>15,-100,200,62</bounds>
	</panel>
	<windowclass name="modifierstack" merge="join">
		<sizelimits>
			<minimum width="200" height="62" />
		</sizelimits>
		<sheetdata>
			<modifierstack_base name="base">
				<acceptdrop>
					<type merge="add">attack</type>
					<type merge="add">damage</type>
					<type merge="add">heal</type>
					<type merge="add">init</type>
					<type merge="add">save</type>
					<type merge="add">check</type>
					<type merge="add">recovery</type>
				</acceptdrop>
			</modifierstack_base>
			<modifierstack_modifier name="modifier">
				<acceptdrop>
					<type merge="add">attack</type>
					<type merge="add">damage</type>
					<type merge="add">heal</type>
					<type merge="add">init</type>
					<type merge="add">save</type>
					<type merge="add">check</type>
					<type merge="add">recovery</type>
				</acceptdrop>
			</modifierstack_modifier>

			<button_modifierkey name="ADV">
				<bounds>80,8,30,18</bounds>
			</button_modifierkey>
			<button_modifierkey name="DIS">
				<bounds>80,35,30,18</bounds>
			</button_modifierkey>

			<button_modifierkey name="PLUS2">
				<bounds>120,8,30,18</bounds>
			</button_modifierkey>
			<button_modifierkey name="MINUS2">
				<bounds>120,35,30,18</bounds>
			</button_modifierkey>

			<button_modifierkey name="PLUS5">
				<bounds>160,8,30,18</bounds>
			</button_modifierkey>
			<button_modifierkey name="MINUS5">
				<bounds>160,35,30,18</bounds>
			</button_modifierkey>
		</sheetdata>
	</windowclass>
</root>
