<?xml version="1.0" encoding="iso-8859-1"?>

<!--
  Please see the license.html file included with this distribution for
  attribution and copyright information.
-->

<root>
	<!-- Context Menu - REQUIRED -->
	<icon name="context_more" file="graphics/radial/arrow-50.webp" />

	<!-- Generic -->
	<icon name="insert" file="graphics/radial/icon_insert.png" />
	<icon name="edit" file="graphics/radial/icon_edit_on.png" />
	<icon name="stopedit" file="graphics/radial/icon_edit_off.png" />
	<icon name="delete" file="graphics/radial/icon_delete.png" />
	<icon name="erase" file="graphics/radial/icon_erase.png" />
	<icon name="unshare" file="graphics/radial/icon_unshare.png" />
	<icon name="portrait" file="graphics/radial/icon_portrait.png" />
	<icon name="turn" file="graphics/radial/icon_turn.png" />
	<icon name="linkshare" file="graphics/radial/icon_link_share.png" />
	<icon name="linkshareall" file="graphics/radial/icon_link_share_all.png" />
	<icon name="linkprivate" file="graphics/radial/icon_link_private.png" />
	<icon name="linkprivateall" file="graphics/radial/icon_link_private_all.png" />

	<icon name="factionenemy" file="graphics/radial/icon_faction_enemy.png" />
	<icon name="factionfriend" file="graphics/radial/icon_faction_friend.png" />

	<!-- Character List -->
	<icon name="bell" file="graphics/radial/icon_char_bell.png" />
	<icon name="kick" file="graphics/radial/icon_char_kick.png" />
	<icon name="kickconfirm" file="graphics/radial/icon_char_kick_confirm.png" />

	<!-- Tables -->
	<icon name="radial_plus" file="graphics/radial/icon_plus.png" />

	<!-- Images -->
	<icon name="imagesize" file="graphics/radial/icon_image_size_menu.png" />
	<icon name="imagesizesynch" file="graphics/radial/icon_image_size_synch.png" />
	<icon name="imagesizesmall" file="graphics/radial/icon_image_size_small.png" />
	<icon name="imagesizeoriginal" file="graphics/radial/icon_image_size_original.png" />
	<icon name="imagesizevertical" file="graphics/radial/icon_image_size_vertical.png" />
	<icon name="imagesizehorizontal" file="graphics/radial/icon_image_size_horizontal.png" />

	<!-- Tabletop - REQUIRED -->
	<icon name="closeprogrammenu" file="graphics/radial/icon_close_menu.png" />
		<icon name="closeprogram" file="graphics/radial/icon_close_quit.png" />
		<icon name="return" file="graphics/radial/icon_close_launcher.png" />
	<icon name="restorewindow" file="graphics/radial/icon_tabletop_restore.png" />
	<icon name="maximizewindow" file="graphics/radial/icon_tabletop_maximize.png" />

	<!-- Dice - REQUIRED -->
	<icon name="arrangedice" file="graphics/radial/icon_dice_arrange.png" />
	<icon name="lockdice" file="graphics/radial/icon_dice_lock.png" />
	<icon name="unlockdice" file="graphics/radial/icon_dice_unlock.png" />
	<icon name="num1" file="graphics/radial/icon_dice_1.png" />
	<icon name="num2" file="graphics/radial/icon_dice_2.png" />
	<icon name="num3" file="graphics/radial/icon_dice_3.png" />
	<icon name="num4" file="graphics/radial/icon_dice_4.png" />
	<icon name="num5" file="graphics/radial/icon_dice_5.png" />
	<icon name="num6" file="graphics/radial/icon_dice_6.png" />
	<icon name="num7" file="graphics/radial/icon_dice_7.png" />
	<icon name="num8" file="graphics/radial/icon_dice_8.png" />
	<icon name="num9" file="graphics/radial/icon_dice_9.png" />
	<icon name="num10" file="graphics/radial/icon_dice_10.png" />
	<icon name="num15" file="graphics/radial/icon_dice_15.png" />
	<icon name="num20" file="graphics/radial/icon_dice_20.png" />
	<icon name="percent" file="graphics/radial/icon_dice_percent.png" />
	<icon name="customdice" file="graphics/radial/icon_dice_custom.png" />

	<!-- Hot Keys - REQUIRED -->
	<icon name="hotkeyedit" file="graphics/radial/icon_hotkey_edit.png" />
	<icon name="hotkeyclear" file="graphics/radial/icon_hotkey_delete.png" />

	<!-- Windows - REQUIRED -->
	<icon name="windowclosemenu" file="graphics/radial/icon_window_close_menu.png" />
	<icon name="lock" file="graphics/radial/icon_window_lock.png" />
	<icon name="unlock" file="graphics/radial/icon_window_unlock.png" />
	<icon name="close" file="graphics/radial/icon_window_close.png" />
	<icon name="closeremote" file="graphics/radial/icon_window_close_remote.png" />
	<icon name="windowsizemenu" file="graphics/radial/icon_window_size_menu.png" />
	<icon name="minimize" file="graphics/radial/icon_window_size_minimize.png" />
	<icon name="restore" file="graphics/radial/icon_window_size_restore.png" />
	<icon name="windowsizereset" file="graphics/radial/icon_window_size_reset.png" />
	<icon name="windowshare" file="graphics/radial/icon_window_share.png" />
	<icon name="windowunshare" file="graphics/radial/icon_window_unshare.png" />
	<icon name="windowdelete" file="graphics/radial/icon_window_delete.png" />
	<icon name="windowexport" file="graphics/radial/icon_tokenbag_insert.png" />

	<!-- Tokens - REQUIRED -->
	<icon name="rotatecw" file="graphics/radial/icon_token_rotate_cw.png" />
	<icon name="rotateccw" file="graphics/radial/icon_token_rotate_ccw.png" />
	<icon name="deletetoken" file="graphics/radial/icon_token_delete.png" />
	<icon name="deletealltokens" file="graphics/radial/icon_token_delete_all.png" />
	<icon name="locktoken" file="graphics/radial/icon_token_move_lock.png" />
	<icon name="unlocktoken" file="graphics/radial/icon_token_move_unlock.png" />
	<icon name="tokenacceptmove" file="graphics/radial/icon_token_move_accept.png" />
	<icon name="tokenresetscale" file="graphics/radial/icon_token_scale_reset.png" />
	<icon name="lockzoom" file="graphics/radial/icon_token_zoom_lock.png" />
	<icon name="unlockzoom" file="graphics/radial/icon_token_zoom_unlock.png" />
	<icon name="tokenvisibility" file="graphics/radial/icon_token_visibility_menu.png" />
		<icon name="lockvisibilityon" file="graphics/radial/icon_token_visiblity_on.png" />
		<icon name="lockvisibilityoff" file="graphics/radial/icon_token_visiblity_off.png" />
		<icon name="maskvisibility" file="graphics/radial/icon_token_visiblity_mask.png" />
	<icon name="publicvisionon" file="graphics/radial/icon_token_vision_public_on.png" />
	<icon name="publicvisionoff" file="graphics/radial/icon_token_vision_public_off.png" />
	<icon name="tokenfowon" file="graphics/radial/icon_token_fow_on.png" />
	<icon name="tokenfowoff" file="graphics/radial/icon_token_fow_off.png" />
	<icon name="tokentoback" file="graphics/radial/icon_token_back.png" />
	<icon name="tokentofront" file="graphics/radial/icon_token_front.png" />

	<!-- Category Selection Control - REQUIRED -->
	<icon name="categoryinsert" file="graphics/radial/icon_category_insert.png" />
	<icon name="categorydelete" file="graphics/radial/icon_category_delete.png" />
	<icon name="categorystyle" file="graphics/radial/icon_category_style.png" />
	<icon name="categoryicon" file="graphics/radial/icon_category_icon.png" />

	<!-- Chat Window - REQUIRED -->
	<icon name="chatclipboard" file="graphics/radial/icon_chat_clipboard.png" />
	<icon name="chatclear" file="graphics/radial/icon_chat_clear.png" />
	<icon name="crossed" file="graphics/radial/icon_chat_total_off.png" />
	<icon name="equals" file="graphics/radial/icon_chat_total_on.png" />
	<icon name="halve" file="graphics/radial/icon_chat_total_half.png" />
	<icon name="double" file="graphics/radial/icon_chat_total_double.png" />
	<icon name="negate" file="graphics/radial/icon_chat_total_negate.png" />

	<!-- Die Control - REQUIRED -->
	<icon name="dieclear" file="graphics/radial/icon_die_clear.png" />

	<!-- Formatted Text Control - REQUIRED -->
	<!-- <icon name="textedit" file="graphics/radial/icon_edit.png" /> -->
	<!-- <icon name="textstopedit" file="graphics/radial/icon_stopedit.png" /> -->
	<icon name="textclipboard" file="graphics/radial/icon_clipboard_menu.png" />
		<icon name="textclipboardcut" file="graphics/radial/icon_clipboard_cut.png" />
		<icon name="textclipboardcopy" file="graphics/radial/icon_clipboard_copy.png" />
		<icon name="textclipboardpaste" file="graphics/radial/icon_clipboard_paste.png" />
	<icon name="textparagraphtypes" file="graphics/radial/icon_text_paragraph_types.png" />
		<icon name="textbody" file="graphics/radial/icon_text_body.png" />
		<icon name="texttitle" file="graphics/radial/icon_text_header.png" />
		<icon name="textchat" file="graphics/radial/icon_text_chat.png" />
		<icon name="textlist" file="graphics/radial/icon_text_list.png" />
		<icon name="textlink" file="graphics/radial/icon_text_link.png" />
		<icon name="texttableh" file="graphics/radial/icon_text_table.png" />
		<icon name="assignspeaker" file="graphics/radial/icon_text_speaker.png" />
	<icon name="textformatting" file="graphics/radial/icon_text_formatting.png" />
		<icon name="bold" file="graphics/radial/icon_text_bold.png" />
		<icon name="italics" file="graphics/radial/icon_text_italics.png" />
		<icon name="underline" file="graphics/radial/icon_text_underline.png" />

	<!-- Image Control - REQUIRED -->
	<icon name="shortcutdelete" file="graphics/radial/icon_image_shortcut_delete.png" />
	<icon name="imageviewmenu" file="graphics/radial/icon_image_view_menu.png" />
		<icon name="broadcast" file="graphics/radial/icon_image_view_share.png" />
		<icon name="imageviewlock" file="graphics/radial/icon_image_view_lock.png" />
		<icon name="imageviewunlock" file="graphics/radial/icon_image_view_unlock.png" />
		<icon name="imageviewupdate" file="graphics/radial/icon_image_view_update.png" />
		<icon name="imageviewsynch" file="graphics/radial/icon_image_view_synch.png" />
	<icon name="layers" file="graphics/radial/icon_image_layer_menu.png" />
		<icon name="goto" file="graphics/radial/icon_image_layer_navigator.png" />
		<icon name="mask" file="graphics/radial/icon_image_layer_mask_on.png" />
		<icon name="maskedit" file="graphics/radial/icon_image_layer_mask_edit_on.png" />
		<icon name="maskeditoff" file="graphics/radial/icon_image_layer_mask_edit_off.png" />
		<icon name="deletemask" file="graphics/radial/icon_image_layer_mask_delete.png" />
		<icon name="grid" file="graphics/radial/icon_image_layer_grid_on.png" />
		<icon name="gridchange" file="graphics/radial/icon_image_layer_grid_change.png" />
		<icon name="gridhex" file="graphics/radial/icon_image_layer_grid_hex.png" />
		<icon name="gridoff" file="graphics/radial/icon_image_layer_grid_off.png" />
		<icon name="lockgrid" file="graphics/radial/icon_image_layer_grid_snap_on.png" />
		<icon name="unlockgrid" file="graphics/radial/icon_image_layer_grid_snap_off.png" />
		<icon name="shortcutson" file="graphics/radial/icon_image_layer_shortcut_on.png" />
		<icon name="shortcutsoff" file="graphics/radial/icon_image_layer_shortcut_off.png" />
		<icon name="enablelos" file="graphics/radial/icon_image_layer_los_on.png" />
		<icon name="disablelos" file="graphics/radial/icon_image_layer_los_off.png" />
	<icon name="drawingmenu" file="graphics/radial/icon_image_layer_drawing_menu.png" />
		<icon name="drawingediton" file="graphics/radial/icon_image_layer_drawing_edit_on.png" />
		<icon name="drawingeditoff" file="graphics/radial/icon_image_layer_drawing_edit_off.png" />
		<icon name="drawingstroke" file="graphics/radial/icon_image_layer_drawing_stroke.png" />
		<icon name="erasestroke" file="graphics/radial/icon_image_layer_drawing_erase.png" />
		<icon name="lockdrawing" file="graphics/radial/icon_image_layer_drawing_lock.png" />
		<icon name="unlockdrawing" file="graphics/radial/icon_image_layer_drawing_unlock.png" />
		<icon name="eraselayer" file="graphics/radial/icon_image_layer_drawing_delete.png" />
	<icon name="pointer" file="graphics/radial/icon_image_layer_pointer_menu.png" />
		<icon name="pointer_arrow" file="graphics/radial/icon_image_layer_pointer_arrow.png" />
		<icon name="pointer_cone" file="graphics/radial/icon_image_layer_pointer_cone.png" />
		<icon name="pointer_circle" file="graphics/radial/icon_image_layer_pointer_circle.png" />
		<icon name="pointer_square" file="graphics/radial/icon_image_layer_pointer_square.png" />
		<icon name="deletepointer" file="graphics/radial/icon_image_layer_pointer_delete.png" />
		<icon name="deleteallpointers" file="graphics/radial/icon_image_layer_pointer_delete_all.png" />
	<icon name="dooropen" file="graphics/radial/icon_door_open.png" />
		<icon name="doorclosed" file="graphics/radial/icon_door_closed.png" />

	<!-- Token Bag Control - REQUIRED -->
	<icon name="arrangegrid" file="graphics/radial/icon_tokenbag_grid.png" />
	<icon name="shuffle" file="graphics/radial/icon_tokenbag_shuffle.png" />
	<icon name="tokenbagzoom" file="graphics/radial/icon_tokenbag_zoom_in.png" />
	<icon name="tokenbagzoomout" file="graphics/radial/icon_tokenbag_zoom_out.png" />
	<icon name="tokenbagreset" file="graphics/radial/icon_tokenbag_reset.png" />
	<icon name="tokenbagclear" file="graphics/radial/icon_tokenbag_clear.png" />
	<icon name="tokenbaginsert" file="graphics/radial/icon_tokenbag_insert.png" />
	<icon name="tokenbagdelete" file="graphics/radial/icon_tokenbag_delete.png" />

	<icon name="tokenbagzoommenu" file="graphics/radial/icon_tokenbag_zoom.png" />
	<icon name="assetviewnext" file="graphics/radial/icon_token_rotate_cw.png" />
	<icon name="assetviewprev" file="graphics/radial/icon_token_rotate_ccw.png" />

	<!-- Window List Control - REQUIRED -->
	<icon name="listinsert" file="graphics/radial/icon_list_insert.png" />
	<icon name="listdelete" file="graphics/radial/icon_list_delete.png" />

	<!-- Supported rulesets - Common radials-->
	<!-- Generic -->
	<icon name="radial_magicwand" file="graphics/radial/icon_magicwand.png" />

	<!-- Spell actions -->
	<icon name="radial_sword" file="graphics/radial/icon_sword.png" />
	<icon name="radial_damage" file="graphics/radial/icon_damage.png" />
	<icon name="radial_heal" file="graphics/radial/icon_plus.png" />
	<icon name="radial_effect" file="graphics/radial/icon_effect.png" />

	<icon name="radial_power_action_attack" file="graphics/radial/icon_sword.png" />
	<icon name="radial_power_action_cast" file="graphics/radial/icon_sword.png" />
	<icon name="radial_power_action_damage" file="graphics/radial/icon_damage.png" />
	<icon name="radial_power_action_heal" file="graphics/radial/icon_plus.png" />
	<icon name="radial_power_action_effect" file="graphics/radial/icon_effect.png" />
</root>
