<?xml version="1.0" encoding="iso-8859-1"?>

<!--
  Please see the license.html file included with this distribution for
  attribution and copyright information.
-->

<root>
	<typeface name="NotoSans" size="16">
		<regular file="graphics/fonts/Noto_Sans/NotoSans-Regular.ttf" />
		<bold file="graphics/fonts/Noto_Sans/NotoSans-Bold.ttf" />
		<italic file="graphics/fonts/Noto_Sans/NotoSans-Italic.ttf" />
		<bolditalic file="graphics/fonts/Noto_Sans/NotoSans-BoldItalic.ttf" />
	</typeface>

	<!-- Default fonts - REQUIRED -->
	<font name="defaultstringcontrol">
		<ttf file="graphics/fonts/Noto_Sans/NotoSans-Regular.ttf" name="Noto Sans" size="16" />
		<color value="#000000" />
	</font>
	<font name="defaultnumbercontrol">
		<ttf file="graphics/fonts/Noto_Sans/NotoSans-Regular.ttf" name="Noto Sans" size="16" />
		<color value="#000000" />
	</font>

	<!-- Context menu font - REQUIRED -->
	<font name="context_font">
		<ttf file="graphics/fonts/Noto_Sans/NotoSans-Bold.ttf" name="Noto Sans" size="16" />
		<color value="#FFFFFF" />
	</font>	
	
	<!-- Distance fonts - REQUIRED -->
	<font name="distance_value">
		<ttf file="graphics/fonts/Noto_Sans/NotoSans-Black.ttf" name="Noto Sans" size="20" />
		<color value="#FFFFFF" />
	</font>
	<font name="distance_suffix">
		<ttf file="graphics/fonts/Noto_Sans/NotoSans-Black.ttf" name="Noto Sans" size="20" />
		<color value="#FFFFFF" />
	</font>
	<font name="distance_incr">
		<ttf file="graphics/fonts/Noto_Sans/NotoSans-Black.ttf" name="Noto Sans" size="16" />
		<color value="#858585" />
	</font>

	<!-- Dice fonts - REQUIRED -->
	<font name="diceexpr">
		<ttf file="graphics/fonts/Noto_Sans/NotoSans-Regular.ttf" name="Noto Sans" size="16" />
		<color value="#000000" />
	</font>
	<font name="diemod">
		<ttf file="graphics/fonts/Noto_Sans/NotoSans-Bold.ttf" name="Noto Sans Bold" size="22" />
		<color value="#000000" />
	</font>
	<font name="dieresult">
		<ttf file="graphics/fonts/Noto_Sans/NotoSans-Bold.ttf" name="Noto Sans" size="16" />
		<color value="#FFFFFF" />
	</font>

	<!-- Drag fonts - REQUIRED -->
	<font name="draglabel">
		<ttf file="graphics/fonts/Noto_Sans/NotoSans-Regular.ttf" name="Noto Sans" size="42" />
		<color value="#000000" />
	</font>

	<!-- Chat fonts - REQUIRED -->
	<font name="chatfont">
		<ttf file="graphics/fonts/Noto_Sans/NotoSans-Regular.ttf" name="Noto Sans" size="16" />
		<color value="#261A12" />
	</font>
	<font name="emotefont">
		<ttf file="graphics/fonts/Noto_Sans/NotoSans-Regular.ttf" name="Noto Sans" size="16" />
		<color value="#880000" />
	</font>
	<font name="narratorfont">
		<ttf file="graphics/fonts/Noto_Sans/NotoSans-Bold.ttf" name="Noto Sans Bold" size="16" />
		<color value="#261A12" />
	</font>
	<font name="systemfont">
		<ttf file="graphics/fonts/Noto_Sans/NotoSans-Regular.ttf" name="Noto Sans" size="16" />
		<color value="#660066" />
	</font>
	<font name="msgfont">
		<ttf file="graphics/fonts/Noto_Sans/NotoSans-Regular.ttf" name="Noto Sans" size="16" />
		<color value="#660066" />
	</font>
	<font name="oocfont">
		<ttf file="graphics/fonts/Noto_Sans/NotoSans-Regular.ttf" name="Noto Sans" size="16" />
		<color value="#005500" />
	</font>
	<font name="chat_record_share">
		<ttf file="graphics/fonts/Noto_Sans/NotoSans-Bold.ttf" name="Noto Sans Bold" size="16" />
		<color value="#261A12" />
	</font>

	<!-- Chat fonts -->
	<font name="chatnpcfont">
		<ttf file="graphics/fonts/Noto_Sans/NotoSans-Regular.ttf" name="Noto Sans" size="16" />
		<color value="#000066" />
	</font>
	<font name="chatgmfont">
		<ttf file="graphics/fonts/Noto_Sans/NotoSans-BoldItalic.ttf" name="Noto Sans Bold Italic" size="16" />
		<color value="#000000" />
	</font>
	<font name="whisperfont">
		<ttf file="graphics/fonts/Noto_Sans/NotoSans-Bold.ttf" name="Noto Sans Bold" size="16" />
		<color value="#660066" />
	</font>

	<!-- Tooltip font -->
	<font name="tooltipbox">
		<ttf file="graphics/fonts/Noto_Sans/NotoSans-Regular.ttf" name="Noto Sans" size="16" />
		<color value="#FFFFFF" />
	</font>	

	<!-- Hot keys -->
	<font name="hotkey">
		<ttf file="graphics/fonts/Noto_Sans/NotoSans-Bold.ttf" name="Noto Sans Bold" size="15" />
		<color value="#E0E0E0" />
		<shadow offset="1,1" color="#000C45" />
	</font>	

	<!-- Modifier stack -->
	<font name="modcollector">
		<ttf file="graphics/fonts/Noto_Sans/NotoSans-Bold.ttf" name="Noto Sans Bold" size="22" />
		<color value="#000000" />
	</font>
	<font name="modcollectorlabel">
		<ttf file="graphics/fonts/Noto_Sans/NotoSans-Regular.ttf" name="Noto Sans" size="14" />
		<color value="#000000" />
	</font>

	<!-- Windows -->
	<font name="windowtitle">
		<ttf file="graphics/fonts/Noto_Sans/NotoSans-Bold-Caps.ttf" name="Noto Sans Bold Caps" size="18" />
		<color value="DEC790" />
	</font>
	<font name="subwindowtitle">
		<ttf file="graphics/fonts/Noto_Sans/NotoSans-Bold-Caps.ttf" name="Noto Sans Bold Caps" size="18" />
		<color value="DEC790" />
	</font>
	<font name="recordsheet_header">
		<ttf file="graphics/fonts/Noto_Sans/NotoSans-Bold.ttf" name="Noto Sans Bold" size="24" />
		<color value="000000" />
	</font>
	<font name="imagebox_header">
		<ttf file="graphics/fonts/Noto_Sans/NotoSans-Bold.ttf" name="Noto Sans Bold" size="24" />
		<color value="000000" />
	</font>
	<font name="storybox_header">
		<ttf file="graphics/fonts/Noto_Sans/NotoSans-Bold.ttf" name="Noto Sans Bold" size="24" />
		<color value="000000" />
	</font>
	<font name="charsheet_header">
		<ttf file="graphics/fonts/Noto_Sans/NotoSans-Bold.ttf" name="Noto Sans Bold" size="24" />
		<color value="000000" />
	</font>

	<!-- Formatted text fields -->
	<font name="reference-h">
		<ttf file="graphics/fonts/Noto_Sans/NotoSans-Bold.ttf" name="Noto Sans Bold" size="24" />
		<color value="660000" />
	</font>
	<font name="reference-r">
		<ttf file="graphics/fonts/Noto_Sans/NotoSans-Regular.ttf" name="Noto Sans" size="16" />
		<color value="#000000" />
	</font>
	<font name="reference-i">
		<ttf file="graphics/fonts/Noto_Sans/NotoSans-Italic.ttf" name="Noto Sans Italic" size="16" />
		<color value="#000000" />
	</font>
	<font name="reference-b">
		<ttf file="graphics/fonts/Noto_Sans/NotoSans-Bold.ttf" name="Noto Sans Bold" size="16" />
		<color value="#000000" />
	</font>
	<font name="reference-bi">
		<ttf file="graphics/fonts/Noto_Sans/NotoSans-BoldItalic.ttf" name="Noto Sans Bold Italic" size="16" />
		<color value="#000000" />
	</font>
	<font name="reference-b-large">
		<ttf file="graphics/fonts/Noto_Sans/NotoSans-Bold.ttf" name="Noto Sans Bold" size="18" />
		<color value="#000000" />
	</font>

	<!-- Standard text fields -->
	<font name="sheetlabel">
		<ttf file="graphics/fonts/Noto_Sans/NotoSans-Bold.ttf" name="Noto Sans Bold" size="16" />
		<color value="#000000" />
	</font>
	<font name="sheettext">
		<ttf file="graphics/fonts/Noto_Sans/NotoSans-Regular.ttf" name="Noto Sans" size="16" />
		<color value="#000000" />
	</font>
	<font name="sheettextfaded">
		<ttf file="graphics/fonts/Noto_Sans/NotoSans-Regular.ttf" name="Noto Sans" size="16" />
		<color value="#7F000000" />
	</font>

	<!-- Number fields -->
	<font name="sheetnumber">
		<ttf file="graphics/fonts/Noto_Sans/NotoSans-Bold.ttf" name="Noto Sans Bold" size="16" />
		<color value="#000000" />
	</font>

	<!-- Character list -->
	<font name="mini_name">
		<ttf file="graphics/fonts/Noto_Sans/NotoSans-Regular.ttf" name="Noto Sans" size="16" />
		<color value="#FFFFFF" />
	</font>
	<font name="mini_name_selected">
		<ttf file="graphics/fonts/Noto_Sans/NotoSans-Bold.ttf" name="Noto Sans Bold" size="16" />
		<color value="#FFFFFF" />
	</font>

	<!-- Character selection -->
	<font name="charselecttitle">
		<ttf file="graphics/fonts/Noto_Sans/NotoSans-Bold.ttf" name="Noto Sans Bold" size="16" />
		<color value="#000000" />
	</font>
	<font name="charselectbody">
		<ttf file="graphics/fonts/Noto_Sans/NotoSans-Regular.ttf" name="Noto Sans" size="16" />
		<color value="#261A12" />
	</font>

	<!-- Characters -->
	<font name="sheetlabelinline">
		<ttf file="graphics/fonts/Noto_Sans/NotoSans-Regular.ttf" name="Noto Sans" size="14" />
		<color value="#808080" />
	</font>
	<font name="sheetlabelmini">
		<ttf file="graphics/fonts/Noto_Sans/NotoSans-Regular.ttf" name="Noto Sans" size="14" />
		<color value="#000000" />
	</font>

	<!-- Reference -->
	<font name="reference-chapter">
		<ttf file="graphics/fonts/Noto_Serif/NotoSans-Bold.ttf" name="Noto Sans Bold" size="18" />
		<color value="FFFFFF" />
	</font>
	<font name="reference-section">
		<ttf file="graphics/fonts/Noto_Serif/NotoSans-Bold.ttf" name="Noto Sans Bold" size="16" />
		<color value="3B2C21" />
	</font>
	<font name="reference-header">
		<ttf file="graphics/fonts/Noto_Sans/NotoSans-Bold.ttf" name="Noto Sans Bold" size="18" />
		<color value="#FFF1CC" />
	</font>
	<font name="reference-groupdesc">
		<ttf file="graphics/fonts/Noto_Sans/NotoSans-Bold.ttf" name="Noto Sans Bold" size="18" />
		<color value="#FFFFFF" />
	</font>
	<font name="reference-page-header">
		<ttf file="graphics/fonts/Noto_Sans/NotoSans-Bold.ttf" name="Noto Sans Bold" size="24" />
		<color value="#000000" />
	</font>

	<!-- Utility Windows -->
	<font name="list-empty-ct">
		<ttf file="graphics/fonts/Noto_Sans/NotoSans-Italic.ttf" name="Noto Sans Italic" size="16" />
		<color value="#FFFFFF" />
	</font>

	<!-- Asset View -->
	<font name="tokenbagasset_grid">
		<ttf file="graphics/fonts/Noto_Sans/NotoSans-Bold.ttf" name="Noto Sans Bold" size="16" />
		<color value="#FFFFFF" />
	</font>
	<font name="tokenbagasset_list">
		<ttf file="graphics/fonts/Noto_Sans/NotoSans-Bold.ttf" name="Noto Sans Bold" size="22" />
		<color value="#FFFFFF" />
	</font>
	<font name="assetview_empty">
		<ttf file="graphics/fonts/Noto_Sans/NotoSans-Bold.ttf" name="Noto Sans Bold" size="16" />
		<color value="#FFFFFF" />
	</font>

	<!-- Token Decorations -->
	<font name="token_name">
		<ttf file="graphics/fonts/Noto_Sans/NotoSans-Regular.ttf" name="Noto Sans" size="16" />
		<color value="#FFFFFF" />
	</font>
	<font name="token_ordinal">
		<ttf file="graphics/fonts/Noto_Sans/NotoSans-Bold.ttf" name="Noto Sans Bold" size="16" />
		<color value="#000000" />
	</font>
	<font name="token_height">
		<ttf file="graphics/fonts/Noto_Sans/NotoSans-Bold.ttf" name="Noto Sans Bold" size="24" />
		<color value="#000000" />
	</font>
	<font name="token_height_negative">
		<ttf file="graphics/fonts/Noto_Sans/NotoSans-Bold.ttf" name="Noto Sans Bold" size="24" />
		<color value="#800000" />
	</font>

	<!-- Misc -->
	<font name="list-empty">
		<ttf file="graphics/fonts/Noto_Sans/NotoSans-Italic.ttf" name="Noto Sans Italic" size="16" />
		<color value="#000000" />
	</font>
	<font name="button-white">
		<ttf file="graphics/fonts/Noto_Sans/NotoSans-Bold.ttf" name="Noto Sans Bold" size="16" />
		<color value="#FFFFFF" />	
	</font>
	<font name="subwindowsmalltitle">
		<ttf file="graphics/fonts/Noto_Sans/NotoSans-Bold.ttf" name="Noto Sans Bold" size="16" />
		<color value="FFFFFF" />
	</font>
	<font name="subwindowsmalltitle_disabled">
		<ttf file="graphics/fonts/Noto_Sans/NotoSans-Bold.ttf" name="Noto Sans Bold" size="16" />
		<color value="606060" />
	</font>
	<font name="invisible">
		<ttf file="graphics/fonts/invisible.ttf" name="invisible" size="16" />
		<color value="#FFFFFF" />
	</font>

	<!-- Languages -->
	<font name="Dwarven">
		<ttf file="graphics/fonts/Languages/Dwarven.ttf" name="D&amp;D Dwarvish Bold" size="20" />
		<color value="#000000" />
	</font>
	<font name="Elven">
		<ttf file="graphics/fonts/Languages/Elven.ttf" name="D&amp;DElven" size="20" />
		<color value="#000000" />
	</font>
	<font name="Infernal">
		<ttf file="graphics/fonts/Languages/Infernal.ttf" name="D&amp;D Abyssal Barazhad" size="20" />
		<color value="#000000" />
	</font>
	<font name="Celestial">
		<ttf file="graphics/fonts/Languages/Celestial.ttf" name="Supernal" size="24" />
		<color value="#000000" />
	</font>
	<font name="Draconic">
		<ttf file="graphics/fonts/Languages/Draconic.ttf" name="Draconic 4" size="24" />
		<color value="#000000" />
	</font>
	<font name="Primordial">
		<ttf file="graphics/fonts/Languages/Primordial.ttf" name="Primordial" size="24" />
		<color value="#000000" />
	</font>
</root>
