<?xml version="1.0" encoding="iso-8859-1"?>

<!--
  Please see the license.html file included with this distribution for
  attribution and copyright information.
-->

<root>
	<!-- Dice Chat/Field Icons -->
	<!-- NOTE: Colored die icons generated using Photoshop adjustment layer with Colorize option enabled -->
	<!-- NOTE: Hue/Saturation/Lightness (Green: 120/50/25) (Blue: 240/70/25) (Purple: 260/50/25) (Red: 0/70/20) -->
	<icon name="die_general_icon" file="graphics/dice/die_general_icon.png" />
	<icon name="d4icon" file="graphics/dice/d4_icon.png" />
	<icon name="d6icon" file="graphics/dice/d6_icon.png" />
	<icon name="d8icon" file="graphics/dice/d8_icon.png" />
	<icon name="d10icon" file="graphics/dice/d10_icon.png" />
	<icon name="d12icon" file="graphics/dice/d12_icon.png" />
	<icon name="d20icon" file="graphics/dice/d20_icon.png" />

	<icon name="d4ricon" file="graphics/dice/d4_ricon.png" />
	<icon name="d6ricon" file="graphics/dice/d6_ricon.png" />
	<icon name="d8ricon" file="graphics/dice/d8_ricon.png" />
	<icon name="d10ricon" file="graphics/dice/d10_ricon.png" />
	<icon name="d12ricon" file="graphics/dice/d12_ricon.png" />
	<icon name="d20ricon" file="graphics/dice/d20_ricon.png" />

	<icon name="d4gicon" file="graphics/dice/d4_gicon.png" />
	<icon name="d6gicon" file="graphics/dice/d6_gicon.png" />
	<icon name="d8gicon" file="graphics/dice/d8_gicon.png" />
	<icon name="d10gicon" file="graphics/dice/d10_gicon.png" />
	<icon name="d12gicon" file="graphics/dice/d12_gicon.png" />
	<icon name="d20gicon" file="graphics/dice/d20_gicon.png" />

	<icon name="d4bicon" file="graphics/dice/d4_bicon.png" />
	<icon name="d6bicon" file="graphics/dice/d6_bicon.png" />
	<icon name="d8bicon" file="graphics/dice/d8_bicon.png" />
	<icon name="d10bicon" file="graphics/dice/d10_bicon.png" />
	<icon name="d12bicon" file="graphics/dice/d12_bicon.png" />
	<icon name="d20bicon" file="graphics/dice/d20_bicon.png" />

	<icon name="d4picon" file="graphics/dice/d4_picon.png" />
	<icon name="d6picon" file="graphics/dice/d6_picon.png" />
	<icon name="d8picon" file="graphics/dice/d8_picon.png" />
	<icon name="d10picon" file="graphics/dice/d10_picon.png" />
	<icon name="d12picon" file="graphics/dice/d12_picon.png" />
	<icon name="d20picon" file="graphics/dice/d20_picon.png" />

	<!-- Desktop Dice Selection Icons -->
	<icon name="diceselect_desktop_d20" file="graphics/dice/diceselect_d20_converted.webm" />
	<icon name="diceselect_desktop_d12" file="graphics/dice/diceselect_d12_converted.webm" />
	<icon name="diceselect_desktop_d10" file="graphics/dice/diceselect_d10_converted.webm" />
	<icon name="diceselect_desktop_d8" file="graphics/dice/diceselect_d8_converted.webm" />
	<icon name="diceselect_desktop_d6" file="graphics/dice/diceselect_d6_converted.webm" />
	<icon name="diceselect_desktop_d4" file="graphics/dice/diceselect_d4_converted.webm" />
	<icon name="diceselect_desktop_dF" file="graphics/dice/diceselect_d6_converted.webm" />
	<icon name="diceselect_desktop_d100" file="graphics/dice/diceselect_d100_converted.webm" />

	<!-- Dice Skin Icons -->
	<icon name="diceskin_icon_default" file="graphics/dice/diceskin_icon_default_converted.webm" />

	<icon name="diceskin_attribute_fx" file="graphics/dice/diceskin_attribute_fx.png" />
	<icon name="diceskin_attribute_impact" file="graphics/dice/diceskin_attribute_impact.png" />
	<icon name="diceskin_attribute_tintable" file="graphics/dice/diceskin_attribute_tintable.png" />
	<icon name="diceskin_attribute_trail" file="graphics/dice/diceskin_attribute_trail.png" />

	<icon name="diceskin_icon_2" file="graphics/dice/diceskin_icon_metal_gold_converted.webm" />
	<icon name="diceskin_icon_3" file="graphics/dice/diceskin_icon_metal_darkgold_converted.webm" />
	<icon name="diceskin_icon_4" file="graphics/dice/diceskin_icon_metal_steel_converted.webm" />
	<icon name="diceskin_icon_5" file="graphics/dice/diceskin_icon_metal_pitted_converted.webm" />
	<icon name="diceskin_icon_6" file="graphics/dice/diceskin_icon_metal_polishedsilver_converted.webm" />
	<icon name="diceskin_icon_7" file="graphics/dice/diceskin_icon_metal_rustediron_converted.webm" />
	<icon name="diceskin_icon_8" file="graphics/dice/diceskin_icon_metal_stainedcopper_converted.webm" />
	<icon name="diceskin_icon_9" file="graphics/dice/diceskin_icon_metal_polishedsilver_converted.webm" />

	<icon name="diceskin_icon_10" file="graphics/dice/diceskin_icon_element_arcane_aura_cast_converted.webm" />
	<icon name="diceskin_icon_11" file="graphics/dice/diceskin_icon_element_earth_aura_cast_converted.webm" />
	<icon name="diceskin_icon_12" file="graphics/dice/diceskin_icon_element_fire_aura_cast_converted.webm" />
	<icon name="diceskin_icon_13" file="graphics/dice/diceskin_icon_element_frost_aura_cast_converted.webm" />
	<icon name="diceskin_icon_14" file="graphics/dice/diceskin_icon_element_life_aura_cast_converted.webm" />
	<icon name="diceskin_icon_15" file="graphics/dice/diceskin_icon_element_light_aura_cast_converted.webm" />
	<icon name="diceskin_icon_16" file="graphics/dice/diceskin_icon_element_lightning_aura_cast_converted.webm" />
	<icon name="diceskin_icon_17" file="graphics/dice/diceskin_icon_element_shadow_aura_cast_converted.webm" />
	<icon name="diceskin_icon_18" file="graphics/dice/diceskin_icon_element_storm_aura_cast_converted.webm" />
	<icon name="diceskin_icon_19" file="graphics/dice/diceskin_icon_element_water_aura_cast_converted.webm" />
	<icon name="diceskin_icon_20" file="graphics/dice/diceskin_icon_element_arcane_aura_enchant_converted.webm" />
	<icon name="diceskin_icon_21" file="graphics/dice/diceskin_icon_element_earth_aura_enchant_converted.webm" />
	<icon name="diceskin_icon_22" file="graphics/dice/diceskin_icon_element_fire_aura_enchant_converted.webm" />
	<icon name="diceskin_icon_23" file="graphics/dice/diceskin_icon_element_frost_aura_enchant_converted.webm" />
	<icon name="diceskin_icon_24" file="graphics/dice/diceskin_icon_element_life_aura_enchant_converted.webm" />
	<icon name="diceskin_icon_25" file="graphics/dice/diceskin_icon_element_light_aura_enchant_converted.webm" />
	<icon name="diceskin_icon_26" file="graphics/dice/diceskin_icon_element_lightning_aura_enchant_converted.webm" />
	<icon name="diceskin_icon_27" file="graphics/dice/diceskin_icon_element_shadow_aura_enchant_converted.webm" />
	<icon name="diceskin_icon_28" file="graphics/dice/diceskin_icon_element_storm_aura_enchant_converted.webm" />
	<icon name="diceskin_icon_29" file="graphics/dice/diceskin_icon_element_water_aura_enchant_converted.webm" />
	<icon name="diceskin_icon_30" file="graphics/dice/diceskin_icon_element_arcane_magical_converted.webm" />
	<icon name="diceskin_icon_31" file="graphics/dice/diceskin_icon_element_earth_magical_converted.webm" />
	<icon name="diceskin_icon_32" file="graphics/dice/diceskin_icon_element_fire_magical_converted.webm" />
	<icon name="diceskin_icon_33" file="graphics/dice/diceskin_icon_element_frost_magical_converted.webm" />
	<icon name="diceskin_icon_34" file="graphics/dice/diceskin_icon_element_life_magical_converted.webm" />
	<icon name="diceskin_icon_35" file="graphics/dice/diceskin_icon_element_light_magical_converted.webm" />
	<icon name="diceskin_icon_36" file="graphics/dice/diceskin_icon_element_lightning_magical_converted.webm" />
	<icon name="diceskin_icon_37" file="graphics/dice/diceskin_icon_element_shadow_magical_converted.webm" />
	<icon name="diceskin_icon_38" file="graphics/dice/diceskin_icon_element_storm_magical_converted.webm" />
	<icon name="diceskin_icon_39" file="graphics/dice/diceskin_icon_element_water_magical_converted.webm" />
	<icon name="diceskin_icon_40" file="graphics/dice/diceskin_icon_element_arcane_ring_elements_converted.webm" />
	<icon name="diceskin_icon_41" file="graphics/dice/diceskin_icon_element_earth_ring_elements_converted.webm" />
	<icon name="diceskin_icon_42" file="graphics/dice/diceskin_icon_element_fire_ring_elements_converted.webm" />
	<icon name="diceskin_icon_43" file="graphics/dice/diceskin_icon_element_frost_ring_elements_converted.webm" />
	<icon name="diceskin_icon_44" file="graphics/dice/diceskin_icon_element_life_ring_elements_converted.webm" />
	<icon name="diceskin_icon_45" file="graphics/dice/diceskin_icon_element_light_ring_elements_converted.webm" />
	<icon name="diceskin_icon_46" file="graphics/dice/diceskin_icon_element_lightning_ring_elements_converted.webm" />
	<icon name="diceskin_icon_47" file="graphics/dice/diceskin_icon_element_shadow_ring_elements_converted.webm" />
	<icon name="diceskin_icon_48" file="graphics/dice/diceskin_icon_element_storm_ring_elements_converted.webm" />
	<icon name="diceskin_icon_49" file="graphics/dice/diceskin_icon_element_water_ring_elements_converted.webm" />
	<icon name="diceskin_icon_50" file="graphics/dice/diceskin_icon_element_arcane_spinning_elements_converted.webm" />
	<icon name="diceskin_icon_51" file="graphics/dice/diceskin_icon_element_earth_spinning_elements_converted.webm" />
	<icon name="diceskin_icon_52" file="graphics/dice/diceskin_icon_element_fire_spinning_elements_converted.webm" />
	<icon name="diceskin_icon_53" file="graphics/dice/diceskin_icon_element_frost_spinning_elements_converted.webm" />
	<icon name="diceskin_icon_54" file="graphics/dice/diceskin_icon_element_life_spinning_elements_converted.webm" />
	<icon name="diceskin_icon_55" file="graphics/dice/diceskin_icon_element_light_spinning_elements_converted.webm" />
	<icon name="diceskin_icon_56" file="graphics/dice/diceskin_icon_element_lightning_spinning_elements_converted.webm" />
	<icon name="diceskin_icon_57" file="graphics/dice/diceskin_icon_element_shadow_spinning_elements_converted.webm" />
	<icon name="diceskin_icon_58" file="graphics/dice/diceskin_icon_element_storm_spinning_elements_converted.webm" />
	<icon name="diceskin_icon_59" file="graphics/dice/diceskin_icon_element_water_spinning_elements_converted.webm" />
	<icon name="diceskin_icon_60" file="graphics/dice/diceskin_icon_element_arcane_trail_flames_converted.webm" />
	<icon name="diceskin_icon_61" file="graphics/dice/diceskin_icon_element_earth_trail_flames_converted.webm" />
	<icon name="diceskin_icon_62" file="graphics/dice/diceskin_icon_element_fire_trail_flames_converted.webm" />
	<icon name="diceskin_icon_63" file="graphics/dice/diceskin_icon_element_frost_trail_flames_converted.webm" />
	<icon name="diceskin_icon_64" file="graphics/dice/diceskin_icon_element_life_trail_flames_converted.webm" />
	<icon name="diceskin_icon_65" file="graphics/dice/diceskin_icon_element_light_trail_flames_converted.webm" />
	<icon name="diceskin_icon_66" file="graphics/dice/diceskin_icon_element_lightning_trail_flames_converted.webm" />
	<icon name="diceskin_icon_67" file="graphics/dice/diceskin_icon_element_shadow_trail_flames_converted.webm" />
	<icon name="diceskin_icon_68" file="graphics/dice/diceskin_icon_element_storm_trail_flames_converted.webm" />
	<icon name="diceskin_icon_69" file="graphics/dice/diceskin_icon_element_water_trail_flames_converted.webm" />
	<icon name="diceskin_icon_70" file="graphics/dice/diceskin_icon_element_arcane_trail_glowing_converted.webm" />
	<icon name="diceskin_icon_71" file="graphics/dice/diceskin_icon_element_earth_trail_glowing_converted.webm" />
	<icon name="diceskin_icon_72" file="graphics/dice/diceskin_icon_element_fire_trail_glowing_converted.webm" />
	<icon name="diceskin_icon_73" file="graphics/dice/diceskin_icon_element_frost_trail_glowing_converted.webm" />
	<icon name="diceskin_icon_74" file="graphics/dice/diceskin_icon_element_life_trail_glowing_converted.webm" />
	<icon name="diceskin_icon_75" file="graphics/dice/diceskin_icon_element_light_trail_glowing_converted.webm" />
	<icon name="diceskin_icon_76" file="graphics/dice/diceskin_icon_element_lightning_trail_glowing_converted.webm" />
	<icon name="diceskin_icon_77" file="graphics/dice/diceskin_icon_element_shadow_trail_glowing_converted.webm" />
	<icon name="diceskin_icon_78" file="graphics/dice/diceskin_icon_element_storm_trail_glowing_converted.webm" />
	<icon name="diceskin_icon_79" file="graphics/dice/diceskin_icon_element_water_trail_glowing_converted.webm" />
	<icon name="diceskin_icon_80" file="graphics/dice/diceskin_icon_element_arcane_force_field_converted.webm" />
	<icon name="diceskin_icon_81" file="graphics/dice/diceskin_icon_element_earth_force_field_converted.webm" />
	<icon name="diceskin_icon_82" file="graphics/dice/diceskin_icon_element_fire_force_field_converted.webm" />
	<icon name="diceskin_icon_83" file="graphics/dice/diceskin_icon_element_frost_force_field_converted.webm" />
	<icon name="diceskin_icon_84" file="graphics/dice/diceskin_icon_element_life_force_field_converted.webm" />
	<icon name="diceskin_icon_85" file="graphics/dice/diceskin_icon_element_light_force_field_converted.webm" />
	<icon name="diceskin_icon_86" file="graphics/dice/diceskin_icon_element_lightning_force_field_converted.webm" />
	<icon name="diceskin_icon_87" file="graphics/dice/diceskin_icon_element_shadow_force_field_converted.webm" />
	<icon name="diceskin_icon_88" file="graphics/dice/diceskin_icon_element_storm_force_field_converted.webm" />
	<icon name="diceskin_icon_89" file="graphics/dice/diceskin_icon_element_water_force_field_converted.webm" />

	<icon name="diceskin_icon_91" file="graphics/dice/diceskin_icon_default_force_field_converted.webm" />
	<icon name="diceskin_icon_92" file="graphics/dice/diceskin_icon_metal_rustediron_converted.webm" />
	<icon name="diceskin_icon_93" file="graphics/dice/diceskin_icon_metal_stainedcopper_converted.webm" />

	<icon name="diceskin_icon_94" file="graphics/dice/diceskin_icon_element_arcane_converted.webm" />
	<icon name="diceskin_icon_95" file="graphics/dice/diceskin_icon_element_earth_converted.webm" />
	<icon name="diceskin_icon_96" file="graphics/dice/diceskin_icon_element_fire_converted.webm" />
	<icon name="diceskin_icon_97" file="graphics/dice/diceskin_icon_element_frost_converted.webm" />
	<icon name="diceskin_icon_98" file="graphics/dice/diceskin_icon_element_life_converted.webm" />
	<icon name="diceskin_icon_99" file="graphics/dice/diceskin_icon_element_light_converted.webm" />
	<icon name="diceskin_icon_100" file="graphics/dice/diceskin_icon_element_lightning_converted.webm" />
	<icon name="diceskin_icon_101" file="graphics/dice/diceskin_icon_element_shadow_converted.webm" />
	<icon name="diceskin_icon_102" file="graphics/dice/diceskin_icon_element_storm_converted.webm" />
	<icon name="diceskin_icon_103" file="graphics/dice/diceskin_icon_element_water_converted.webm" />

	<icon name="diceskin_icon_104" file="graphics/dice/diceskin_icon_throwback_converted.webm" />
	<icon name="diceskin_icon_105" file="graphics/dice/diceskin_icon_play_converted.webm" />
	<icon name="diceskin_icon_106" file="graphics/dice/diceskin_icon_primordial_fire_converted.webm" />
	<icon name="diceskin_icon_107" file="graphics/dice/diceskin_icon_primordial_earth_converted.webm" />
	<icon name="diceskin_icon_108" file="graphics/dice/diceskin_icon_primordial_air_converted.webm" />
	<icon name="diceskin_icon_109" file="graphics/dice/diceskin_icon_primordial_water_converted.webm" />	

	<icon name="diceskin_icon_110" file="graphics/dice/diceskin_icon_decorative_base_converted.webm" />
	<icon name="diceskin_icon_111" file="graphics/dice/diceskin_icon_decorative_base_inverted_converted.webm" />
	<icon name="diceskin_icon_112" file="graphics/dice/diceskin_icon_decorative_storm_converted.webm" />
	<icon name="diceskin_icon_113" file="graphics/dice/diceskin_icon_decorative_storm_inverted_converted.webm" />
	<icon name="diceskin_icon_114" file="graphics/dice/diceskin_icon_decorative_water_converted.webm" />
	<icon name="diceskin_icon_115" file="graphics/dice/diceskin_icon_decorative_water_inverted_converted.webm" />
	<icon name="diceskin_icon_116" file="graphics/dice/diceskin_icon_decorative_iron_converted.webm" />
	<icon name="diceskin_icon_117" file="graphics/dice/diceskin_icon_decorative_iron_inverted_converted.webm" />
	<icon name="diceskin_icon_118" file="graphics/dice/diceskin_icon_decorative_bark_converted.webm" />
	<icon name="diceskin_icon_119" file="graphics/dice/diceskin_icon_decorative_bark_inverted_converted.webm" />
	<icon name="diceskin_icon_120" file="graphics/dice/diceskin_icon_decorative_gold_white_converted.webm" />
	<icon name="diceskin_icon_121" file="graphics/dice/diceskin_icon_decorative_gold_white_inverted_converted.webm" />
	<icon name="diceskin_icon_122" file="graphics/dice/diceskin_icon_decorative_gold_antique_converted.webm" />
	<icon name="diceskin_icon_123" file="graphics/dice/diceskin_icon_decorative_gold_antique_inverted_converted.webm" />
	<icon name="diceskin_icon_124" file="graphics/dice/diceskin_icon_decorative_gold_green_converted.webm" />
	<icon name="diceskin_icon_125" file="graphics/dice/diceskin_icon_decorative_gold_green_inverted_converted.webm" />

	<icon name="diceskin_icon_130" file="graphics/dice/diceskin_icon_artificer_base_converted.webm" />
	<icon name="diceskin_icon_131" file="graphics/dice/diceskin_icon_artificer_nightshade_converted.webm" />
	<icon name="diceskin_icon_132" file="graphics/dice/diceskin_icon_artificer_bark_converted.webm" />
	<icon name="diceskin_icon_133" file="graphics/dice/diceskin_icon_artificer_darkgold_converted.webm" />
	<icon name="diceskin_icon_134" file="graphics/dice/diceskin_icon_artificer_gold_converted.webm" />
	<icon name="diceskin_icon_135" file="graphics/dice/diceskin_icon_artificer_whitegold_converted.webm" />
	<icon name="diceskin_icon_136" file="graphics/dice/diceskin_icon_artificer_rustediron_converted.webm" />
	<icon name="diceskin_icon_137" file="graphics/dice/diceskin_icon_artificer_greeniron_converted.webm" />
	<icon name="diceskin_icon_138" file="graphics/dice/diceskin_icon_artificer_stainedcopper_converted.webm" />
	<icon name="diceskin_icon_139" file="graphics/dice/diceskin_icon_artificer_storm_converted.webm" />
	<icon name="diceskin_icon_140" file="graphics/dice/diceskin_icon_artificer_greengilt_converted.webm" />
	<icon name="diceskin_icon_141" file="graphics/dice/diceskin_icon_artificer_liquiddream_converted.webm" />

	<icon name="diceskin_icon_150" file="graphics/dice/diceskin_icon_annulusoffocus_converted.webm" />
	<icon name="diceskin_icon_151" file="graphics/dice/diceskin_icon_annulusoffocus_hotoil_converted.webm" />
	<icon name="diceskin_icon_152" file="graphics/dice/diceskin_icon_annulusoffocus_frostboil_converted.webm" />
	<icon name="diceskin_icon_153" file="graphics/dice/diceskin_icon_annulusoffocus_boghollow_converted.webm" />
	<icon name="diceskin_icon_154" file="graphics/dice/diceskin_icon_annulusoffocus_sunlitcatalyst_converted.webm" />
	<icon name="diceskin_icon_155" file="graphics/dice/diceskin_icon_annulusoffocus_scorchedsunset_converted.webm" />
	<icon name="diceskin_icon_156" file="graphics/dice/diceskin_icon_annulusoffocus_timestop_converted.webm" />
	<icon name="diceskin_icon_157" file="graphics/dice/diceskin_icon_annulusoffocus_verdantportal_converted.webm" />
	<icon name="diceskin_icon_158" file="graphics/dice/diceskin_icon_annulusoffocus_mosswillow_converted.webm" />
	<icon name="diceskin_icon_159" file="graphics/dice/diceskin_icon_annulusoffocus_floodvine_converted.webm" />
	<icon name="diceskin_icon_160" file="graphics/dice/diceskin_icon_annulusoffocus_fx_converted.webm" />
	<icon name="diceskin_icon_161" file="graphics/dice/diceskin_icon_annulusoffocus_hotoil_fx_converted.webm" />
	<icon name="diceskin_icon_162" file="graphics/dice/diceskin_icon_annulusoffocus_frostboil_fx_converted.webm" />
	<icon name="diceskin_icon_163" file="graphics/dice/diceskin_icon_annulusoffocus_boghollow_fx_converted.webm" />
	<icon name="diceskin_icon_164" file="graphics/dice/diceskin_icon_annulusoffocus_sunlitcatalyst_fx_converted.webm" />
	<icon name="diceskin_icon_165" file="graphics/dice/diceskin_icon_annulusoffocus_scorchedsunset_fx_converted.webm" />
	<icon name="diceskin_icon_166" file="graphics/dice/diceskin_icon_annulusoffocus_timestop_fx_converted.webm" />
	<icon name="diceskin_icon_167" file="graphics/dice/diceskin_icon_annulusoffocus_verdantportal_fx_converted.webm" />
	<icon name="diceskin_icon_168" file="graphics/dice/diceskin_icon_annulusoffocus_mosswillow_fx_converted.webm" />
	<icon name="diceskin_icon_169" file="graphics/dice/diceskin_icon_annulusoffocus_floodvine_fx_converted.webm" />
	<icon name="diceskin_icon_170" file="graphics/dice/diceskin_icon_annulusoffocus_gnarlwood_converted.webm" />
	<icon name="diceskin_icon_171" file="graphics/dice/diceskin_icon_annulusoffocus_sandycerulean_converted.webm" />
	<icon name="diceskin_icon_172" file="graphics/dice/diceskin_icon_annulusoffocus_tranquilcoral_converted.webm" />
	<icon name="diceskin_icon_173" file="graphics/dice/diceskin_icon_annulusoffocus_steelthicket_converted.webm" />
	<icon name="diceskin_icon_174" file="graphics/dice/diceskin_icon_annulusoffocus_gold_converted.webm" />
	<icon name="diceskin_icon_175" file="graphics/dice/diceskin_icon_annulusoffocus_stainedcopper_converted.webm" />
	<icon name="diceskin_icon_177" file="graphics/dice/diceskin_icon_annulusoffocus_midtone_converted.webm" />
	<icon name="diceskin_icon_178" file="graphics/dice/diceskin_icon_annulusoffocus_light_converted.webm" />
	<icon name="diceskin_icon_179" file="graphics/dice/diceskin_icon_annulusoffocus_dark_converted.webm" />
	<icon name="diceskin_icon_180" file="graphics/dice/diceskin_icon_annulusoffocus_gnarlwood_fx_converted.webm" />
	<icon name="diceskin_icon_181" file="graphics/dice/diceskin_icon_annulusoffocus_sandycerulean_fx_converted.webm" />
	<icon name="diceskin_icon_182" file="graphics/dice/diceskin_icon_annulusoffocus_tranquilcoral_fx_converted.webm" />
	<icon name="diceskin_icon_183" file="graphics/dice/diceskin_icon_annulusoffocus_steelthicket_fx_converted.webm" />
	<icon name="diceskin_icon_184" file="graphics/dice/diceskin_icon_annulusoffocus_gold_fx_converted.webm" />
	<icon name="diceskin_icon_185" file="graphics/dice/diceskin_icon_annulusoffocus_stainedcopper_fx_converted.webm" />
	<icon name="diceskin_icon_187" file="graphics/dice/diceskin_icon_annulusoffocus_midtone_fx_converted.webm" />
	<icon name="diceskin_icon_188" file="graphics/dice/diceskin_icon_annulusoffocus_light_fx_converted.webm" />
	<icon name="diceskin_icon_189" file="graphics/dice/diceskin_icon_annulusoffocus_dark_fx_converted.webm" />

	<icon name="diceskin_icon_190" file="graphics/dice/diceskin_icon_knotsoffate_converted.webm" />
	<icon name="diceskin_icon_191" file="graphics/dice/diceskin_icon_knotsoffate_frostboil_converted.webm" />
	<icon name="diceskin_icon_192" file="graphics/dice/diceskin_icon_knotsoffate_sizzlingamber_converted.webm" />
	<icon name="diceskin_icon_193" file="graphics/dice/diceskin_icon_knotsoffate_aquaticmirage_converted.webm" />
	<icon name="diceskin_icon_194" file="graphics/dice/diceskin_icon_knotsoffate_mysticchroma_converted.webm" />
	<icon name="diceskin_icon_195" file="graphics/dice/diceskin_icon_knotsoffate_vividspring_converted.webm" />
	<icon name="diceskin_icon_196" file="graphics/dice/diceskin_icon_knotsoffate_radiantcoral_converted.webm" />
	<icon name="diceskin_icon_197" file="graphics/dice/diceskin_icon_knotsoffate_sandstoneswirl_converted.webm" />
	<icon name="diceskin_icon_198" file="graphics/dice/diceskin_icon_knotsoffate_luminouslavender_converted.webm" />
	<icon name="diceskin_icon_199" file="graphics/dice/diceskin_icon_knotsoffate_enigmaticseaweed_converted.webm" />
	<icon name="diceskin_icon_200" file="graphics/dice/diceskin_icon_knotsoffate_fx_converted.webm" />
	<icon name="diceskin_icon_201" file="graphics/dice/diceskin_icon_knotsoffate_frostboil_fx_converted.webm" />
	<icon name="diceskin_icon_202" file="graphics/dice/diceskin_icon_knotsoffate_sizzlingamber_fx_converted.webm" />
	<icon name="diceskin_icon_203" file="graphics/dice/diceskin_icon_knotsoffate_aquaticmirage_fx_converted.webm" />
	<icon name="diceskin_icon_204" file="graphics/dice/diceskin_icon_knotsoffate_mysticchroma_fx_converted.webm" />
	<icon name="diceskin_icon_205" file="graphics/dice/diceskin_icon_knotsoffate_vividspring_fx_converted.webm" />
	<icon name="diceskin_icon_206" file="graphics/dice/diceskin_icon_knotsoffate_radiantcoral_fx_converted.webm" />
	<icon name="diceskin_icon_207" file="graphics/dice/diceskin_icon_knotsoffate_sandstoneswirl_fx_converted.webm" />
	<icon name="diceskin_icon_208" file="graphics/dice/diceskin_icon_knotsoffate_luminouslavender_fx_converted.webm" />
	<icon name="diceskin_icon_209" file="graphics/dice/diceskin_icon_knotsoffate_enigmaticseaweed_fx_converted.webm" />
	<icon name="diceskin_icon_210" file="graphics/dice/diceskin_icon_knotsoffate_flamingtapestry_converted.webm" />
	<icon name="diceskin_icon_211" file="graphics/dice/diceskin_icon_knotsoffate_burnishedspice_converted.webm" />
	<icon name="diceskin_icon_212" file="graphics/dice/diceskin_icon_knotsoffate_autumnentwined_converted.webm" />
	<icon name="diceskin_icon_213" file="graphics/dice/diceskin_icon_knotsoffate_harmoniclilac_converted.webm" />
	<icon name="diceskin_icon_214" file="graphics/dice/diceskin_icon_knotsoffate_gildedmint_converted.webm" />
	<icon name="diceskin_icon_215" file="graphics/dice/diceskin_icon_knotsoffate_stainedcopper_converted.webm" />
	<icon name="diceskin_icon_216" file="graphics/dice/diceskin_icon_knotsoffate_crimsonjadevortex_converted.webm" />
	<icon name="diceskin_icon_217" file="graphics/dice/diceskin_icon_knotsoffate_citrusinfusion_converted.webm" />
	<icon name="diceskin_icon_218" file="graphics/dice/diceskin_icon_knotsoffate_gold_converted.webm" />
	<icon name="diceskin_icon_219" file="graphics/dice/diceskin_icon_knotsoffate_rustediron_converted.webm" />
	<icon name="diceskin_icon_220" file="graphics/dice/diceskin_icon_knotsoffate_flamingtapestry_fx_converted.webm" />
	<icon name="diceskin_icon_221" file="graphics/dice/diceskin_icon_knotsoffate_burnishedspice_fx_converted.webm" />
	<icon name="diceskin_icon_222" file="graphics/dice/diceskin_icon_knotsoffate_autumnentwined_fx_converted.webm" />
	<icon name="diceskin_icon_223" file="graphics/dice/diceskin_icon_knotsoffate_harmoniclilac_fx_converted.webm" />
	<icon name="diceskin_icon_224" file="graphics/dice/diceskin_icon_knotsoffate_gildedmint_fx_converted.webm" />
	<icon name="diceskin_icon_225" file="graphics/dice/diceskin_icon_knotsoffate_stainedcopper_fx_converted.webm" />
	<icon name="diceskin_icon_226" file="graphics/dice/diceskin_icon_knotsoffate_crimsonjadevortex_fx_converted.webm" />
	<icon name="diceskin_icon_227" file="graphics/dice/diceskin_icon_knotsoffate_citrusinfusion_fx_converted.webm" />
	<icon name="diceskin_icon_228" file="graphics/dice/diceskin_icon_knotsoffate_gold_fx_converted.webm" />
	<icon name="diceskin_icon_229" file="graphics/dice/diceskin_icon_knotsoffate_rustediron_fx_converted.webm" />

	<icon name="diceskin_icon_230" file="graphics/dice/diceskin_icon_blood_splatter_converted.webm" />
	<icon name="diceskin_icon_231" file="graphics/dice/diceskin_icon_blood_magic_converted.webm" />
	<icon name="diceskin_icon_232" file="graphics/dice/diceskin_icon_blood_magic_splatter_converted.webm" />
	<icon name="diceskin_icon_233" file="graphics/dice/diceskin_icon_blood_impact_converted.webm" />
	<icon name="diceskin_icon_234" file="graphics/dice/diceskin_icon_blood_claw_converted.webm" />
	<icon name="diceskin_icon_235" file="graphics/dice/diceskin_icon_blood_tintable_splatter_converted.webm" />
	<icon name="diceskin_icon_236" file="graphics/dice/diceskin_icon_blood_tintable_magic_converted.webm" />
	<icon name="diceskin_icon_237" file="graphics/dice/diceskin_icon_blood_tintable_magic_splatter_converted.webm" />
	<icon name="diceskin_icon_238" file="graphics/dice/diceskin_icon_blood_tintable_impact_converted.webm" />
	<icon name="diceskin_icon_239" file="graphics/dice/diceskin_icon_blood_tintable_claw_converted.webm" />

	<icon name="diceskin_icon_240" file="graphics/dice/diceskin_icon_clover_converted.webm" />
	<icon name="diceskin_icon_241" file="graphics/dice/diceskin_icon_clover_burst_converted.webm" />
	<icon name="diceskin_icon_242" file="graphics/dice/diceskin_icon_clover_cascade_converted.webm" />
	<icon name="diceskin_icon_243" file="graphics/dice/diceskin_icon_clover_lush_luck_converted.webm" />
	<icon name="diceskin_icon_244" file="graphics/dice/diceskin_icon_clover_red_converted.webm" />
	<icon name="diceskin_icon_245" file="graphics/dice/diceskin_icon_star_converted.webm" />
	<icon name="diceskin_icon_246" file="graphics/dice/diceskin_icon_star_burst_converted.webm" />
	<icon name="diceskin_icon_247" file="graphics/dice/diceskin_icon_star_cascade_converted.webm" />
	<icon name="diceskin_icon_248" file="graphics/dice/diceskin_icon_star_nova_converted.webm" />
	<icon name="diceskin_icon_249" file="graphics/dice/diceskin_icon_star_orange_converted.webm" />
	<icon name="diceskin_icon_250" file="graphics/dice/diceskin_icon_heart_converted.webm" />
	<icon name="diceskin_icon_251" file="graphics/dice/diceskin_icon_heart_burst_converted.webm" />
	<icon name="diceskin_icon_252" file="graphics/dice/diceskin_icon_heart_cascade_converted.webm" />
	<icon name="diceskin_icon_253" file="graphics/dice/diceskin_icon_heart_embers_converted.webm" />
	<icon name="diceskin_icon_254" file="graphics/dice/diceskin_icon_heart_love_explosion_converted.webm" />
	<icon name="diceskin_icon_255" file="graphics/dice/diceskin_icon_skull_toxic_burst_converted.webm" />
	<icon name="diceskin_icon_256" file="graphics/dice/diceskin_icon_skull_toxic_cascade_converted.webm" />
	<icon name="diceskin_icon_257" file="graphics/dice/diceskin_icon_skull_death_abounds_converted.webm" />
	<icon name="diceskin_icon_258" file="graphics/dice/diceskin_icon_skull_red_death_converted.webm" />
	<icon name="diceskin_icon_259" file="graphics/dice/diceskin_icon_skull_nuclear_fallout_converted.webm" />

	<icon name="diceskin_icon_260" file="graphics/dice/diceskin_icon_gravedust_converted.webm" />
	<icon name="diceskin_icon_261" file="graphics/dice/diceskin_icon_unnatural_converted.webm" />
	<icon name="diceskin_icon_262" file="graphics/dice/diceskin_icon_radiant_converted.webm" />
	<icon name="diceskin_icon_263" file="graphics/dice/diceskin_icon_feymarked_seelie_converted.webm" />
	<icon name="diceskin_icon_264" file="graphics/dice/diceskin_icon_feymarked_unseelie_converted.webm" />
	<icon name="diceskin_icon_265" file="graphics/dice/diceskin_icon_constructed_converted.webm" />
	<icon name="diceskin_icon_266" file="graphics/dice/diceskin_icon_sludge_converted.webm" />
	<icon name="diceskin_icon_267" file="graphics/dice/diceskin_icon_all_father_converted.webm" />
	<icon name="diceskin_icon_268" file="graphics/dice/diceskin_icon_flora_converted.webm" />
	<icon name="diceskin_icon_269" file="graphics/dice/diceskin_icon_fauna_converted.webm" />
	<icon name="diceskin_icon_270" file="graphics/dice/diceskin_icon_fiendish_converted.webm" />
	<icon name="diceskin_icon_271" file="graphics/dice/diceskin_icon_gravedust_fx_converted.webm" />
	<icon name="diceskin_icon_272" file="graphics/dice/diceskin_icon_unnatural_fx_converted.webm" />
	<icon name="diceskin_icon_273" file="graphics/dice/diceskin_icon_radiant_fx_converted.webm" />
	<icon name="diceskin_icon_274" file="graphics/dice/diceskin_icon_feymarked_seelie_fx_converted.webm" />
	<icon name="diceskin_icon_275" file="graphics/dice/diceskin_icon_feymarked_unseelie_fx_converted.webm" />
	<icon name="diceskin_icon_276" file="graphics/dice/diceskin_icon_constructed_fx_converted.webm" />
	<icon name="diceskin_icon_277" file="graphics/dice/diceskin_icon_sludge_fx_converted.webm" />
	<icon name="diceskin_icon_278" file="graphics/dice/diceskin_icon_all_father_fx_converted.webm" />
	<icon name="diceskin_icon_279" file="graphics/dice/diceskin_icon_flora_fx_converted.webm" />
	<icon name="diceskin_icon_280" file="graphics/dice/diceskin_icon_fauna_fx_converted.webm" />
	<icon name="diceskin_icon_281" file="graphics/dice/diceskin_icon_fiendish_fx_converted.webm" />

	<icon name="diceskin_icon_282" file="graphics/dice/diceskin_icon_wyrmscale_red_converted.webm" />
	<icon name="diceskin_icon_283" file="graphics/dice/diceskin_icon_wyrmscale_blue_converted.webm" />
	<icon name="diceskin_icon_284" file="graphics/dice/diceskin_icon_wyrmscale_green_converted.webm" />
	<icon name="diceskin_icon_285" file="graphics/dice/diceskin_icon_wyrmscale_black_converted.webm" />
	<icon name="diceskin_icon_286" file="graphics/dice/diceskin_icon_wyrmscale_white_converted.webm" />
	<icon name="diceskin_icon_287" file="graphics/dice/diceskin_icon_wyrmscale_gold_converted.webm" />
	<icon name="diceskin_icon_288" file="graphics/dice/diceskin_icon_wyrmscale_silver_converted.webm" />
	<icon name="diceskin_icon_289" file="graphics/dice/diceskin_icon_wyrmscale_bronze_converted.webm" />
	<icon name="diceskin_icon_290" file="graphics/dice/diceskin_icon_wyrmscale_copper_converted.webm" />
	<icon name="diceskin_icon_291" file="graphics/dice/diceskin_icon_wyrmscale_brass_converted.webm" />
	<icon name="diceskin_icon_292" file="graphics/dice/diceskin_icon_wyrmscale_red_fx_converted.webm" />
	<icon name="diceskin_icon_293" file="graphics/dice/diceskin_icon_wyrmscale_blue_fx_converted.webm" />
	<icon name="diceskin_icon_294" file="graphics/dice/diceskin_icon_wyrmscale_green_fx_converted.webm" />
	<icon name="diceskin_icon_295" file="graphics/dice/diceskin_icon_wyrmscale_black_fx_converted.webm" />
	<icon name="diceskin_icon_296" file="graphics/dice/diceskin_icon_wyrmscale_white_fx_converted.webm" />
	<icon name="diceskin_icon_297" file="graphics/dice/diceskin_icon_wyrmscale_gold_fx_converted.webm" />
	<icon name="diceskin_icon_298" file="graphics/dice/diceskin_icon_wyrmscale_silver_fx_converted.webm" />
	<icon name="diceskin_icon_299" file="graphics/dice/diceskin_icon_wyrmscale_bronze_fx_converted.webm" />
	<icon name="diceskin_icon_300" file="graphics/dice/diceskin_icon_wyrmscale_copper_fx_converted.webm" />
	<icon name="diceskin_icon_301" file="graphics/dice/diceskin_icon_wyrmscale_brass_fx_converted.webm" />

	<icon name="diceskin_icon_302" file="graphics/dice/diceskin_icon_bloodstalker_converted.webm" />
	<icon name="diceskin_icon_303" file="graphics/dice/diceskin_icon_shrouded_converted.webm" />
	<icon name="diceskin_icon_304" file="graphics/dice/diceskin_icon_brains_converted.webm" />
	<icon name="diceskin_icon_305" file="graphics/dice/diceskin_icon_bones_converted.webm" />
	<icon name="diceskin_icon_306" file="graphics/dice/diceskin_icon_moonhowl_converted.webm" />
	<icon name="diceskin_icon_307" file="graphics/dice/diceskin_icon_chitinous_converted.webm" />
	<icon name="diceskin_icon_308" file="graphics/dice/diceskin_icon_scalydoom_converted.webm" />
	<icon name="diceskin_icon_309" file="graphics/dice/diceskin_icon_deathmetal_converted.webm" />
	<icon name="diceskin_icon_310" file="graphics/dice/diceskin_icon_deeplurker_converted.webm" />
	<icon name="diceskin_icon_311" file="graphics/dice/diceskin_icon_avian_converted.webm" />
	<icon name="diceskin_icon_312" file="graphics/dice/diceskin_icon_bloodstalker_fx_converted.webm" />
	<icon name="diceskin_icon_313" file="graphics/dice/diceskin_icon_shrouded_fx_converted.webm" />
	<icon name="diceskin_icon_314" file="graphics/dice/diceskin_icon_brains_fx_converted.webm" />
	<icon name="diceskin_icon_315" file="graphics/dice/diceskin_icon_bones_fx_converted.webm" />
	<icon name="diceskin_icon_316" file="graphics/dice/diceskin_icon_moonhowl_fx_converted.webm" />
	<icon name="diceskin_icon_317" file="graphics/dice/diceskin_icon_chitinous_fx_converted.webm" />
	<icon name="diceskin_icon_318" file="graphics/dice/diceskin_icon_scalydoom_fx_converted.webm" />
	<icon name="diceskin_icon_319" file="graphics/dice/diceskin_icon_deathmetal_fx_converted.webm" />
	<icon name="diceskin_icon_320" file="graphics/dice/diceskin_icon_deeplurker_fx_converted.webm" />
	<icon name="diceskin_icon_321" file="graphics/dice/diceskin_icon_avian_fx_converted.webm" />

	<icon name="diceskin_icon_322" file="graphics/dice/diceskin_icon_fantasy_heroes_barbarian_converted.webm" />
	<icon name="diceskin_icon_323" file="graphics/dice/diceskin_icon_fantasy_heroes_bard_converted.webm" />
	<icon name="diceskin_icon_324" file="graphics/dice/diceskin_icon_fantasy_heroes_cleric_converted.webm" />
	<icon name="diceskin_icon_325" file="graphics/dice/diceskin_icon_fantasy_heroes_druid_converted.webm" />
	<icon name="diceskin_icon_326" file="graphics/dice/diceskin_icon_fantasy_heroes_fighter_converted.webm" />
	<icon name="diceskin_icon_327" file="graphics/dice/diceskin_icon_fantasy_heroes_monk_converted.webm" />
	<icon name="diceskin_icon_328" file="graphics/dice/diceskin_icon_fantasy_heroes_paladin_converted.webm" />
	<icon name="diceskin_icon_329" file="graphics/dice/diceskin_icon_fantasy_heroes_ranger_converted.webm" />
	<icon name="diceskin_icon_330" file="graphics/dice/diceskin_icon_fantasy_heroes_rogue_converted.webm" />
	<icon name="diceskin_icon_331" file="graphics/dice/diceskin_icon_fantasy_heroes_sorcerer_converted.webm" />
	<icon name="diceskin_icon_332" file="graphics/dice/diceskin_icon_fantasy_heroes_warlock_converted.webm" />
	<icon name="diceskin_icon_333" file="graphics/dice/diceskin_icon_fantasy_heroes_wizard_converted.webm" />
	<icon name="diceskin_icon_334" file="graphics/dice/diceskin_icon_fantasy_heroes_barbarian_fx_converted.webm" />
	<icon name="diceskin_icon_335" file="graphics/dice/diceskin_icon_fantasy_heroes_bard_fx_converted.webm" />
	<icon name="diceskin_icon_336" file="graphics/dice/diceskin_icon_fantasy_heroes_cleric_fx_converted.webm" />
	<icon name="diceskin_icon_337" file="graphics/dice/diceskin_icon_fantasy_heroes_druid_fx_converted.webm" />
	<icon name="diceskin_icon_338" file="graphics/dice/diceskin_icon_fantasy_heroes_fighter_fx_converted.webm" />
	<icon name="diceskin_icon_339" file="graphics/dice/diceskin_icon_fantasy_heroes_monk_fx_converted.webm" />
	<icon name="diceskin_icon_340" file="graphics/dice/diceskin_icon_fantasy_heroes_paladin_fx_converted.webm" />
	<icon name="diceskin_icon_341" file="graphics/dice/diceskin_icon_fantasy_heroes_ranger_fx_converted.webm" />
	<icon name="diceskin_icon_342" file="graphics/dice/diceskin_icon_fantasy_heroes_rogue_fx_converted.webm" />
	<icon name="diceskin_icon_343" file="graphics/dice/diceskin_icon_fantasy_heroes_sorcerer_fx_converted.webm" />
	<icon name="diceskin_icon_344" file="graphics/dice/diceskin_icon_fantasy_heroes_warlock_fx_converted.webm" />
	<icon name="diceskin_icon_345" file="graphics/dice/diceskin_icon_fantasy_heroes_wizard_fx_converted.webm" />

	<icon name="diceskin_icon_346" file="graphics/dice/diceskin_icon_dragonqueen.webm" />
	<icon name="diceskin_icon_347" file="graphics/dice/diceskin_icon_dragonqueen_fx.webm" />
	<icon name="diceskin_icon_348" file="graphics/dice/diceskin_icon_bladelord.webm" />
	<icon name="diceskin_icon_349" file="graphics/dice/diceskin_icon_bladelord_fx.webm" />
	<icon name="diceskin_icon_350" file="graphics/dice/diceskin_icon_stormlight.webm" />
	<icon name="diceskin_icon_351" file="graphics/dice/diceskin_icon_stormlight_fx.webm" />

	<icon name="diceskin_icon_352" file="graphics/dice/diceskin_icon_alchemist.webm" />
	<icon name="diceskin_icon_353" file="graphics/dice/diceskin_icon_engineer.webm" />
	<icon name="diceskin_icon_354" file="graphics/dice/diceskin_icon_gunslinger.webm" />
	<icon name="diceskin_icon_355" file="graphics/dice/diceskin_icon_investigator.webm" />
	<icon name="diceskin_icon_356" file="graphics/dice/diceskin_icon_jester.webm" />
	<icon name="diceskin_icon_357" file="graphics/dice/diceskin_icon_ninja.webm" />
	<icon name="diceskin_icon_358" file="graphics/dice/diceskin_icon_psychic.webm" />
	<icon name="diceskin_icon_359" file="graphics/dice/diceskin_icon_samurai.webm" />
	<icon name="diceskin_icon_360" file="graphics/dice/diceskin_icon_swashbuckler.webm" />
	<icon name="diceskin_icon_361" file="graphics/dice/diceskin_icon_witch.webm" />
	<icon name="diceskin_icon_362" file="graphics/dice/diceskin_icon_alchemist_fx.webm" />
	<icon name="diceskin_icon_363" file="graphics/dice/diceskin_icon_engineer_fx.webm" />
	<icon name="diceskin_icon_364" file="graphics/dice/diceskin_icon_gunslinger_fx.webm" />
	<icon name="diceskin_icon_365" file="graphics/dice/diceskin_icon_investigator_fx.webm" />
	<icon name="diceskin_icon_366" file="graphics/dice/diceskin_icon_jester_fx.webm" />
	<icon name="diceskin_icon_367" file="graphics/dice/diceskin_icon_ninja_fx.webm" />
	<icon name="diceskin_icon_368" file="graphics/dice/diceskin_icon_psychic_fx.webm" />
	<icon name="diceskin_icon_369" file="graphics/dice/diceskin_icon_samurai_fx.webm" />
	<icon name="diceskin_icon_370" file="graphics/dice/diceskin_icon_swashbuckler_fx.webm" />
	<icon name="diceskin_icon_371" file="graphics/dice/diceskin_icon_witch_fx.webm" />
</root>
