<?xml version="1.0" encoding="iso-8859-1"?>

<!-- 
  Please see the license.html file included with this distribution for 
  attribution and copyright information.
-->

<root>
	<windowclass name="forge_magicitem">
		<frame>utilitybox</frame>
		<sizelimits>
			<minimum width="600" height="350" />
			<dynamic />
		</sizelimits>
		<script>
			function onDrop(x, y, draginfo)
				return ForgeManagerItem.onDrop(w, draginfo);
			end
		</script>
		<sheetdata>
			<windowtitlebar_utilitybox name="title">
				<resource>forge_item_window_title</resource>
			</windowtitlebar_utilitybox>
			<windowmenubar_utilitybox name="menubar" />

			<anchor_content_utilitybox_top />
			<anchor_content_utilitybox_bottom />

			<sub_content_bottom name="sub_buttons">
				<anchored height="80" />
				<class>forge_magicitem_buttons</class>
			</sub_content_bottom>

			<sub_content_framed_groupbox_left name="sub_items">
				<class>forge_magicitem_items</class>
			</sub_content_framed_groupbox_left>
			<sub_content_framed_groupbox_right name="sub_templates">
				<class>forge_magicitem_templates</class>
			</sub_content_framed_groupbox_right>

			<resize_utilitybox />
		</sheetdata>
	</windowclass>
	<windowclass name="forge_magicitem_buttons">
		<sheetdata>
			<anchor_content_top />
			<anchor_content_bottom />

			<button_text name="forgeclear">
				<anchored to="contentanchor" position="insidetopleft" offset="10,5" width="80" merge="replace">
					<bottom parent="bottomanchor" offset="-5" />
				</anchored>
				<state textres="forge_item_label_clearforge" />
				<script>
					function onButtonPress()
						ForgeManagerItem.reset(WindowManager.getTopWindow(window));
					end
				</script>
			</button_text>
			<button_text name="forgeitem">
				<anchored to="contentanchor" position="insidetopright" offset="10,5" width="120" merge="replace">
					<bottom parent="bottomanchor" offset="-5" />
				</anchored>
				<state textres="forge_item_label_activateforge" />
				<script>
					function onButtonPress()
						ForgeManagerItem.forgeMagicItem(WindowManager.getTopWindow(window));
					end
				</script>
			</button_text>

			<area_content_framed_groupbox name="statusframe">
				<anchored>
					<left parent="forgeclear" anchor="right" offset="20" />
					<right parent="forgeitem" anchor="left" offset="-20" />
				</anchored>
			</area_content_framed_groupbox>
			<button_iconcycler name="statusicon">
				<anchored to="statusframe" position="insidetopleft" offset="0,5" height="40" width="40" />
				<parameters>
					<icons>forge_ok|forge_error</icons>
					<values>ok|error</values>
					<tooltipsres>forge_ok|forge_error</tooltipsres>
					<defaulticon>forge_blank</defaulticon>
				</parameters>
				<disabled />
			</button_iconcycler>
			<stringcontrol name="status">
				<anchored to="statusframe" position="insidetopleft" offset="50,5">
					<right />
				</anchored>
				<font>sheetlabel</font>
				<multilinespacing>20</multilinespacing>
			</stringcontrol>
		</sheetdata>
	</windowclass>
	<windowclass name="forge_magicitem_items">
		<sheetdata>
			<anchor_content_top />
			<anchor_content_bottom />

			<header_content_framed_headersimple name="label_list">
				<static textres="forge_item_label_items" />
			</header_content_framed_headersimple>
			<button_iedit name="list_iedit">
				<anchored to="label_list" position="insidetopright" offset="2,0" />
				<edittarget>list</edittarget>
			</button_iedit>
			<button_iadd name="items_iadd">
				<anchored to="label_list" position="insidetopright" offset="22,0" />
			</button_iadd>
			<area_content name="icon">
				<icon>forge_transicon</icon>
			</area_content>
			<list_content_alternating name="list">
				<datasource>.baseitems</datasource>
				<class>forge_item_entry</class>
				<empty font="list-empty" gmtextres="forge_item_empty_items" />
				<sortby>
					<control>refclass</control>
					<control>name</control>
				</sortby>
				<allowdelete />
				<script>
					function onListChanged()
						ForgeManagerItem.clearStatus(WindowManager.getTopWindow(window));
					end
				</script>
			</list_content_alternating>
			<scrollbar_content_list />
		</sheetdata>
	</windowclass>
	<windowclass name="forge_magicitem_templates">
		<sheetdata>
			<anchor_content_top />
			<anchor_content_bottom />

			<header_content_framed_headersimple name="label_list">
				<static textres="forge_item_label_templates" />
			</header_content_framed_headersimple>
			<button_iedit name="list_iedit">
				<anchored to="label_list" position="insidetopright" offset="2,0" />
				<edittarget>list</edittarget>
			</button_iedit>
			<button_iadd name="items_iadd">
				<anchored to="label_list" position="insidetopright" offset="22,0" />
			</button_iadd>
			<area_content name="icon">
				<icon>forge_transicon</icon>
			</area_content>
			<list_content_alternating name="list">
				<datasource>.templates</datasource>
				<class>forge_itemtemplate_entry</class>
				<empty font="list-empty" gmtextres="forge_item_empty_templates" />
				<sortby>
					<control>refclass</control>
					<control>name</control>
				</sortby>
				<allowdelete />
				<script>
					function onListChanged()
						ForgeManagerItem.clearStatus(WindowManager.getTopWindow(window));
					end
				</script>
			</list_content_alternating>
			<scrollbar_content_list />
		</sheetdata>
	</windowclass>

	<windowclass name="forge_item_entry">
		<margins control="0,0,0,2" />
		<script>
			function onInit()
				self.updateItemTypeIcon();
			end
			function updateItemTypeIcon()
				itemtype.setValue(ForgeManagerItem.getDisplayType(getDatabaseNode()));
			end
		</script>
		<sheetdata>
			<hs name="rarity">
				<script>
					function onValueChanged()
						window.updateItemTypeIcon();
					end
				</script>
			</hs>
			<hs name="type">
				<script>
					function onValueChanged()
						window.updateItemTypeIcon();
					end
				</script>
			</hs>

			<anchor_listitem_left_sm />
			<anchor_listitem_right_sm />

			<button_listitem_idelete_left name="idelete">
				<editmode>list_iedit</editmode>
			</button_listitem_idelete_left>
			<link_listitem_left name="link">
				<class>item</class>
			</link_listitem_left>
			<button_forgeitemtype name="itemtype"/>

			<string_listitem_center_noframe_static_linked name="name">
				<empty textres="library_recordtype_empty_item" />
			</string_listitem_center_noframe_static_linked>
		</sheetdata>
	</windowclass>	
	<windowclass name="forge_itemtemplate_entry">
		<margins control="0,0,0,2" />
		<script>
			function onInit()
				self.updateItemTypeIcon();
			end
			function updateItemTypeIcon()
				itemtype.setValue(ForgeManagerItem.getDisplayType(getDatabaseNode()));
			end
		</script>
		<sheetdata>
			<hs name="rarity">
				<script>
					function onValueChanged()
						window.updateItemTypeIcon();
					end
				</script>
			</hs>
			<hs name="type">
				<script>
					function onValueChanged()
						window.updateItemTypeIcon();
					end
				</script>
			</hs>

			<anchor_listitem_left_sm />
			<anchor_listitem_right_sm />

			<button_listitem_idelete_left name="idelete">
				<editmode>list_iedit</editmode>
			</button_listitem_idelete_left>
			<link_listitem_left name="link">
				<class>itemtemplate</class>
			</link_listitem_left>
			<button_forgeitemtype name="itemtype"/>

			<string_listitem_center_noframe_static_linked name="name">
				<empty textres="library_recordtype_empty_item" />
			</string_listitem_center_noframe_static_linked>
		</sheetdata>
	</windowclass>
</root>
