<?xml version="1.0" encoding="iso-8859-1"?>

<!-- 
  Please see the license.html file included with this distribution for 
  attribution and copyright information.
-->

<root>
	<template name="button_forgeitemtype">
		<iconcycler_listitem_left name="itemtype">
			<disabled />
			<parameters>
				<icons>forge_item_armor|forge_item_mount|forge_item_tool|forge_item_vehicle|forge_item_weapon|forge_magicitem_armor|forge_magicitem_potion|forge_magicitem_ring|forge_magicitem_rod|forge_magicitem_scroll|forge_magicitem_staff|forge_magicitem_wand|forge_magicitem_weapon|forge_magicitem_wondrousitem|forge_magicspell</icons>
				<values>armor|mount|tool|vehicle|weapon|marmor|mpotion|mring|mrod|mscroll|mstaff|mwand|mweapon|mwondrousitem|mspell</values>
				<tooltipsres>forge_item_armor|forge_item_mount|forge_item_tool|forge_item_vehicle|forge_item_weapon|forge_magicitem_armor|forge_magicitem_potion|forge_magicitem_ring|forge_magicitem_rod|forge_magicitem_scroll|forge_magicitem_staff|forge_magicitem_wand|forge_magicitem_weapon|forge_magicitem_wondrousitem|forge_magicspell</tooltipsres>
				<defaulticon>forge_item_advgear</defaulticon>
				<defaulttooltipres>forge_item_advgear</defaulttooltipres>
			</parameters>
		</iconcycler_listitem_left>
	</template>
</root>
