<?xml version="1.0" encoding="iso-8859-1"?>

<!--
  Please see the license.html file included with this distribution for
  attribution and copyright information.
-->

<root>
	<!-- Section - Targeting -->
	<windowclass name="ct_section_targets">
		<sheetdata>
			<icon_ct_section name="icon_section">
				<icon>button_section_targeting_down</icon>
			</icon_ct_section>

			<anchor_ct_section name="anchor_section" />

			<list_ct_section_targets name="targets" />
			<buttoncontrol name="targeting_add_button">
				<anchored to="targets" position="righthigh" offset="5,2" width="20" height="20" />
				<icon normal="button_targeting" pressed="button_targeting_down" />
				<tooltip textres="ct_tooltip_dragtarget" />
				<script>
					function onInit()
						registerMenuItem(Interface.getString("ct_menu_targeting"), "goto", 4);
						registerMenuItem(Interface.getString("ct_menu_targetingfriend"), "factionfriend", 4, 3);
						registerMenuItem(Interface.getString("ct_menu_targetingnonfriend"), "factionenemy", 4, 5);
					end

					function onDragStart(button, x, y, draginfo)
						local nodeWin = window.getDatabaseNode();
						if not nodeWin then
							return false;
						end
						draginfo.setType("targeting");
						draginfo.setIcon("drag_targeting");
						draginfo.setShortcutData(window.getClass(), DB.getPath(nodeWin));
						return true;
					end

					function onMenuSelection(selection, subselection)
						if selection == 4 then
							if subselection == 3 then
								TargetingManager.setCTFactionTargets(window.getDatabaseNode());
							elseif subselection == 5 then
								TargetingManager.setCTFactionTargets(window.getDatabaseNode(), true);
							end
						end
					end
				</script>
			</buttoncontrol>
			<buttoncontrol name="targeting_clear_button">
				<anchored to="targets" position="righthigh" offset="30,2" width="20" height="20" />
				<icon normal="button_clear" pressed="button_clear_down" />
				<tooltip textres="ct_tooltip_cleartarget" />
				<script>
					function onButtonPress()
						TargetingManager.clearCTTargets(window.getDatabaseNode());
					end
				</script>
			</buttoncontrol>

			<frame_ct_section name="frame_section">
				<anchored>
					<left parent="icon_section" anchor="right" offset="0" />
					<bottom parent="targets" offset="10" />
				</anchored>
			</frame_ct_section>
		</sheetdata>
	</windowclass>
	<windowclass name="ct_target">
		<margins control="0,0,3,2" />
		<script file="ct/scripts/ct_target.lua" />
		<sheetdata>
			<hs name="noderef">
				<script>
					function onValueChanged()
						window.onRefChanged();
					end
				</script>
			</hs>

			<tokencontrol name="token">
				<bounds>3,2,20,20</bounds>
				<empty>token_empty</empty>
				<disable />
				<tooltip nodelay="true" />
				<script>
					function onClickDown(button, x, y)
						return true;
					end

					function onClickRelease(button, x, y)
						window.removeTarget();
						return true;
					end
				</script>
			</tokencontrol>
		</sheetdata>
	</windowclass>

	<!-- Section - Space -->
	<windowclass name="ct_section_space">
		<sheetdata>
			<icon_ct_section name="icon_section">
				<icon>button_space_down</icon>
			</icon_ct_section>

			<anchor_ct_section name="anchor_section" />

			<label name="spacelabel">
				<anchored to="anchor_section" position="insidetopleft" offset="5,10"/>
				<static textres="ct_label_space_size" />
			</label>
			<number_ct_section_space_size name="space">
				<anchored to="spacelabel" position="righthigh" offset="10,0" />
			</number_ct_section_space_size>

			<label name="reachlabel">
				<anchored to="space" position="righthigh" offset="15,0"/>
				<static textres="ct_label_space_reach" />
			</label>
			<number_ct_section_space_reach name="reach">
				<anchored to="reachlabel" position="righthigh" offset="10,0" />
			</number_ct_section_space_reach>

			<genericcontrol name="spacer">
				<anchored to="anchor_section" height="30">
					<top anchor="bottom" relation="relative" />
					<left />
					<right />
				</anchored>
				<disabled />
			</genericcontrol>

			<frame_ct_section name="frame_section">
				<anchored>
					<left parent="icon_section" anchor="right" offset="0" />
					<bottom parent="spacer" offset="10" />
				</anchored>
			</frame_ct_section>
		</sheetdata>
	</windowclass>

	<!-- Section - Effects -->
	<windowclass name="ct_section_effects">
		<sheetdata>
			<icon_ct_section name="icon_section">
				<icon>button_effect_down</icon>
			</icon_ct_section>

			<anchor_ct_section name="anchor_section" />

			<list_ct_section_effects name="effects" />
			<button_ct_section_effect_iadd name="effects_iadd" />

			<frame_ct_section name="frame_section">
				<anchored>
					<left parent="icon_section" anchor="right" offset="0" />
					<bottom parent="effects_iadd" offset="10" />
				</anchored>
			</frame_ct_section>
		</sheetdata>
	</windowclass>
	<windowclass name="ct_effect">
		<margins control="0,0,0,2" />
		<script file="ct/scripts/ct_effect.lua" />
		<sheetdata>
			<base_ct_effect name="base" />

			<anchor_ct_effect_left name="leftanchor" />
			<button_ct_effect_isactive name="isactive" />
			<button_ct_effect_isgmonly name="isgmonly" />

			<anchor_ct_effect_right name="rightanchor" />
			<button_ct_effect_idelete name="idelete" />
			<button_ct_effect_targetadd name="targeting_add_button" />
			<number_ct_effect_init name="init" />
			<number_ct_effect_duration name="duration" />

			<string_ct_effect name="label" />

			<hs_ct_effect_source name="source_name" />
			<string_ct_effect_source name="source" />
			<string_ct_effect_targets name="target_summary" />
		</sheetdata>
	</windowclass>
</root>
