<?xml version="1.0" encoding="iso-8859-1"?>

<!--
  Please see the license.html file included with this distribution for
  attribution and copyright information.
-->

<root>
	<!-- General combat tracker window -->
	<template name="list_ctbox_base">
		<list_content name="list">
			<anchored>
				<top offset="10" />
				<left offset="5" />
				<right offset="-5" />
				<bottom offset="-10" />
			</anchored>
			<datasource>.list</datasource>
		</list_content>
	</template>

	<template name="anchor_ct_header_left">
		<genericcontrol name="labelleftanchor">
			<anchored position="insidetopleft" offset="0,2" height="20" width="0" />
		</genericcontrol>
	</template>
	<template name="anchor_ct_header_right">
		<genericcontrol name="labelrightanchor">
			<anchored position="insidetopright" offset="0,2" height="20" width="0" />
		</genericcontrol>
	</template>
	<template name="spacer_ct_header_active">
		<spacer_list_content_label_left name="spacer_header_active">
			<anchored width="20" />
		</spacer_list_content_label_left>
	</template>
	<template name="spacer_ct_header_token">
		<spacer_list_content_label_left name="spacer_header_token">
			<anchored width="40" />
		</spacer_list_content_label_left>
	</template>
	<template name="spacer_ct_header_right">
		<spacer_list_content_label_right />
	</template>
	<template name="label_ct_header_left">
		<label>
			<anchored to="labelleftanchor" position="insidetopright" width="30">
				<top />
				<left anchor="right" relation="relative" offset="-10" />
			</anchored>
			<center />
			<underline />
		</label>
	</template>
	<template name="label_ct_header_right">
		<label>
			<anchored to="labelrightanchor" position="insidetopright" width="30">
				<top />
				<right anchor="left" relation="relative" offset="-10" />
			</anchored>
			<center />
			<underline />
		</label>
	</template>
	<template name="label_ct_header_initresult">
		<label_list_content_number_right>
			<anchored width="30">
				<right offset="-15" />
			</anchored>
			<static textres="ct_label_init" />
		</label_list_content_number_right>
	</template>
	<template name="label_ct_header_name_v2">
		<label_list_content_noframe>
			<static textres="ct_label_name" />
		</label_list_content_noframe>
	</template>

	<template name="anchor_ct_controls_left">
		<anchor_listitem_left_sm>
			<anchored height="20" />
		</anchor_listitem_left_sm>
	</template>
	<template name="anchor_ct_controls_right">
		<anchor_listitem_right_sm>
			<anchored height="20" />
		</anchor_listitem_right_sm>
	</template>
	<template name="button_ct_controls_nextturn">
		<buttoncontrol>
			<anchored to="leftanchor" width="25" height="20">
				<top />
				<left relation="relative" offset="5" postoffset="5" />
			</anchored>
			<icon normal="button_ctnextactor" pressed="button_ctnextactor_down" />
			<tooltip textres="ct_tooltip_nextactor" />
			<script>
				function onButtonPress()
					CombatManager.nextTurn();
				end
				function onDragStart(button, x, y, draginfo)
					draginfo.setType("combattrackernextactor");
					draginfo.setIcon("button_ctnextactor");
					return true;
				end
			</script>
		</buttoncontrol>
	</template>
	<template name="number_ct_controls_rounds">
		<number_listitem_right name="round">
			<gmeditonly />
		</number_listitem_right>
	</template>
	<template name="label_ct_controls_rounds">
		<label_listitem_right>
			<static textres="ct_label_round" />
		</label_listitem_right>
	</template>
	<template name="area_ct_controls_center">
		<genericcontrol name="area_center">
			<anchored to="leftanchor" height="20">
				<top />
				<left relation="current" />
				<right parent="rightanchor" relation="current" />
			</anchored>
			<disabled />
		</genericcontrol>
	</template>

	<!-- GM combat tracker window -->
	<template name="list_ct_host">
		<list_ctbox_base>
			<class>ct_entry</class>
			<empty font="list-empty-ct" textres="ct_emptylist" />
			<allowcreate />
			<script file="ct/scripts/ct.lua" />
		</list_ctbox_base>
	</template>

	<template name="sub_ct_header_host">
		<sub_content_framed_groupbox_narrow_top name="sub_header">
			<class>sub_ct_header_host</class>
		</sub_content_framed_groupbox_narrow_top>
	</template>
	<template name="button_ct_header_visibility">
		<buttonc_listitem_icon_simple_base name="button_global_visibility">
			<anchored to="spacer_header_token" position="insidetopleft" offset="5,0" width="20" height="20" />
			<state icon="button_toolbar_visibility_off" tooltipres="ct_tooltip_shownpcallon" merge="add" />
			<state icon="button_toolbar_visibility_on" tooltipres="ct_tooltip_shownpcalloff" merge="add" />
			<script>
				function onValueChanged()
					WindowManager.getTopWindow(window).list.toggleVisibility();
				end
			</script>
		</buttonc_listitem_icon_simple_base>
	</template>
	<template name="spacer_ct_header_buttons_host">
		<spacer_ct_header_right name="spacer_buttons_header">
			<anchored width="105" />
		</spacer_ct_header_right>
	</template>

	<template name="sub_ct_controls_host">
		<sub_content_framed_groupbox_narrow_bottom name="sub_controls">
			<class>sub_ct_controls_host</class>
		</sub_content_framed_groupbox_narrow_bottom>
	</template>
	<template name="button_ct_controls_setactive">
		<genericcontrol>
			<anchored to="leftanchor" width="20" height="20">
				<top />
				<left relation="relative" offset="0" postoffset="0" />
			</anchored>
			<activeicon>ct_active</activeicon>
			<cursor hover="hand" />
			<script>
				function onInit()
					widget = addBitmapWidget({ icon = activeicon[1], w = 20, h = 20 });
				end
				function onDragStart(button, x, y, draginfo)
					draginfo.setType("combattrackeractivation");
					draginfo.setIcon(activeicon[1]);
					widget.setVisible(false);
					return true;
				end
				function onDragEnd(draginfo)
					widget.setVisible(true);
				end
			</script>
		</genericcontrol>
	</template>
	<template name="button_ct_controls_menu">
		<button_listitem_text_left_sm>
			<anchored width="50" />
			<state textres="ct_label_menu" />
			<script file="ct/scripts/ct_menu.lua" />
		</button_listitem_text_left_sm>
	</template>
	<template name="button_ct_controls_nextround">
		<buttoncontrol>
			<anchored to="rightanchor" width="25" height="20">
				<top />
				<right relation="relative" offset="0" postoffset="0" />
			</anchored>
			<allowmulti />
			<icon normal="button_ctnextround" pressed="button_ctnextround_down" />
			<tooltip textres="ct_tooltip_nextround" />
			<script>
				function onInit()
					if allowmulti then
						registerMenuItem(Interface.getString("ct_menu_round5"), "num5", 4);
						registerMenuItem(Interface.getString("ct_menu_round10"), "num10", 5);
						registerMenuItem(Interface.getString("ct_menu_round15"), "num15", 6);
						registerMenuItem(Interface.getString("ct_menu_round20"), "num20", 7);
					end
				end
				function onMenuSelection(selection)
					if selection == 4 then
						CombatManager.nextRound(5);
					elseif selection == 5 then
						CombatManager.nextRound(10);
					elseif selection == 6 then
						CombatManager.nextRound(15);
					elseif selection == 7 then
						CombatManager.nextRound(20);
					end
				end
				function onButtonPress()
					CombatManager.nextRound(1);
				end
				function onDragStart(button, x, y, draginfo)
					draginfo.setType("combattrackernextround");
					draginfo.setIcon("button_ctnextround");
					return true;
				end
			</script>
		</buttoncontrol>
	</template>

	<template name="button_ct_controls_faction">
		<genericcontrol>
			<anchored width="20" height="20" />
			<cursor hover="hand" />
			<script>
				function onDragStart(button, x, y, draginfo)
					draginfo.setType("combattrackerff");
					draginfo.setIcon(icon[1]);
					draginfo.setStringData(value[1]);

					return true;
				end
			</script>
		</genericcontrol>
	</template>
	<template name="button_ct_controls_faction_friend">
		<button_ct_controls_faction>
			<anchored to="area_center">
				<top />
				<right anchor="center" offset="-15" />
			</anchored>
			<icon>ct_faction_friend</icon>
			<value>friend</value>
			<tooltip textres="ct_tooltip_factionfriend" />
		</button_ct_controls_faction>
	</template>
	<template name="button_ct_controls_faction_neutral">
		<button_ct_controls_faction>
			<anchored to="area_center">
				<top />
				<left anchor="center" offset="-10" />
			</anchored>
			<icon>ct_faction_neutral</icon>
			<value>neutral</value>
			<tooltip textres="ct_tooltip_factionneutral" />
		</button_ct_controls_faction>
	</template>
	<template name="button_ct_controls_faction_foe">
		<button_ct_controls_faction>
			<anchored to="area_center">
				<top />
				<left anchor="center" offset="15" />
			</anchored>
			<icon>ct_faction_foe</icon>
			<value>foe</value>
			<tooltip textres="ct_tooltip_factionfoe" />
		</button_ct_controls_faction>
	</template>

	<!-- Player combat tracker window -->
	<template name="list_ct_client">
		<list_ctbox_base>
			<class>client_ct_entry</class>
			<script file="ct/scripts/clientct.lua" />
		</list_ctbox_base>
	</template>

	<template name="sub_ct_header_client">
		<sub_content_framed_groupbox_narrow_top name="sub_header">
			<class>sub_ct_header_client</class>
		</sub_content_framed_groupbox_narrow_top>
	</template>
	<template name="spacer_ct_header_buttons_client">
		<spacer_ct_header_right name="spacer_buttons_header">
			<anchored width="40" />
		</spacer_ct_header_right>
	</template>

	<template name="sub_ct_controls_client">
		<sub_content_framed_groupbox_narrow_bottom name="sub_controls">
			<class>sub_ct_controls_client</class>
		</sub_content_framed_groupbox_narrow_bottom>
	</template>

	<!-- Effects Targeting -->
	<template name="string_ct_summary">
		<stringcontrol>
			<anchored>
				<top parent="active_spacer_top" anchor="bottom" relation="relative" offset="4" />
				<left offset="68" />
				<right offset="-10" />
			</anchored>
			<multilinespacing>16</multilinespacing>
			<font>sheettext</font>
			<static />
			<nodrag />
			<invisible />
		</stringcontrol>
	</template>
	<template name="string_ctentry_targets">
		<string_ct_summary>
			<script file="ct/scripts/ct_target_summary.lua" />
		</string_ct_summary>
	</template>
</root>
