<?xml version="1.0" encoding="iso-8859-1"?>

<!--
  Please see the license.html file included with this distribution for
  attribution and copyright information.
-->

<root>
	<!-- Header Window Templates -->
	<windowclass name="record_header">
		<margins control="0,0,0,5" />
		<script file="common/scripts/record_header.lua" />
		<sheetdata>
			<anchor_content_record_header_top />
			<anchor_content_record_header_left />
			<anchor_content_record_header_right />
			<icon_record_header_type name="recordtype" />
			<string_record_header_name name="name" />
		</sheetdata>
	</windowclass>
	<windowclass name="record_header_token" copy="record_header">
		<sheetdata>
			<icon_record_header_token name="token" />
		</sheetdata>
	</windowclass>
	<windowclass name="record_header_id" copy="record_header" />
	<windowclass name="record_header_id_token" copy="record_header_token" />

	<windowclass name="record_header_story">
		<margins control="0,0,0,5" />
		<script file="common/scripts/record_header.lua" />
		<sheetdata>
			<anchor_content_record_header_top />
			<anchor_content_record_header_left />
			<anchor_content_record_header_right />
			<icon_record_header_type name="recordtype" />
			<string_record_header_name_story name="name" />
		</sheetdata>
	</windowclass>

	<!-- Templates -->
	<template name="anchor_content_record_header_top">
		<genericcontrol name="contentanchor">
			<anchored height="0">
				<top offset="0" />
				<left offset="0" />
				<right offset="0" />
			</anchored>
			<disabled />
		</genericcontrol>
	</template>
	<template name="anchor_content_record_header_left">
		<anchor_listitem_left_relative>
			<anchored>
				<top offset="5" />
			</anchored>
		</anchor_listitem_left_relative>
	</template>
	<template name="anchor_content_record_header_right">
		<anchor_listitem_right_relative>
			<anchored>
				<top offset="5" />
			</anchored>
		</anchor_listitem_right_relative>
	</template>

	<template name="icon_record_header_base">
		<genericcontrol>
			<anchored to="leftanchor" width="20" height="20">
				<top offset="4" />
				<left relation="relative" offset="5" postoffset="5" />
			</anchored>
			<frame name="fieldlight" offset="5,5,5,5" />
		</genericcontrol>
	</template>
	<template name="icon_record_header_type">
		<icon_record_header_base>
			<invisible />
			<script>
				function onInit()
					self.updateDisplay();
				end
				function updateDisplay()
					local sRecordType = WindowManager.getRecordType(window);
					if sRecordType ~= "" then
						local sIcon = "sidebar_icon_recordtype_" .. sRecordType;
						if Interface.isIcon(sIcon) then
							setIcon(sIcon);
						else
							setIcon("sidebar_icon_default");
						end
						local sFont = string.format("%s_header", WindowManager.getTopWindow(window).getFrame());
						if not Interface.isFont(sFont) then
							sFont = "recordsheet_header";
						end
						setColor(Interface.getFontColor(sFont));
						setTooltipText(RecordDataManager.getRecordTypeDisplayTextSingle(sRecordType));
						setVisible(true);
					else
						setVisible(false);
					end
				end
			</script>
		</icon_record_header_base>
	</template>
	<template name="string_record_header_name">
		<string_content_base>
			<anchored>
				<left parent="leftanchor" relation="relative" offset="10" postoffset="10" />
				<right parent="rightanchor" relation="relative" offset="-10" postoffset="-10" />
				<top relation="relative" offset="5" postoffset="5" />
			</anchored>
			<font>recordsheet_header</font>
			<multilinespacing>28</multilinespacing>
			<nodrag />
			<delaykeyupdate />
			<script>
				function onValueChanged()
					WindowManager.callOuterWindowFunction(window, "onNameUpdated");
				end
			</script>
		</string_content_base>
	</template>
	<template name="string_record_header_name_nonid">
		<string_record_header_name />
	</template>
	<template name="string_record_header_name_image">
		<string_record_header_name>
			<anchored height="28">
				<top relation="current" offset="5" />
			</anchored>
			<font>imagebox_header</font>
			<multilinespacing merge="delete" />
		</string_record_header_name>
	</template>
	<template name="string_record_header_name_nonid_image">
		<string_record_header_name_image />
	</template>
	<template name="string_record_header_name_story">
		<string_record_header_name>
			<font>storybox_header</font>
			<multilinespacing>28</multilinespacing>
		</string_record_header_name>
	</template>
	<template name="icon_record_header_token">
		<picture_record name="token" insertbefore="name">
			<anchored to="rightanchor">
				<top />
				<right relation="relative" offset="-2" postoffset="-2" />
			</anchored>
		</picture_record>
	</template>
	<template name="icon_record_header_picture">
		<picture_record name="picture" insertbefore="name">
			<anchored to="leftanchor">
				<top />
				<left relation="relative" offset="2" postoffset="2" />
			</anchored>
		</picture_record>
	</template>
	<template name="icon_record_header_customdie">
		<genericcontrol name="customdie" insertbefore="name">
			<anchored to="rightanchor" width="28" height="28">
				<top />
				<right relation="relative" offset="-5" postoffset="-5" />
			</anchored>
			<invisible />
			<script file="common/scripts/record_header_customdie.lua" />
		</genericcontrol>
	</template>
	<template name="area_content_record_header_details">
		<area_content_top name="area_details">
			<anchored height="20">
				<top offset="5" />
				<left offset="30" />
			</anchored>
		</area_content_top>
	</template>
	<template name="string_record_header_labeled_right">
		<string_labeled>
			<anchored to="rightanchor" width="120" height="30">
				<top offset="5" />
				<right relation="relative" offset="-5" postoffset="-5" />
			</anchored>
			<font>recordsheet_header</font>
		</string_labeled>
	</template>
	<template name="number_record_header_labeled_right">
		<number_labeled>
			<anchored to="rightanchor" width="50" height="30">
				<top offset="5" />
				<right relation="relative" offset="-5" postoffset="-5" />
			</anchored>
			<font>recordsheet_header</font>
		</number_labeled>
	</template>

	<template name="linkc_record_header">
		<linkcontrol>
			<anchored to="leftanchor" width="20" height="20">
				<top offset="4" />
				<left relation="relative" offset="2" postoffset="2" />
			</anchored>
			<readonly />
		</linkcontrol>
	</template>
	<template name="toolbar_toggle_header_right">
		<toolbar_toggle_right>
			<anchored>
				<top offset="4" />
			</anchored>
			<initbyname />
		</toolbar_toggle_right>
	</template>
	<template name="toolbar_field_header_right">
		<toolbar_field_right>
			<anchored>
				<top offset="4" />
			</anchored>
			<initbyname />
		</toolbar_field_right>
	</template>
	<template name="toolbar_action_header_right">
		<toolbar_action_right>
			<anchored>
				<top offset="4" />
			</anchored>
			<initbyname />
		</toolbar_action_right>
	</template>

	<template name="sub_record_header_nonid_edit">
		<sub_content_column_hidden name="sub_nonid_edit">
			<class>record_header_sub_nonid_edit</class>
		</sub_content_column_hidden>
	</template>
	<template name="icon_record_header_nonid">
		<icon_record_header_base name="nonid_icon">
			<anchored>
				<top offset="0" />
			</anchored>
			<icon>button_toolbar_id_false</icon>
			<tooltip textres="library_recordtype_empty_nonid" />
			<script>
				function onInit()
					setColor(UtilityManager.getControlFontColor(window, "name"));
				end
			</script>
		</icon_record_header_base>
	</template>
	<template name="string_record_header_nonid_name_edit">
		<string_listitem_center>
			<nodrag />
			<delaykeyupdate />
			<script>
				function onValueChanged()
					WindowManager.callOuterWindowFunction(window, "onNameUpdated");
				end
			</script>
		</string_listitem_center>
	</template>
	<windowclass name="record_header_sub_nonid_edit">
		<margins control="0,0,0,2" />
		<script>
			function onInit()
				self.onLockModeChanged(WindowManager.getWindowReadOnlyState(self));
			end
			function onLockModeChanged(bReadOnly)
				WindowManager.callSafeControlsSetLockMode(self, { "nonid_name", }, bReadOnly);
			end
		</script>
		<sheetdata>
			<anchor_listitem_left_sm />
			<anchor_listitem_right_sm />

			<icon_record_header_nonid name="nonid_icon" />
			<string_record_header_nonid_name_edit name="nonid_name" />
		</sheetdata>
	</windowclass>
</root>
