<?xml version="1.0" encoding="iso-8859-1"?>

<!--
	Please see the license.html file included with this distribution for
	attribution and copyright information.
-->

<root>
	<!-- Window Menu -->
	<template name="windowmenubar">
		<subwindow>
			<anchored position="insidetop" />
			<class>windowmenubar</class>
			<activate />
		</subwindow>
	</template>
	<windowclass name="windowmenubar">
		<script>
			function onInit()
				WindowMenuManager.populate(self);
			end
		</script>
		<sheetdata>
			<toolbar_anchor_left />
			<toolbar_anchor_right />
		</sheetdata>
	</windowclass>

	<!-- Window resize handle template -->
	<template name="resize">
		<genericcontrol name="resize">
			<anchored height="18" width="18">
				<right />
				<bottom />
			</anchored>
			<icon>window_resize</icon>
			<disabled />
		</genericcontrol>
	</template>
</root>
