<?xml version="1.0" encoding="iso-8859-1"?>

<!--
  Please see the license.html file included with this distribution for
  attribution and copyright information.
-->

<root>
	<!-- Hidden fields -->
	<template name="hn">
		<numberfield>
			<bounds>0,0,0,0</bounds>
			<invisible />
		</numberfield>
	</template>
	<template name="hnc">
		<numbercontrol>
			<bounds>0,0,0,0</bounds>
			<invisible />
		</numbercontrol>
	</template>
	<template name="hs">
		<stringfield>
			<bounds>0,0,0,0</bounds>
			<invisible />
		</stringfield>
	</template>
	<template name="hsc">
		<stringcontrol>
			<bounds>0,0,0,0</bounds>
			<invisible />
		</stringcontrol>
	</template>
	<template name="hlink">
		<windowreferencefield>
			<bounds>0,0,0,0</bounds>
			<invisible />
		</windowreferencefield>
	</template>
	<template name="hlinkc">
		<windowreferencecontrol>
			<bounds>0,0,0,0</bounds>
			<invisible />
		</windowreferencecontrol>
	</template>
	<template name="hnx">
		<numberfield>
			<bounds>0,0,0,0</bounds>
			<invisible />
			<script file="common/scripts/number_crosslink.lua" />
		</numberfield>
	</template>
	<template name="hsx">
		<stringfield>
			<bounds>0,0,0,0</bounds>
			<invisible />
			<script file="common/scripts/string_crosslink.lua" />
		</stringfield>
	</template>
	<template name="htx">
		<tokenfield>
			<bounds>0,0,0,0</bounds>
			<invisible />
			<script file="common/scripts/token_crosslink.lua" />
		</tokenfield>
	</template>
	<template name="hsm">
		<stringfield>
			<bounds>0,0,0,0</bounds>
			<invisible />
			<script file="common/scripts/string_multilink.lua" />
		</stringfield>
	</template>

	<template name="label">
		<stringcontrol>
			<anchored height="20" />
			<font>sheetlabel</font>
			<nodrag />
			<readonly />
		</stringcontrol>
	</template>
	<template name="label_frametop">
		<label>
			<anchored position="insidetop" offset="0,10" />
			<center />
		</label>
	</template>
	<template name="label_fieldtop">
		<stringcontrol>
			<anchored position="above" offset="5,1" />
			<font>sheetlabelmini</font>
			<center />
		</stringcontrol>
	</template>
	<template name="label_fieldbottom">
		<stringcontrol>
			<anchored position="below" offset="5,1" />
			<font>sheetlabelmini</font>
			<center />
		</stringcontrol>
	</template>

	<template name="simplestring">
		<stringfield>
			<droptypes>
				<type>string</type>
			</droptypes>
			<font>sheettext</font>
		</stringfield>
	</template>
	<template name="simplestringc">
		<stringcontrol>
			<font>sheettext</font>
		</stringcontrol>
	</template>
	<template name="basicstring">
		<simplestring>
			<frame mergerule="replace" name="fielddark" offset="7,5,7,5" hidereadonly="true" />
			<stateframe>
				<keyedit name="fieldfocus" offset="7,5,7,5" />
				<hover name="fieldfocus" offset="7,5,7,5" hidereadonly="true" />
				<drophilight name="fieldfocus" offset="7,5,7,5" hidereadonly="true" />
			</stateframe>
		</simplestring>
	</template>
	<template name="basicstringc">
		<simplestringc>
			<frame mergerule="replace" name="fielddark" offset="7,5,7,5" hidereadonly="true" />
			<stateframe>
				<keyedit name="fieldfocus" offset="7,5,7,5" />
				<hover name="fieldfocus" offset="7,5,7,5" hidereadonly="true" />
				<drophilight name="fieldfocus" offset="7,5,7,5" hidereadonly="true" />
			</stateframe>
		</simplestringc>
	</template>
	<template name="string_static">
		<simplestring>
			<frame name="fieldlight" offset="7,5,7,5" />
			<readonly />
		</simplestring>
	</template>
	<template name="stringc_static">
		<simplestringc>
			<frame name="fieldlight" offset="7,5,7,5" />
			<readonly />
		</simplestringc>
	</template>
	<template name="string_noframe_static">
		<simplestring>
			<readonly />
		</simplestring>
	</template>
	<template name="stringc_noframe_static">
		<simplestringc>
			<readonly />
		</simplestringc>
	</template>
	<template name="stringu">
		<stringfield>
			<font>sheettext</font>
			<controlline />
		</stringfield>
	</template>
	<template name="stringcu">
		<stringcontrol>
			<font>sheettext</font>
			<controlline />
		</stringcontrol>
	</template>

	<template name="number">
		<numberfield>
			<script file="common/scripts/number.lua" />
		</numberfield>
	</template>
	<template name="numberc">
		<numbercontrol>
			<script file="common/scripts/number.lua" />
		</numbercontrol>
	</template>
	<template name="simplenumber">
		<number>
			<droptypes>
				<type>number</type>
			</droptypes>
			<font>sheetnumber</font>
		</number>
	</template>
	<template name="simplenumberc">
		<numberc>
			<droptypes>
				<type>number</type>
			</droptypes>
			<font>sheetnumber</font>
		</numberc>
	</template>
	<template name="basicnumber">
		<simplenumber>
			<frame mergerule="replace" name="fielddark" offset="7,5,7,5" />
			<stateframe>
				<keyedit name="fieldfocus" offset="7,5,7,5" />
				<hover name="fieldfocus" offset="7,5,7,5" hidereadonly="true" />
				<drophilight name="fieldfocus" offset="7,5,7,5" hidereadonly="true" />
			</stateframe>
		</simplenumber>
	</template>
	<template name="basicnumberc">
		<simplenumberc>
			<frame mergerule="replace" name="fielddark" offset="7,5,7,5" />
			<stateframe>
				<keyedit name="fieldfocus" offset="7,5,7,5" />
				<hover name="fieldfocus" offset="7,5,7,5" hidereadonly="true" />
				<drophilight name="fieldfocus" offset="7,5,7,5" hidereadonly="true" />
			</stateframe>
		</simplenumberc>
	</template>
	<template name="number_static">
		<simplenumber>
			<frame name="fieldlight" offset="7,5,7,5" />
			<readonly />
		</simplenumber>
	</template>
	<template name="numberc_static">
		<simplenumberc>
			<frame name="fieldlight" offset="7,5,7,5" />
			<readonly />
		</simplenumberc>
	</template>
	<template name="number_linked">
		<simplenumber>
			<readonly />
			<source mergerule="resetandadd" />
			<script file="common/scripts/number_linked.lua" />
		</simplenumber>
	</template>
	<template name="number_linked_framed">
		<number_linked>
			<frame mergerule="replace" name="fieldlight" offset="7,5,7,5" />
		</number_linked>
	</template>
	<template name="numberc_linked">
		<simplenumberc>
			<readonly />
			<source mergerule="resetandadd" />
			<script file="common/scripts/number_linked.lua" />
		</simplenumberc>
	</template>
	<template name="numberc_linked_framed">
		<numberc_linked>
			<frame mergerule="replace" name="fieldlight" offset="7,5,7,5" />
		</numberc_linked>
	</template>
	<template name="number_modifier">
		<number_linked>
			<script file="common/scripts/number_modifier.lua" />
		</number_linked>
	</template>
	<template name="number_modifier_framed">
		<number_modifier>
			<frame mergerule="replace" name="fieldlight" offset="7,5,7,5" />
		</number_modifier>
	</template>
	<template name="number_text_noframe_static">
		<numberfield>
			<font>sheettext</font>
			<readonly />
		</numberfield>
	</template>
	<template name="numberc_text_noframe_static">
		<numbercontrol>
			<font>sheettext</font>
			<readonly />
		</numbercontrol>
	</template>
	<template name="number_dropadd">
		<basicnumber>
			<stateframe>
				<drophilight name="fieldfocusplus" />
			</stateframe>
			<script>
				function onDrop(x, y, draginfo)
					if draginfo.isType("number") then
						setValue(getValue() + draginfo.getNumberData());
						return true;
					end
				end
			</script>
		</basicnumber>
	</template>

	<template name="simpledice">
		<diefield>
			<basic />
			<droptypes>
				<type>dice</type>
			</droptypes>
		</diefield>
	</template>
	<template name="basicdice">
		<simpledice>
			<frame name="fielddark" offset="7,5,7,5" />
			<stateframe>
				<drophilight name="fieldfocus" offset="7,5,7,5" hidereadonly="true" />
			</stateframe>
			<script>
				function onInit()
					if allowdelete then
						registerMenuItem(Interface.getString("dice_menu_clear"), "erase", 4);
					end
					self.onValueChanged();
				end
				function onMenuSelection(selection)
					if allowdelete and (selection == 4) then
						reset();
					end
				end
				function onValueChanged()
					if isEmpty() then
						addBitmapWidget({ icon = "field_dice_empty", name = "empty", });
					else
						local wgt = findWidget("empty");
						if wgt then
							wgt.destroy()
						end
					end
				end
			</script>
		</simpledice>
	</template>

	<template name="linkcontrol">
		<windowreferencecontrol name="link">
			<description mergerule="replace" field="name" />
		</windowreferencecontrol>
	</template>
	<template name="linkfield">
		<windowreferencefield name="link">
			<description mergerule="replace" field="name" />
		</windowreferencefield>
	</template>
	<template name="linkcontrol_record">
		<linkcontrol>
			<readonly />
			<script file="common/scripts/link_record.lua" />
		</linkcontrol>
	</template>
	<template name="linkfield_record">
		<linkfield>
			<readonly />
			<script file="common/scripts/link_record.lua" />
		</linkfield>
	</template>

	<template name="simpleft">
		<formattedtextfield>
			<script>
				function onInit()
					registerMenuItem(Interface.getString("button_import_clean_text"), "radial_magicwand", 8);
				end
				function onMenuSelection(selection, subselection)
					if selection == 8 then
						setValue(ImportUtilityManager.cleanUpText(getValue()));
					end
				end
			</script>
		</formattedtextfield>
	</template>
	<template name="simpleftc">
		<formattedtextcontrol>
			<script>
				function onInit()
					registerMenuItem(Interface.getString("button_import_clean_text"), "radial_magicwand", 8);
				end
				function onMenuSelection(selection, subselection)
					if selection == 8 then
						setValue(ImportUtilityManager.cleanUpText(getValue()));
					end
				end
			</script>
		</formattedtextcontrol>
	</template>
	<template name="basicft">
		<simpleft>
			<frame mergerule="replace" name="fielddark" offset="7,5,7,5" hidereadonly="true" />
			<stateframe>
				<keyedit name="fieldfocus" offset="7,5,7,5" />
				<hover name="fieldfocus" offset="7,5,7,5" hidereadonly="true" />
				<drophilight name="fieldfocus" offset="7,5,7,5" hidereadonly="true" />
			</stateframe>
		</simpleft>
	</template>

	<template name="button_faction">
		<button_iconcycler>
			<anchored width="20" height="20" />
			<gmeditonly />
			<parameters>
				<icons>ct_faction_friend|ct_faction_neutral|ct_faction_foe</icons>
				<values>friend|neutral|foe</values>
				<tooltipsres>ct_tooltip_factionfriend|ct_tooltip_factionneutral|ct_tooltip_factionfoe</tooltipsres>
				<defaulttooltipres>ct_tooltip_factionempty</defaulttooltipres>
				<defaulticon>ct_faction_empty</defaulticon>
			</parameters>
		</button_iconcycler>
	</template>

	<template name="button_dialog_ok" >
		<buttoncontrol>
			<anchored width="35" height="35" />
			<icon normal="button_dialog_ok" pressed="button_dialog_ok_down" />
			<tooltip textres="button_dialog_ok" />
			<script>
				function onButtonPress()
					WindowManager.callOuterWindowFunction(window, "processOK");
				end
			</script>
		</buttoncontrol>
	</template>
	<template name="button_dialog_roll" >
		<buttoncontrol>
			<anchored width="35" height="35" />
			<icon normal="button_dialog_roll" pressed="button_dialog_roll_down" />
			<tooltip textres="button_dialog_roll" />
			<script>
				function onButtonPress()
					WindowManager.callOuterWindowFunction(window, "processRoll");
				end
			</script>
		</buttoncontrol>
	</template>
	<template name="button_dialog_fauxroll" >
		<buttoncontrol>
			<anchored width="35" height="35" />
			<icon normal="button_dialog_fauxroll" pressed="button_dialog_fauxroll_down" />
			<tooltip textres="button_dialog_fauxroll" />
			<script>
				function onButtonPress()
					WindowManager.callOuterWindowFunction(window, "processFauxRoll");
				end
			</script>
		</buttoncontrol>
	</template>
	<template name="button_dialog_cancel" >
		<buttoncontrol>
			<anchored width="35" height="35" />
			<icon normal="button_dialog_cancel" pressed="button_dialog_cancel_down" />
			<tooltip textres="button_dialog_cancel" />
			<script>
				function onButtonPress()
					WindowManager.callOuterWindowFunction(window, "processCancel");
				end
			</script>
		</buttoncontrol>
	</template>	

	<template name="button_crosslink">
		<buttonfield>
			<script file="common/scripts/button_crosslink.lua" />
		</buttonfield>
	</template>

	<template name="progressbar">
		<genericcontrol>
			<frame name="border" />
			<fillcolor>006600</fillcolor>
			<script file="common/scripts/progressbar.lua" />
		</genericcontrol>
	</template>
	<template name="progressbarfill">
		<genericcontrol>
			<anchored position="over" />
		</genericcontrol>
	</template>
	<template name="progressbar_health_d20">
		<progressbar>
			<noautotext />
			<script file="common/scripts/progressbar_health_d20.lua" />
		</progressbar>
	</template>

	<template name="metalplate">
		<stringcontrol>
			<frame name="metalplate" offset="10,2,10,2"/>
			<font>subwindowtitle</font>
			<center />
			<nodrag />
			<readonly />
		</stringcontrol>
	</template>
	<template name="label_charframetop">
		<metalplate>
			<font>subwindowsmalltitle</font>
			<script file="campaign/scripts/char_labelframetop.lua" />
		</metalplate>
	</template>
	<template name="label_charfieldtop">
		<label>
			<anchored position="above" offset="0,3" />
			<font>subwindowsmalltitle</font>
			<center />
		</label>
	</template>

	<template name="string_columnh_multiroll">
		<string_columnh>
			<nodragselect />
			<script file="common/scripts/string_multiroll.lua" />
		</string_columnh>
	</template>
</root>
