<?xml version="1.0" encoding="iso-8859-1"?>

<!--
  Please see the license.html file included with this distribution for
  attribution and copyright information.
-->

<root>
	<template name="list_text">
		<windowlist>
			<child mergerule="resetandadd"></child>
			<child><backcolor>1A40301E</backcolor></child>
			<sortby mergerule="replace"><control>name</control></sortby>
			<allowdelete />
			<script file="common/scripts/list_text.lua" />
		</windowlist>
	</template>

	<template name="linkc_list">
		<linkcontrol>
			<bounds>5,2,20,20</bounds>
			<description control="name" />
			<readonly />
		</linkcontrol>
	</template>
	<template name="linkfield_list">
		<linkfield>
			<bounds>5,2,20,20</bounds>
			<description control="name" />
			<readonly />
		</linkfield>
	</template>
	<template name="string_list_link_base">
		<simplestring>
			<nodrag />
			<static />
			<linktarget>link</linktarget>
			<script file="common/scripts/string_list_link.lua" />
		</simplestring>
	</template>
	<template name="stringc_list_link_base">
		<simplestringc>
			<nodrag />
			<static />
			<linktarget>link</linktarget>
			<script file="common/scripts/stringc_list_link.lua" />
		</simplestringc>
	</template>
	<template name="string_list_link">
		<string_list_link_base>
			<bounds>30,2,-1,20</bounds>
		</string_list_link_base>
	</template>
	<template name="stringc_list_link">
		<stringc_list_link_base>
			<bounds>30,2,-1,20</bounds>
		</stringc_list_link_base>
	</template>
	<template name="string_list_name">
		<string_list_link_base>
			<anchored height="20">
				<top />
				<left parent="link" anchor="right" offset="5" />
				<right parent="modified" anchor="left" offset="-5" />
			</anchored>
			<linktarget>open</linktarget>
		</string_list_link_base>
	</template>

	<template name="link_list">
		<linkcontrol>
			<bounds>0,0,20,20</bounds>
			<readonly />
		</linkcontrol>
	</template>

	<template name="icon_access">
		<buttoncontrol>
			<anchored width="20" height="20">
				<top />
				<right parent="rightanchor" anchor="left" relation="relative" offset="-2" />
			</anchored>
			<state icon="" />
			<state icon="record_readonly" />
			<state icon="record_shared" />
			<state icon="record_public" />
			<script>
				function onClickDown()
					return true;
				end
				function onClickRelease()
					local nValue = getValue();
					if (nValue == 2) or (nValue == 3) then
						window.unshareRecord();
					end
					return true;
				end
			</script>
		</buttoncontrol>
	</template>
	<template name="icon_modified">
		<genericcontrol>
			<anchored width="20" height="20">
				<top />
				<right parent="rightanchor" anchor="left" relation="relative" offset="-2" />
			</anchored>
			<invisible />
		</genericcontrol>
	</template>

	<template name="filter">
		<stringcontrol>
			<frame name="search" offset="22,5,5,5" />
			<font>sheettext</font>
			<delaykeyupdate />
			<script file="common/scripts/filter.lua" />
		</stringcontrol>
	</template>

	<template name="scrollbar_list">
		<scrollbar>
			<anchored to="list" />
			<target>list</target>
		</scrollbar>
	</template>
</root>
