<?xml version="1.0" encoding="iso-8859-1"?>

<!--
  Please see the license.html file included with this distribution for
  attribution and copyright information.
-->

<root>
	<template name="windowtitlebar">
		<genericcontrol name="title">
			<anchored position="insidetop" offset="0,0" height="30" />
			<frame name="windowtitle" offset="30,0,30,0" />
			<disabled />
			<script file="common/scripts/windowtitlebar.lua" />
			<!--
			<font>windowtitle</font>
			<parameters>
				<windowmargin>60</windowmargin>
				<minwidth>100</minwidth>
				<texty>-3</texty>
			</parameters>
			-->
		</genericcontrol>
	</template>

	<template name="scrollbar">
		<scrollbarcontrol>
			<anchored position="right" offset="-5,-5" width="20" />
			<frame name="scrollbar_base" offset="0,12,0,12" />
			<normal name="scrollbutton_normal">
				<minimum height="40" />
			</normal>
		</scrollbarcontrol>
	</template>

	<!-- DESKTOP PANELS -->

	<!-- Frame: chatbox -->
	<template name="resize_chatbox">
		<resize>
			<anchored>
				<right offset="0" />
				<bottom offset="-2" />
			</anchored>
		</resize>
	</template>
	<template name="anchor_content_chatbox_top">
		<genericcontrol name="contentanchor">
			<anchored height="0">
				<top offset="32" />
				<left offset="28" />
				<right offset="-28" />
			</anchored>
			<disabled />
		</genericcontrol>
	</template>
	<template name="anchor_content_chatbox_bottom">
		<genericcontrol name="bottomanchor">
			<anchored to="contentanchor" height="24">
				<bottom parent="" />
				<left />
				<right />
			</anchored>
			<disabled />
		</genericcontrol>
	</template>

	<!-- Frame: imagepanel -->
	<template name="anchor_content_imagepanel_top">
		<genericcontrol name="contentanchor">
			<anchored height="0">
				<top offset="1" />
				<left offset="1" />
				<right offset="-1" />
			</anchored>
			<disabled />
		</genericcontrol>
	</template>
	<template name="anchor_content_imagepanel_bottom">
		<genericcontrol name="bottomanchor">
			<anchored to="contentanchor" height="1">
				<bottom parent="" />
				<left />
				<right />
			</anchored>
			<disabled />
		</genericcontrol>
	</template>

	<!-- FLOATING WINDOWS - UTILITY -->

	<!-- Frame: utilitybox -->
	<template name="windowtitlebar_utilitybox">
		<windowtitlebar>
			<anchored offset="0,0" />
		</windowtitlebar>
	</template>
	<template name="windowmenubar_utilitybox">
		<windowmenubar>
			<anchored offset="-7,7" />
		</windowmenubar>
	</template>
	<template name="anchor_content_utilitybox_top">
		<genericcontrol name="contentanchor">
			<anchored height="0">
				<top offset="30" />
				<left offset="24" />
				<right offset="-24" />
			</anchored>
			<disabled />
		</genericcontrol>
	</template>
	<template name="anchor_content_utilitybox_bottom">
		<genericcontrol name="bottomanchor">
			<anchored to="contentanchor" height="24">
				<bottom parent="" />
				<left />
				<right />
			</anchored>
			<disabled />
		</genericcontrol>
	</template>
	<template name="resize_utilitybox">
		<resize>
			<anchored>
				<right offset="0" />
				<bottom offset="0" />
			</anchored>
		</resize>
	</template>

	<!-- Frame: tokenbag -->
	<template name="windowtitlebar_tokenbag">
		<windowtitlebar>
			<anchored offset="0,0" />
		</windowtitlebar>
	</template>
	<template name="windowmenubar_tokenbag">
		<windowmenubar>
			<anchored offset="-7,7">
				<left offset="6" />
			</anchored>
		</windowmenubar>
	</template>
	<template name="anchor_content_tokenbag_top">
		<genericcontrol name="contentanchor">
			<anchored height="0">
				<top offset="35" />
				<left offset="28" />
				<right offset="-28" />
			</anchored>
			<disabled />
		</genericcontrol>
	</template>
	<template name="anchor_content_tokenbag_bottom">
		<genericcontrol name="bottomanchor">
			<anchored to="contentanchor" height="24">
				<bottom parent="" />
				<left />
				<right />
			</anchored>
			<disabled />
		</genericcontrol>
	</template>
	<template name="resize_tokenbag">
		<resize>
			<anchored>
				<right offset="0" />
				<bottom offset="0" />
			</anchored>
		</resize>
	</template>

	<!-- Frame: ctbox -->
	<template name="windowtitlebar_ctbox">
		<windowtitlebar>
			<anchored offset="0,0" />
		</windowtitlebar>
	</template>
	<template name="windowmenubar_ctbox">
		<windowmenubar>
			<anchored offset="-7,7" />
		</windowmenubar>
	</template>
	<template name="anchor_content_ctbox_top">
		<genericcontrol name="contentanchor">
			<anchored height="0">
				<top offset="35" />
				<left offset="20" />
				<right offset="-20" />
			</anchored>
			<disabled />
		</genericcontrol>
	</template>
	<template name="anchor_content_ctbox_bottom">
		<genericcontrol name="bottomanchor">
			<anchored to="contentanchor" height="25">
				<bottom parent="" />
				<left />
				<right />
			</anchored>
			<disabled />
		</genericcontrol>
	</template>
	<template name="resize_ctbox">
		<resize>
			<anchored>
				<right offset="0" />
				<bottom offset="0" />
			</anchored>
		</resize>
	</template>

	<!-- Frame: partysheet -->
	<template name="windowtitlebar_partysheet">
		<windowtitlebar>
			<anchored offset="0,0" />
		</windowtitlebar>
	</template>
	<template name="windowmenubar_partysheet">
		<windowmenubar>
			<anchored offset="-7,7" />
		</windowmenubar>
	</template>
	<template name="anchor_content_partysheet_top">
		<genericcontrol name="contentanchor">
			<anchored height="0">
				<top offset="30" />
				<left offset="24" />
				<right offset="-24" />
			</anchored>
			<disabled />
		</genericcontrol>
	</template>
	<template name="anchor_content_partysheet_bottom">
		<genericcontrol name="bottomanchor">
			<anchored to="contentanchor" height="24">
				<bottom parent="" />
				<left />
				<right />
			</anchored>
			<disabled />
		</genericcontrol>
	</template>
	<template name="resize_partysheet">
		<resize>
			<anchored>
				<right offset="0" />
				<bottom offset="0" />
			</anchored>
		</resize>
	</template>
	<template name="tabs_partysheet">
		<buttongroup_tabs name="tabs">
			<anchored width="18" height="92">
				<top offset="50" />
				<right offset="-8" />
			</anchored>
		</buttongroup_tabs>
	</template>

	<!-- FLOATING WINDOWS - LISTS -->

	<!-- Frame: referencelist -->
	<template name="windowtitlebar_referencelist">
		<windowtitlebar>
			<anchored offset="0,0" />
		</windowtitlebar>
	</template>
	<template name="windowmenubar_referencelist">
		<windowmenubar>
			<anchored offset="-7,7">
				<left offset="6" />
			</anchored>
		</windowmenubar>
	</template>
	<template name="anchor_content_referencelist_top">
		<genericcontrol name="contentanchor">
			<anchored height="0">
				<top offset="30" />
				<left offset="24" />
				<right offset="-24" />
			</anchored>
			<disabled />
		</genericcontrol>
	</template>
	<template name="anchor_content_referencelist_bottom">
		<genericcontrol name="bottomanchor">
			<anchored to="contentanchor" height="24">
				<bottom parent="" />
				<left />
				<right />
			</anchored>
			<disabled />
		</genericcontrol>
	</template>
	<template name="resize_referencelist">
		<resize>
			<anchored>
				<right offset="0" />
				<bottom offset="0" />
			</anchored>
		</resize>
	</template>

	<!-- Frame: charselect -->
	<template name="windowtitlebar_charselect">
		<windowtitlebar>
			<anchored offset="0,0" />
		</windowtitlebar>
	</template>
	<template name="windowmenubar_charselect">
		<windowmenubar>
			<anchored offset="-7,7">
			</anchored>
		</windowmenubar>
	</template>
	<template name="anchor_content_charselect_top">
		<genericcontrol name="contentanchor">
			<anchored height="0">
				<top offset="50" />
				<left offset="24" />
				<right offset="-24" />
			</anchored>
			<disabled />
		</genericcontrol>
	</template>
	<template name="anchor_content_charselect_bottom">
		<genericcontrol name="bottomanchor">
			<anchored to="contentanchor" height="24">
				<bottom parent="" />
				<left />
				<right />
			</anchored>
			<disabled />
		</genericcontrol>
	</template>
	<template name="resize_charselect">
		<resize>
			<anchored>
				<right offset="0" />
				<bottom offset="0" />
			</anchored>
		</resize>
	</template>

	<!-- FLOATING WINDOWS - RECORDS -->

	<!-- Frame: recordsheet -->
	<template name="windowmenubar_recordsheet">
		<windowmenubar>
			<anchored offset="-12,12" />
		</windowmenubar>
	</template>
	<template name="anchor_content_recordsheet_top">
		<genericcontrol name="contentanchor">
			<anchored height="6">
				<top offset="30" />
				<left offset="16" />
				<right offset="-16" />
			</anchored>
			<disabled />
		</genericcontrol>
	</template>
	<template name="anchor_content_recordsheet_tabbed_top">
		<genericcontrol name="contentanchor">
			<anchored height="0">
				<top offset="36" />
				<left offset="16" />
				<right offset="-16" />
			</anchored>
			<disabled />
		</genericcontrol>
	</template>
	<template name="anchor_content_recordsheet_bottom">
		<genericcontrol name="bottomanchor">
			<anchored to="contentanchor" height="16">
				<bottom parent="" />
				<left />
				<right />
			</anchored>
			<disabled />
		</genericcontrol>
	</template>
	<template name="resize_recordsheet">
		<resize>
			<anchored>
				<right offset="0" />
				<bottom offset="0" />
			</anchored>
		</resize>
	</template>
	<template name="tabs_recordsheet">
		<buttongroup_tabs name="tabs">
			<anchored width="18" height="92">
				<top offset="80" />
				<right offset="0" />
			</anchored>
		</buttongroup_tabs>
	</template>

	<!-- Frame: imagebox -->
	<template name="windowmenubar_imagebox">
		<windowmenubar>
			<anchored offset="-16,6" />
		</windowmenubar>
	</template>
	<template name="anchor_content_imagebox_top">
		<genericcontrol name="contentanchor">
			<anchored height="0">
				<top offset="30" />
				<left offset="12" />
				<right offset="-12" />
			</anchored>
			<disabled />
		</genericcontrol>
	</template>
	<template name="anchor_content_imagebox_bottom">
		<genericcontrol name="bottomanchor">
			<anchored to="contentanchor" height="12">
				<bottom parent="" />
				<left />
				<right />
			</anchored>
			<disabled />
		</genericcontrol>
	</template>
	<template name="resize_imagebox">
		<resize>
			<anchored>
				<right offset="0" />
				<bottom offset="0" />
			</anchored>
		</resize>
	</template>

	<!-- Frame: storybox -->
	<template name="windowtitlebar_storybox">
		<windowtitlebar>
			<anchored offset="0,0" />
		</windowtitlebar>
	</template>
	<template name="windowmenubar_storybox">
		<windowmenubar>
			<anchored offset="-7,7">
				<left offset="6" />
			</anchored>
		</windowmenubar>
	</template>
	<template name="anchor_content_storybox_top">
		<genericcontrol name="contentanchor">
			<anchored height="0">
				<top offset="30" />
				<left offset="24" />
				<right offset="-24" />
			</anchored>
			<disabled />
		</genericcontrol>
	</template>
	<template name="anchor_content_storybox_bottom">
		<genericcontrol name="bottomanchor">
			<anchored to="contentanchor" height="24">
				<bottom parent="" />
				<left />
				<right />
			</anchored>
			<disabled />
		</genericcontrol>
	</template>
	<template name="resize_storybox">
		<resize>
			<anchored>
				<right offset="0" />
				<bottom offset="0" />
			</anchored>
		</resize>
	</template>

	<!-- Frame: charsheet -->
	<template name="windowmenubar_charsheet">
		<windowmenubar>
			<anchored offset="-12,12" />
		</windowmenubar>
	</template>
	<template name="anchor_content_charsheet_top">
		<genericcontrol name="contentanchor">
			<anchored height="0">
				<top offset="35" />
				<left offset="15" />
				<right offset="-15" />
			</anchored>
			<disabled />
		</genericcontrol>
	</template>
	<template name="anchor_content_charsheet_tabbed_top">
		<genericcontrol name="contentanchor">
			<anchored height="0">
				<top offset="35" />
				<left offset="15" />
				<right offset="-20" />
			</anchored>
			<disabled />
		</genericcontrol>
	</template>
	<template name="anchor_content_charsheet_bottom">
		<genericcontrol name="bottomanchor">
			<anchored to="contentanchor" height="15">
				<bottom parent="" />
				<left />
				<right />
			</anchored>
			<disabled />
		</genericcontrol>
	</template>
	<template name="resize_charsheet">
		<resize>
			<anchored>
				<right offset="0" />
				<bottom offset="0" />
			</anchored>
		</resize>
	</template>
	<template name="tabs_charsheet">
		<buttongroup_tabs name="tabs">
			<anchored width="18" height="92">
				<top offset="50" />
				<right offset="0" />
			</anchored>
		</buttongroup_tabs>
	</template>

	<!-- Frame: charsheethelper -->
	<template name="windowtitlebar_charsheethelper">
		<windowtitlebar name="title">
			<anchored offset="0,0" />
			<field>name</field>
		</windowtitlebar>
	</template>
	<template name="windowmenubar_charsheethelper">
		<windowmenubar>
			<anchored offset="0,1" />
		</windowmenubar>
	</template>
	<template name="anchor_content_charsheethelper_top">
		<genericcontrol name="contentanchor">
			<anchored height="0">
				<top offset="30" />
				<left offset="10" />
				<right offset="-10" />
			</anchored>
			<disabled />
		</genericcontrol>
	</template>
	<template name="anchor_content_charsheethelper_bottom">
		<genericcontrol name="bottomanchor">
			<anchored to="contentanchor" height="10">
				<bottom parent="" />
				<left />
				<right />
			</anchored>
			<disabled />
		</genericcontrol>
	</template>
	<template name="resize_charsheethelper">
		<resize>
			<anchored>
				<right offset="0" />
				<bottom offset="0" />
			</anchored>
		</resize>
	</template>
</root>
