<?xml version="1.0" encoding="iso-8859-1"?>

<!--
  Please see the license.html file included with this distribution for
  attribution and copyright information.
-->

<root>
	<!-- Anchors -->
	<!-- NOTE: Added height and 2 extra pixels to ensure button frames do not extend past bottom of subwindow -->
	<template name="toolbar_anchor_left">
		<anchor_listitem_left_sm>
			<anchored height="22" />
		</anchor_listitem_left_sm>
	</template>
	<template name="toolbar_anchor_right">
		<anchor_listitem_right_sm>
			<anchored height="22" />
		</anchor_listitem_right_sm>
	</template>

	<!-- Separator -->
	<template name="toolbar_separator">
		<genericcontrol>
			<anchored width="10" height="20" />
			<disabled />
		</genericcontrol>
	</template>
	<template name="toolbar_separator_left">
		<toolbar_separator>
			<anchored to="leftanchor">
				<top />
				<left relation="relative" />
			</anchored>
		</toolbar_separator>
	</template>
	<template name="toolbar_separator_right">
		<toolbar_separator>
			<anchored to="rightanchor">
				<top />
				<right relation="relative" />
			</anchored>
		</toolbar_separator>
	</template>

	<!-- Button - Action -->
	<template name="toolbar_action_step">
		<buttoncontrol>
			<script file="common/scripts/toolbar_button_action.lua" />
		</buttoncontrol>
	</template>
	<template name="toolbar_action">
		<toolbar_action_step>
			<anchored width="20" height="20" />
			<frame name="windowmenubar_button" offset="2,2,2,2" />
			<stateframe>
				<pressed name="windowmenubar_button_down" offset="2,2,2,2" nobaseframe="true" />
			</stateframe>
		</toolbar_action_step>
	</template>
	<template name="toolbar_action_left">
		<toolbar_action>
			<anchored to="leftanchor">
				<top />
				<left relation="relative" offset="2" postoffset="2" />
			</anchored>
		</toolbar_action>
	</template>
	<template name="toolbar_action_right">
		<toolbar_action>
			<anchored to="rightanchor">
				<top />
				<right relation="relative" offset="-2" postoffset="-2" />
			</anchored>
		</toolbar_action>
	</template>

	<!-- Button - Toggle -->
	<template name="toolbar_toggle_step">
		<buttoncontrol>
			<script file="common/scripts/toolbar_button_toggle.lua" />
		</buttoncontrol>
	</template>
	<template name="toolbar_toggle">
		<toolbar_toggle_step>
			<anchored width="20" height="20" />
			<state frame="windowmenubar_button" frameoffset="2,2,2,2" />
			<state frame="windowmenubar_button_down" frameoffset="2,2,2,2" merge="add" />
		</toolbar_toggle_step>
	</template>
	<template name="toolbar_toggle_left">
		<toolbar_toggle>
			<anchored to="leftanchor">
				<top />
				<left relation="relative" offset="2" postoffset="2" />
			</anchored>
		</toolbar_toggle>
	</template>
	<template name="toolbar_toggle_right">
		<toolbar_toggle>
			<anchored to="rightanchor">
				<top />
				<right relation="relative" offset="-2" postoffset="-2" />
			</anchored>
		</toolbar_toggle>
	</template>

	<!-- Button - Field -->
	<template name="toolbar_field_step">
		<buttoncontrol>
			<script file="common/scripts/toolbar_button_field.lua" />
		</buttoncontrol>
	</template>
	<template name="toolbar_field">
		<toolbar_field_step>
			<anchored width="20" height="20" />
			<state frame="windowmenubar_button" frameoffset="2,2,2,2" />
			<state frame="windowmenubar_button_down" frameoffset="2,2,2,2" merge="add" />
		</toolbar_field_step>
	</template>
	<template name="toolbar_field_left">
		<toolbar_field>
			<anchored to="leftanchor">
				<top />
				<left relation="relative" offset="2" postoffset="2" />
			</anchored>
		</toolbar_field>
	</template>
	<template name="toolbar_field_right">
		<toolbar_field>
			<anchored to="rightanchor">
				<top />
				<right relation="relative" offset="-2" postoffset="-2" />
			</anchored>
		</toolbar_field>
	</template>

	<!-- Button - Multi-Field -->
	<template name="toolbar_multifield">
		<toolbar_field_step>
			<anchored width="20" height="20" />
			<state frame="windowmenubar_button" frameoffset="2,2,2,2" />
		</toolbar_field_step>
	</template>
	<template name="toolbar_multifield_left">
		<toolbar_multifield>
			<anchored to="leftanchor">
				<top />
				<left relation="relative" offset="2" postoffset="2" />
			</anchored>
		</toolbar_multifield>
	</template>
	<template name="toolbar_multifield_right">
		<toolbar_multifield>
			<anchored to="rightanchor">
				<top />
				<right relation="relative" offset="-2" postoffset="-2" />
			</anchored>
		</toolbar_multifield>
	</template>
</root>
