<?xml version="1.0" encoding="iso-8859-1"?>

<!--
  Please see the license.html file included with this distribution for
  attribution and copyright information.
-->

<root>
	<!-- Party Sheet - General -->
	<string name="ps_window_title">Party Sheet</string>

	<!-- Party Sheet - Main -->
	<string name="ps_header_party">Party</string>
	<string name="ps_label_name">Name</string>

	<string name="ps_tooltip_showrollon">Show Roll Results</string>
	<string name="ps_tooltip_showrolloff">Hide Roll Results</string>

	<!-- Party Sheet - Inventory -->
	<string name="ps_header_inventory_shared">Loot</string>
	<string name="ps_header_inventory_carried">Carried</string>
	<string name="ps_emptylistitems">Drop treasure parcel or items here\nto assign treasure to party members.</string>
	<string name="ps_emptylistpartyitems">Click rebuild button to refresh party inventory from PCs.</string>
	<string name="ps_emptylistclientitems">Party items for distribution listed here.</string>
	<string name="ps_emptylist">Drop PCs here to add party members.</string>

	<string name="ps_label_desc">Description</string>
	<string name="ps_label_invmoney">Parcel Coins</string>
	<string name="ps_label_invitems">Parcel Items</string>
	<string name="ps_label_invassign">Assignment</string>
	<string name="ps_label_partymoney">Party Coins</string>
	<string name="ps_label_partycarried">Carried By</string>
	<string name="ps_label_partyitems">Party Inventory</string>
	<string name="ps_label_invname">Name</string>
	<string name="ps_label_order">Watch Order</string>
	<string name="ps_label_formation">Marching &amp; Formation</string>

	<string name="ps_tooltip_rebuild">Rebuild Party Inventory</string>
	<string name="ps_tooltip_distribute">Distribute Assignments and Coins</string>
	<string name="ps_tooltip_sell">Sell Items</string>
	<string name="ps_tooltip_id_all">Identify All Items</string>

	<string name="ps_message_itemfailtoomanyassign">More item assignments than items available.</string>
	<string name="ps_message_itemfailcreate">Unable to transfer item to character.</string>
	<string name="ps_message_itemdistributesuccess">Distributed assigned items to the Party.</string>
	<string name="ps_message_itemdistributeempty">No items assigned for distribution to the Party.</string>
	<string name="ps_message_coindistributesuccess">Distributed across the Party.</string>
	<string name="ps_message_itemsellcostmissing">Unable to determine cost or zero cost.</string>
	<string name="ps_message_itemsellcostlow">Sell total is less than one currency unit.</string>
	<string name="ps_message_itemsellsuccess">Selling</string>

	<!-- Party Sheet - Order and Formation -->
	<string name="ps_label_formation">Formation</string>
	<string name="ps_label_formation_slot_clear">Clear Formation Slot</string>

	<string name="ps_tooltip_formation_clear">Clear formation</string>
	<string name="ps_tooltip_formation_column1">Auto-fill formation - 1 column</string>
	<string name="ps_tooltip_formation_column2">Auto-fill formation - 2 column</string>
	<string name="ps_tooltip_formation_column3">Auto-fill formation - 3 column</string>
	<string name="ps_tooltip_formation_rotatecw">Rotate formation right</string>
	<string name="ps_tooltip_formation_rotateccw">Rotate formation left</string>
	<string name="ps_tooltip_formation_drag">Drag icon to map to add friendly combat units in formation</string>

	<!-- Party Sheet -->
	<string name="ps_emptylistother">Add PCs on main tab to add to party.</string>
	<string name="ps_emptylistquest">Click button below to add a new quest entry.\nRight click and use menu to award XP.</string>
	<string name="ps_emptylistenc">Drop completed encounter links here.\nRight click and use menu to award XP.</string>

	<string name="ps_label_party">Party</string>
	<string name="ps_label_encounters">Encounters</string>
	<string name="ps_label_quests">Quests</string>
	<string name="ps_label_xpawarded">Aw?</string>
	<string name="ps_tooltip_xpawarded">Awarded?</string>
	<string name="ps_label_xp">XP</string>
	<string name="ps_label_xpname">Name</string>
	<string name="ps_label_xptype">Type</string>

	<string name="ps_label_award">Award</string>
	<string name="ps_menu_awardxp">Award XP</string>
	<string name="ps_message_xpaward">Awarded XP to the Party.</string>
</root>
