<?xml version="1.0" encoding="iso-8859-1"?>

<!--
  Please see the license.html file included with this distribution for
  attribution and copyright information.
-->

<root>
	<!-- Chat Messages -->
	<string name="sound_message_ss_stopall">Stopping all Syrinscape sounds...</string>
	<string name="sound_message_ss_session_gm">Syrinscape session controls</string>
	<string name="sound_message_ss_session_player">Join my Syrinscape session!</string>
	<string name="sound_message_ss_session_generate">Attempting to generate Syrinscape player session ID...</string>
	<string name="sound_message_ss_session_generate_success">New Syrinscape player session ID generated.\rUse the Invite Players button in the Sound settings menu to share the link.</string>
	<string name="sound_message_ss_import_web">Attempting to fetch Syrinscape sound list...</string>
	<string name="sound_message_ss_import_web_success">Synrinscape sound list imported and saved.</string>

	<!-- Debug Messages -->
	<string name="sound_debug_match">Soundset trigger matched.</string>

	<!-- Error Messages (General) -->
	<string name="sound_error_disabled">Sounds have been disabled in Settings.</string>
	<string name="sound_error_link">Activated sound link is not supported.</string>
	<string name="sound_error_match_no_subsounds">ERROR: Soundset trigger matched does not have any sounds defined.</string>

	<!-- Error Messages (Local) -->
	<string name="sound_error_file_invalid_filepath">ERROR: One or more filepaths unable to be processed, or needs to be in the data folder</string>
	<string name="sound_error_file_invalid_filepath_play">ERROR: The sound you tried to play does not have a proper filepath and needs to be in the data folder</string>

	<!-- Error Messages (Syrinscape) -->
	<string name="sound_error_ss_invalid_type">Activated Syrinscape sound link is not supported type.</string>
	<string name="sound_error_ss_authtoken_missing">Syrinscape authorization key required for this operation. Please configure in Sound settings.</string>
	<string name="sound_error_ss_session_missing">Player session URL needs to be acquired before inviting players!\rPlease acquire a player session ID in the Sound settings.</string>
	<string name="sound_error_ss_session_generate">Unable to generate player session ID; invalid response from Syrinscape server.</string>
	<string name="sound_error_ss_import_web">Unable to fetch sound list; invalid response from Syrinscape server.</string>

	<!-- General -->
	<string name="sound_button_settings">Settings</string>

	<!-- Options -->
	<string name="sound_label_system_file">File</string>
	<string name="sound_label_system_ss">Syrinscape</string>

	<!-- Titles -->
	<string name="sound_context_window_title">Sound: Context</string>
	<string name="sound_settings_window_title">Sound: Settings</string>

	<string name="sound_settings_file_import_text_window_title">Import Sound Files</string>
	<string name="sound_settings_ss_authorization_window_title">Syrinscape: Authorization</string>

	<!-- Settings: Common -->
	<string name="sound_header_settings_manage_system">SYSTEM MANAGEMENT</string>
	<string name="sound_header_settings_manage_data">DATA MANAGEMENT</string>
	<string name="sound_header_settings_manage_session">WEB PLAYER SESSION URL</string>
	<string name="sound_header_settings_data">SOUND DATA</string>

	<string name="sound_label_settings_name">Name</string>
	<string name="sound_label_settings_path">Path</string>
	<string name="sound_label_settings_type">Type</string>
	<string name="sound_label_settings_product">Sound Pack</string>
	<string name="sound_label_settings_actions">Actions</string>

	<string name="sound_empty_filter_name">&#171; Search by Name &#187;</string>
	<string name="sound_empty_filter_id">&#171; Search by ID &#187;</string>

	<string name="sound_label_settings_filter_name">Name</string>
	<string name="sound_label_settings_filter_id">ID</string>
	<string name="sound_label_settings_filter_type">Type</string>
	<string name="sound_label_settings_filter_subcategory">Category</string>
	<string name="sound_label_settings_filter_product">Sound Pack</string>

	<string name="sound_button_settings_import_web">Web Import</string>
	<string name="sound_button_settings_import_csv">CSV Import</string>
	<string name="sound_button_settings_import_text">File Import</string>
	<string name="sound_button_settings_data_clear">Clear</string>

	<!-- Settings: Syrinscape -->
	<string name="sound_button_settings_ss_authorization">Authorization</string>
	<string name="sound_button_settings_ss_session_invite">Invite</string>
	<string name="sound_button_settings_ss_session_generate">Generate</string>

	<string name="sound_label_settings_ss_authkey">Authorization Key</string>
	<string name="sound_empty_settings_ss_authkey">&#171; Authorization Key &#187;</string>
	<string name="sound_label_settings_ss_authkey_message">Note: You can find your Authorization Key by logging in to your Syrinscape Control Panel</string>
	<string name="sound_label_settings_ss_controlpanel">Syrinscape Control Panel</string>

	<!-- Settings: File -->
	<string name="sound_empty_settings_file_import_text">Enter one file path per line.</string>
	<string name="sound_dialog_settings_file_clear_title">Confirm Action</string>
	<string name="sound_dialog_settings_file_clear_message">Do you want to clear the table?</string>

	<!-- Context Menu -->
	<string name="sound_header_context_nowplaying">NOW PLAYING</string>
	<string name="sound_header_context_content">CONTEXT SOUNDS</string>

	<string name="sound_header_context_ss">SYRINSCAPE</string>
	<string name="sound_header_context_ss_volume_global">GLOBAL VOLUME</string>
	<string name="sound_header_context_ss_volume_oneshot">ONESHOT VOLUME</string>
	<string name="sound_button_context_ss_stopall">Stop All</string>
	<string name="sound_button_context_ss_invite">Invite</string>

	<!-- Record Types -->
	<string name="library_recordtype_label_soundset">Sound Sets</string>
	<string name="library_recordtype_empty_soundset">&#171; New Sound Set &#187;</string>

	<string name="soundset_label_type">Type</string>
	<string name="soundset_label_type_none">-</string>
	<string name="soundset_label_type_trigger">Trigger</string>
	<string name="soundset_label_type_content">Content</string>
	<string name="soundset_label_subtype">Subtype</string>
	<string name="soundset_header_sounds">SOUNDS</string>

	<string name="soundset_label_trigger_subtype_chat">Chat</string>
	<string name="soundset_label_disabled">Disable</string>
	<string name="soundset_tooltip_disabled">Disables the soundset from playing</string>
	<string name="soundset_header_trigger_patterns">PATTERNS</string>
	<string name="soundset_label_regex">Pattern?</string>
	<string name="soundset_tooltip_regex">Use As Lua Pattern Match</string>

	<string name="soundset_label_content_subtype_none">-</string>
	<string name="soundset_label_content_subtype_story">Story</string>
	<string name="soundset_label_content_subtype_image">Image</string>
	<string name="soundset_label_content_subtype_npc">NPC</string>
	<string name="soundset_label_content_npc_name">Name</string>
	<string name="soundset_header_content_story_links">STORY LINKS</string>
	<string name="soundset_header_content_image_links">IMAGE LINKS</string>
	<string name="soundset_header_content_story_included">SOUNDSET LINKS</string>

	<!-- Rule System Specific -->
	<string name="soundset_label_trigger_subtype_attackhit">Attack - HIT</string>
	<string name="soundset_label_trigger_subtype_attackmiss">Attack - MISS</string>
	<string name="soundset_label_trigger_subtype_attackcrit">Attack - CRIT</string>
	<string name="soundset_label_trigger_subtype_attackfumble">Attack - FUMBLE</string>
	<string name="soundset_label_trigger_subtype_cast">Cast</string>
</root>
