<?xml version="1.0" encoding="iso-8859-1"?>

<!--
  Please see the license.html file included with this distribution for
  attribution and copyright information.
-->

<root>
	<string name="diceselect_window_title">Dice</string>
	<string name="drclist_action_window_title">Damage Dice</string>
	<string name="drclist_actor_window_title">NPC Dice</string>

	<string name="diceselect_header_active">ACTIVE DICE SET</string>

	<string name="diceselect_header_color">COLOR</string>
	<string name="diceselect_empty_color">Dice Set\rNot Colorable</string>
	<string name="diceselect_label_color_body">Body</string>
	<string name="diceselect_label_color_text">Text</string>
	<string name="diceselect_label_skin_randomize">Randomize Dice Skin</string>
	<string name="diceselect_label_color_randomize">Randomize Dice Color</string>

	<string name="diceselect_header_desktop">DICE DISPLAY</string>
	<string name="diceselect_label_desktop_tray">TRAY</string>
	<string name="diceselect_label_desktop_roll">ROLL</string>
	<string name="diceselect_button_tray_lock">Dice Tray Lock</string>
	<string name="diceselect_button_tray_unlock">Dice Tray Unlock</string>
	<string name="diceselect_tooltip_desktop_scaleup">Increase Dice Scale</string>
	<string name="diceselect_tooltip_desktop_scaledown">Decrease Dice Scale</string>

	<string name="diceselect_header_skin">DICE SKIN SELECTION</string>
	<string name="diceselect_label_group">GROUP</string>
	<string name="diceselect_label_group_all">(ALL)</string>

	<string name="drc_actor_header_type">Creature Type</string>
	<string name="drc_actor_header_system">Game System Rules</string>
	<string name="drc_actor_header_custom">Custom Rules</string>

	<string name="drclist_actor_custom_empty">Drag and drop NPC link here to create custom name rule.\rThen drag dice selection from Dice window.</string>

	<string name="diceselect_button_drc_action">Damage Dice</string>
	<string name="diceselect_button_drc_actor">NPC Dice</string>

	<string name="diceskin_group_DEFAULT">MAIN</string>
	<string name="diceskin_group_SWKELEMENTALBASICSDICE">ELEMENTAL BASICS</string>
	<string name="diceskin_group_SWKMETALDICE">METAL</string>
	<string name="diceskin_group_SWKAURADICE">AURA</string>
	<string name="diceskin_group_SWKMAGICALDICE">MAGICAL</string>
	<string name="diceskin_group_SWKRINGOFELEMENTSDICE">RING OF ELEMENTS</string>
	<string name="diceskin_group_SWKMAGICALTRAILDICE">MAGICAL TRAIL</string>
	<string name="diceskin_group_SWKFORCEFIELDDICE">FORCE FIELD</string>
	<string name="diceskin_group_SWKWIZARDWROUGHTDICE">WIZARD WROUGHT</string>
	<string name="diceskin_group_SWKARTIFICERDICE">ARTIFICER</string>
	<string name="diceskin_group_SWKANNULUSOFFOCUSDICE">ANNULUS OF FOCUS</string>
	<string name="diceskin_group_SWKANNULUSOFFOCUSDICEFX">ANNULUS OF FOCUS (FX)</string>
	<string name="diceskin_group_SWKKNOTSOFFATEDICE">KNOTS OF FATE</string>
	<string name="diceskin_group_SWKKNOTSOFFATEDICEFX">KNOTS OF FATE (FX)</string>
	<string name="diceskin_group_SWKBLOODDICE">BLOOD</string>
	<string name="diceskin_group_SWKSTARSANDCLOVERS">STARS AND CLOVERS</string>
	<string name="diceskin_group_SWKHEARTSANDSKULLS">HEARTS AND SKULLS</string>
	<string name="diceskin_group_SWKMONSTERSDICE1">MONSTER</string>
	<string name="diceskin_group_SWKDRAGONSDICE1">DRAGON</string>
	<string name="diceskin_group_SWKMONSTERSDICE2">MONSTER 2</string>
	<string name="diceskin_group_SWKFANTASYDICE1">FANTASY HERO</string>
	<string name="diceskin_group_SWKFANTASYDICE2">FANTASY HERO 2</string>
	<string name="diceskin_group_SWKPROMODICE">PRODUCT TIE-INS</string>

	<string name="diceskin_0">Default</string>
	<string name="diceskin_1">Slash - Frost</string>
	<string name="diceskin_2">Metal - Gold</string>
	<string name="diceskin_3">Metal - Dark Gold</string>
	<string name="diceskin_4">Metal - Steel</string>
	<string name="diceskin_5">Metal - Pitted</string>
	<string name="diceskin_6">Metal - Polished</string>
	<string name="diceskin_7">Metal - Rusted Iron</string>
	<string name="diceskin_8">Metal - Stained Copper</string>
	<string name="diceskin_9">Metal - High Polish</string>
	<string name="diceskin_10">Aura Cast - Arcane</string>
	<string name="diceskin_11">Aura Cast - Earth</string>
	<string name="diceskin_12">Aura Cast - Fire</string>
	<string name="diceskin_13">Aura Cast - Frost</string>
	<string name="diceskin_14">Aura Cast - Life</string>
	<string name="diceskin_15">Aura Cast - Light</string>
	<string name="diceskin_16">Aura Cast - Lightning</string>
	<string name="diceskin_17">Aura Cast - Shadow</string>
	<string name="diceskin_18">Aura Cast - Storm</string>
	<string name="diceskin_19">Aura Cast - Water</string>
	<string name="diceskin_20">Aura Enchant - Arcane</string>
	<string name="diceskin_21">Aura Enchant - Earth</string>
	<string name="diceskin_22">Aura Enchant - Fire</string>
	<string name="diceskin_23">Aura Enchant - Frost</string>
	<string name="diceskin_24">Aura Enchant - Life</string>
	<string name="diceskin_25">Aura Enchant - Light</string>
	<string name="diceskin_26">Aura Enchant - Lightning</string>
	<string name="diceskin_27">Aura Enchant - Shadow</string>
	<string name="diceskin_28">Aura Enchant - Storm</string>
	<string name="diceskin_29">Aura Enchant - Water</string>
	<string name="diceskin_30">Magical Charge - Arcane</string>
	<string name="diceskin_31">Magical Charge - Earth</string>
	<string name="diceskin_32">Magical Charge - Fire</string>
	<string name="diceskin_33">Magical Charge - Frost</string>
	<string name="diceskin_34">Magical Charge - Life</string>
	<string name="diceskin_35">Magical Charge - Light</string>
	<string name="diceskin_36">Magical Charge - Lightning</string>
	<string name="diceskin_37">Magical Charge - Shadow</string>
	<string name="diceskin_38">Magical Charge - Storm</string>
	<string name="diceskin_39">Magical Charge - Water</string>
	<string name="diceskin_40">Spinning Elements - Arcane</string>
	<string name="diceskin_41">Spinning Elements - Earth</string>
	<string name="diceskin_42">Spinning Elements - Fire</string>
	<string name="diceskin_43">Spinning Elements - Frost</string>
	<string name="diceskin_44">Spinning Elements - Life</string>
	<string name="diceskin_45">Spinning Elements - Light</string>
	<string name="diceskin_46">Spinning Elements - Lightning</string>
	<string name="diceskin_47">Spinning Elements - Shadow</string>
	<string name="diceskin_48">Spinning Elements - Storm</string>
	<string name="diceskin_49">Spinning Elements - Water</string>
	<string name="diceskin_50">Ring of Elements - Arcane</string>
	<string name="diceskin_51">Ring of Elements - Earth</string>
	<string name="diceskin_52">Ring of Elements - Fire</string>
	<string name="diceskin_53">Ring of Elements - Frost</string>
	<string name="diceskin_54">Ring of Elements - Life</string>
	<string name="diceskin_55">Ring of Elements - Light</string>
	<string name="diceskin_56">Ring of Elements - Lightning</string>
	<string name="diceskin_57">Ring of Elements - Shadow</string>
	<string name="diceskin_58">Ring of Elements - Storm</string>
	<string name="diceskin_59">Ring of Elements - Water</string>
	<string name="diceskin_60">Flames - Arcane</string>
	<string name="diceskin_61">Flames - Earth</string>
	<string name="diceskin_62">Flames - Fire</string>
	<string name="diceskin_63">Flames - Frost</string>
	<string name="diceskin_64">Flames - Life</string>
	<string name="diceskin_65">Flames - Light</string>
	<string name="diceskin_66">Flames - Lightning</string>
	<string name="diceskin_67">Flames - Shadow</string>
	<string name="diceskin_68">Flames - Storm</string>
	<string name="diceskin_69">Flames - Water</string>
	<string name="diceskin_70">Glowing Trail - Arcane</string>
	<string name="diceskin_71">Glowing Trail - Earth</string>
	<string name="diceskin_72">Glowing Trail - Fire</string>
	<string name="diceskin_73">Glowing Trail - Frost</string>
	<string name="diceskin_74">Glowing Trail - Life</string>
	<string name="diceskin_75">Glowing Trail - Light</string>
	<string name="diceskin_76">Glowing Trail - Lightning</string>
	<string name="diceskin_77">Glowing Trail - Shadow</string>
	<string name="diceskin_78">Glowing Trail - Storm</string>
	<string name="diceskin_79">Glowing Trail - Water</string>
	<string name="diceskin_80">Force Field - Arcane</string>
	<string name="diceskin_81">Force Field - Earth</string>
	<string name="diceskin_82">Force Field - Fire</string>
	<string name="diceskin_83">Force Field - Frost</string>
	<string name="diceskin_84">Force Field - Life</string>
	<string name="diceskin_85">Force Field - Light</string>
	<string name="diceskin_86">Force Field - Lightning</string>
	<string name="diceskin_87">Force Field - Shadow</string>
	<string name="diceskin_88">Force Field - Storm</string>
	<string name="diceskin_89">Force Field - Water</string>
	<string name="diceskin_90">Blast - Earth</string>
	<string name="diceskin_91">Force Field - Spinning</string>
	<string name="diceskin_92">Metal - Rusted</string>
	<string name="diceskin_93">Metal - Stained</string>
	<string name="diceskin_94">Elemental Basics - Arcane</string>
	<string name="diceskin_95">Elemental Basics - Earth</string>
	<string name="diceskin_96">Elemental Basics - Fire</string>
	<string name="diceskin_97">Elemental Basics - Frost</string>
	<string name="diceskin_98">Elemental Basics - Life</string>
	<string name="diceskin_99">Elemental Basics - Light</string>
	<string name="diceskin_100">Elemental Basics - Lightning</string>
	<string name="diceskin_101">Elemental Basics - Shadow</string>
	<string name="diceskin_102">Elemental Basics - Storm</string>
	<string name="diceskin_103">Elemental Basics - Water</string>
	<string name="diceskin_104">Throwback</string>
	<string name="diceskin_105">Play</string>
	<string name="diceskin_106">Elemental Basics - Primordial Fire</string>
	<string name="diceskin_107">Elemental Basics - Primordial Earth</string>
	<string name="diceskin_108">Elemental Basics - Primordial Air</string>
	<string name="diceskin_109">Elemental Basics - Primordial Water</string>
	<string name="diceskin_110">Wizard Wrought - Base</string>
	<string name="diceskin_111">Wizard Wrought - Base (Inverted)</string>
	<string name="diceskin_112">Wizard Wrought - Storm</string>
	<string name="diceskin_113">Wizard Wrought - Storm (Inverted)</string>
	<string name="diceskin_114">Wizard Wrought - Water</string>
	<string name="diceskin_115">Wizard Wrought - Water (Inverted)</string>
	<string name="diceskin_116">Wizard Wrought - Iron</string>
	<string name="diceskin_117">Wizard Wrought - Iron (Inverted)</string>
	<string name="diceskin_118">Wizard Wrought - Bark</string>
	<string name="diceskin_119">Wizard Wrought - Bark (Inverted)</string>
	<string name="diceskin_120">Wizard Wrought - White Gold</string>
	<string name="diceskin_121">Wizard Wrought - White Gold (Inverted)</string>
	<string name="diceskin_122">Wizard Wrought - Antique Gold</string>
	<string name="diceskin_123">Wizard Wrought - Antique Gold (Inverted)</string>
	<string name="diceskin_124">Wizard Wrought - Green Gold</string>
	<string name="diceskin_125">Wizard Wrought - Green Gold (Inverted)</string>
	<string name="diceskin_130">Artificer - Base</string>
	<string name="diceskin_131">Artificer - Night Shade</string>
	<string name="diceskin_132">Artificer - Bark</string>
	<string name="diceskin_133">Artificer - Dark Gold</string>
	<string name="diceskin_134">Artificer - Gold</string>
	<string name="diceskin_135">Artificer - White Gold</string>
	<string name="diceskin_136">Artificer - Rusted Iron</string>
	<string name="diceskin_137">Artificer - Green Iron</string>
	<string name="diceskin_138">Artificer - Stained Copper</string>
	<string name="diceskin_139">Artificer - Storm</string>
	<string name="diceskin_140">Artificer - Green Gilt</string>
	<string name="diceskin_141">Artificer - Liquid Dream</string>
	<string name="diceskin_150">Annulus of Focus - Base</string>
	<string name="diceskin_151">Annulus of Focus - Hot Oil</string>
	<string name="diceskin_152">Annulus of Focus - Frostboil</string>
	<string name="diceskin_153">Annulus of Focus - Bog Hollow</string>
	<string name="diceskin_154">Annulus of Focus - Sunlit Catalyst</string>
	<string name="diceskin_155">Annulus of Focus - Scorched Sunset</string>
	<string name="diceskin_156">Annulus of Focus - Time Stop</string>
	<string name="diceskin_157">Annulus of Focus - Verdant Portal</string>
	<string name="diceskin_158">Annulus of Focus - Moss Willow</string>
	<string name="diceskin_159">Annulus of Focus - Floodvine</string>
	<string name="diceskin_160">Annulus of Focus - Base (Fx)</string>
	<string name="diceskin_161">Annulus of Focus - Hot Oil (Fx)</string>
	<string name="diceskin_162">Annulus of Focus - Frostboil (Fx)</string>
	<string name="diceskin_163">Annulus of Focus - Bog Hollow (Fx)</string>
	<string name="diceskin_164">Annulus of Focus - Sunlit Catalyst (Fx)</string>
	<string name="diceskin_165">Annulus of Focus - Scorched Sunset (Fx)</string>
	<string name="diceskin_166">Annulus of Focus - Time Stop (Fx)</string>
	<string name="diceskin_167">Annulus of Focus - Verdant Portal (Fx)</string>
	<string name="diceskin_168">Annulus of Focus - Moss Willow (Fx)</string>
	<string name="diceskin_169">Annulus of Focus - Floodvine (Fx)</string>
	<string name="diceskin_170">Annulus of Focus - Gnarlwood</string>
	<string name="diceskin_171">Annulus of Focus - Sandy Cerulean</string>
	<string name="diceskin_172">Annulus of Focus - Tranquil Coral</string>
	<string name="diceskin_173">Annulus of Focus - Steel Thicket</string>
	<string name="diceskin_174">Annulus of Focus - Gold</string>
	<string name="diceskin_175">Annulus of Focus - Stained Copper</string>
	<string name="diceskin_177">Annulus of Focus - Midtone</string>
	<string name="diceskin_178">Annulus of Focus - Light</string>
	<string name="diceskin_179">Annulus of Focus - Dark</string>
	<string name="diceskin_180">Annulus of Focus - Gnarlwood (Fx)</string>
	<string name="diceskin_181">Annulus of Focus - Sandy Cerulean (Fx)</string>
	<string name="diceskin_182">Annulus of Focus - Tranquil Coral (Fx)</string>
	<string name="diceskin_183">Annulus of Focus - Steel Thicket (Fx)</string>
	<string name="diceskin_184">Annulus of Focus - Gold (Fx)</string>
	<string name="diceskin_185">Annulus of Focus - Stained Copper (Fx)</string>
	<string name="diceskin_187">Annulus of Focus - Midtone (Fx)</string>
	<string name="diceskin_188">Annulus of Focus - Light (Fx)</string>
	<string name="diceskin_189">Annulus of Focus - Dark (Fx)</string>
	<string name="diceskin_190">Knots of Fate - Base</string>
	<string name="diceskin_191">Knots of Fate - Frostboil</string>
	<string name="diceskin_192">Knots of Fate - Sizzling Amber</string>
	<string name="diceskin_193">Knots of Fate - Aquatic Mirage</string>
	<string name="diceskin_194">Knots of Fate - Mystic Chroma</string>
	<string name="diceskin_195">Knots of Fate - Vivid Spring</string>
	<string name="diceskin_196">Knots of Fate - Radiant Coral</string>
	<string name="diceskin_197">Knots of Fate - Sandstone Swirl</string>
	<string name="diceskin_198">Knots of Fate - Luminous Lavender</string>
	<string name="diceskin_199">Knots of Fate - Enigmatic Seaweed</string>
	<string name="diceskin_200">Knots of Fate - Base (Fx)</string>
	<string name="diceskin_201">Knots of Fate - Frostboil (Fx)</string>
	<string name="diceskin_202">Knots of Fate - Sizzling Amber (Fx)</string>
	<string name="diceskin_203">Knots of Fate - Aquatic Mirage (Fx)</string>
	<string name="diceskin_204">Knots of Fate - Mystic Chroma (Fx)</string>
	<string name="diceskin_205">Knots of Fate - Vivid Spring (Fx)</string>
	<string name="diceskin_206">Knots of Fate - Radiant Coral (Fx)</string>
	<string name="diceskin_207">Knots of Fate - Sandstone Swirl (Fx)</string>
	<string name="diceskin_208">Knots of Fate - Luminous Lavender (Fx)</string>
	<string name="diceskin_209">Knots of Fate - Enigmatic Seaweed (Fx)</string>
	<string name="diceskin_210">Knots of Fate - Flaming Tapestry</string>
	<string name="diceskin_211">Knots of Fate - Burnished Spice</string>
	<string name="diceskin_212">Knots of Fate - Autumn Entwined</string>
	<string name="diceskin_213">Knots of Fate - Harmonic Lilac</string>
	<string name="diceskin_214">Knots of Fate - Gilded Mint</string>
	<string name="diceskin_215">Knots of Fate - Stained Copper</string>
	<string name="diceskin_216">Knots of Fate - Crimson Jade Vortex</string>
	<string name="diceskin_217">Knots of Fate - Citrus Infusion</string>
	<string name="diceskin_218">Knots of Fate - Gold</string>
	<string name="diceskin_219">Knots of Fate - Rusted Iron</string>
	<string name="diceskin_220">Knots of Fate - Flaming Tapestry (Fx)</string>
	<string name="diceskin_221">Knots of Fate - Burnished Spice (Fx)</string>
	<string name="diceskin_222">Knots of Fate - Autumn Entwined (Fx)</string>
	<string name="diceskin_223">Knots of Fate - Harmonic Lilac (Fx)</string>
	<string name="diceskin_224">Knots of Fate - Gilded Mint (Fx)</string>
	<string name="diceskin_225">Knots of Fate - Stained Copper (Fx)</string>
	<string name="diceskin_226">Knots of Fate - Crimson Jade Vortex (Fx)</string>
	<string name="diceskin_227">Knots of Fate - Citrus Infusion (Fx)</string>
	<string name="diceskin_228">Knots of Fate - Gold (Fx)</string>
	<string name="diceskin_229">Knots of Fate - Rusted Iron (Fx)</string>
	<string name="diceskin_230">Blood - Blood Splatter (Fx)</string>
	<string name="diceskin_231">Blood - Blood Magic (Fx)</string>
	<string name="diceskin_232">Blood - Blood Magic Splatter (Fx)</string>
	<string name="diceskin_233">Blood - Blood Impact (Fx)</string>
	<string name="diceskin_234">Blood - Claw (Fx)</string>
	<string name="diceskin_235">Blood - Splatter (Fx)</string>
	<string name="diceskin_236">Blood - Liquid Magic (Fx)</string>
	<string name="diceskin_237">Blood - Liquid Magic Splatter (Fx)</string>
	<string name="diceskin_238">Blood - Liquid Impact (Fx)</string>
	<string name="diceskin_239">Blood - Colorable Claw (Fx)</string>
	<string name="diceskin_240">Clover - Clover Luck</string>
	<string name="diceskin_241">Clover - Clover Burst (Fx)</string>
	<string name="diceskin_242">Clover - Clover Cascade (Fx)</string>
	<string name="diceskin_243">Clover - Clover Lush Luck (Fx)</string>
	<string name="diceskin_244">Clover - Red Luck</string>
	<string name="diceskin_245">Star - Star Spark</string>
	<string name="diceskin_246">Star - Star Burst (Fx)</string>
	<string name="diceskin_247">Star - Star Cascade (Fx)</string>
	<string name="diceskin_248">Star - Star Nova (Fx)</string>
	<string name="diceskin_249">Star - Green Astral</string>
	<string name="diceskin_250">Heart - Heartfelt</string>
	<string name="diceskin_251">Heart - Heart Burst (Fx)</string>
	<string name="diceskin_252">Heart - Cupid Cascade (Fx)</string>
	<string name="diceskin_253">Heart - Enamor Embers (Fx)</string>
	<string name="diceskin_254">Heart - Love Explosion (Fx)</string>
	<string name="diceskin_255">Skull - Toxic Burst (Fx)</string>
	<string name="diceskin_256">Skull - Toxic Cascade (Fx)</string>
	<string name="diceskin_257">Skull - Death Abounds (Fx)</string>
	<string name="diceskin_258">Skull - Red Death (Fx)</string>
	<string name="diceskin_259">Skull - Nuclear Fallout (Fx)</string>

	<string name="diceskin_260">Monster - Gravedust</string>
	<string name="diceskin_261">Monster - Unnatural</string>
	<string name="diceskin_262">Monster - Radiant</string>
	<string name="diceskin_263">Monster - Feymarked Seelie</string>
	<string name="diceskin_264">Monster - Feymarked Unseelie</string>
	<string name="diceskin_265">Monster - Constructed</string>
	<string name="diceskin_266">Monster - Sludge</string>
	<string name="diceskin_267">Monster - All-Father</string>
	<string name="diceskin_268">Monster - Flora</string>
	<string name="diceskin_269">Monster - Fauna</string>
	<string name="diceskin_270">Monster - Fiendish</string>
	<string name="diceskin_271">Monster - Gravedust (Fx)</string>
	<string name="diceskin_272">Monster - Unnatural (Fx)</string>
	<string name="diceskin_273">Monster - Radiant (Fx)</string>
	<string name="diceskin_274">Monster - Feymarked Seelie (Fx)</string>
	<string name="diceskin_275">Monster - Feymarked Unseelie (Fx)</string>
	<string name="diceskin_276">Monster - Constructed (Fx)</string>
	<string name="diceskin_277">Monster - Sludge (Fx)</string>
	<string name="diceskin_278">Monster - All-Father (Fx)</string>
	<string name="diceskin_279">Monster - Flora (Fx)</string>
	<string name="diceskin_280">Monster - Fauna (Fx)</string>
	<string name="diceskin_281">Monster - Fiendish (Fx)</string>

	<string name="diceskin_282">Dragon - Wyrmscale Red</string>
	<string name="diceskin_283">Dragon - Wyrmscale Blue</string>
	<string name="diceskin_284">Dragon - Wyrmscale Green</string>
	<string name="diceskin_285">Dragon - Wyrmscale Black</string>
	<string name="diceskin_286">Dragon - Wyrmscale White</string>
	<string name="diceskin_287">Dragon - Wyrmscale Gold</string>
	<string name="diceskin_288">Dragon - Wyrmscale Silver</string>
	<string name="diceskin_289">Dragon - Wyrmscale Bronze</string>
	<string name="diceskin_290">Dragon - Wyrmscale Copper</string>
	<string name="diceskin_291">Dragon - Wyrmscale Brass</string>
	<string name="diceskin_292">Dragon - Wyrmscale Red (Fx)</string>
	<string name="diceskin_293">Dragon - Wyrmscale Blue (Fx)</string>
	<string name="diceskin_294">Dragon - Wyrmscale Green (Fx)</string>
	<string name="diceskin_295">Dragon - Wyrmscale Black (Fx)</string>
	<string name="diceskin_296">Dragon - Wyrmscale White (Fx)</string>
	<string name="diceskin_297">Dragon - Wyrmscale Gold (Fx)</string>
	<string name="diceskin_298">Dragon - Wyrmscale Silver (Fx)</string>
	<string name="diceskin_299">Dragon - Wyrmscale Bronze (Fx)</string>
	<string name="diceskin_300">Dragon - Wyrmscale Copper (Fx)</string>
	<string name="diceskin_301">Dragon - Wyrmscale Brass (Fx)</string>

	<string name="diceskin_302">Monster - Bloodstalker</string>
	<string name="diceskin_303">Monster - Shrouded</string>
	<string name="diceskin_304">Monster - Brains</string>
	<string name="diceskin_305">Monster - Bones</string>
	<string name="diceskin_306">Monster - Moonhowl</string>
	<string name="diceskin_307">Monster - Chitinous</string>
	<string name="diceskin_308">Monster - Scalydoom</string>
	<string name="diceskin_309">Monster - Deathmetal</string>
	<string name="diceskin_310">Monster - Deeplurker</string>
	<string name="diceskin_311">Monster - Avian</string>
	<string name="diceskin_312">Monster - Bloodstalker (Fx)</string>
	<string name="diceskin_313">Monster - Shrouded (Fx)</string>
	<string name="diceskin_314">Monster - Brains (Fx)</string>
	<string name="diceskin_315">Monster - Bones (Fx)</string>
	<string name="diceskin_316">Monster - Moonhowl (Fx)</string>
	<string name="diceskin_317">Monster - Chitinous (Fx)</string>
	<string name="diceskin_318">Monster - Scalydoom (Fx)</string>
	<string name="diceskin_319">Monster - Deathmetal (Fx)</string>
	<string name="diceskin_320">Monster - Deeplurker (Fx)</string>
	<string name="diceskin_321">Monster - Avian (Fx)</string>

	<string name="diceskin_322">Hero - Barbarian</string>
	<string name="diceskin_323">Hero - Bard</string>
	<string name="diceskin_324">Hero - Cleric</string>
	<string name="diceskin_325">Hero - Druid</string>
	<string name="diceskin_326">Hero - Fighter</string>
	<string name="diceskin_327">Hero - Monk</string>
	<string name="diceskin_328">Hero - Paladin</string>
	<string name="diceskin_329">Hero - Ranger</string>
	<string name="diceskin_330">Hero - Rogue</string>
	<string name="diceskin_331">Hero - Sorcerer</string>
	<string name="diceskin_332">Hero - Warlock</string>
	<string name="diceskin_333">Hero - Wizard</string>
	<string name="diceskin_334">Hero - Barbarian (Fx)</string>
	<string name="diceskin_335">Hero - Bard (Fx)</string>
	<string name="diceskin_336">Hero - Cleric (Fx)</string>
	<string name="diceskin_337">Hero - Druid (Fx)</string>
	<string name="diceskin_338">Hero - Fighter (Fx)</string>
	<string name="diceskin_339">Hero - Monk (Fx)</string>
	<string name="diceskin_340">Hero - Paladin (Fx)</string>
	<string name="diceskin_341">Hero - Ranger (Fx)</string>
	<string name="diceskin_342">Hero - Rogue (Fx)</string>
	<string name="diceskin_343">Hero - Sorcerer (Fx)</string>
	<string name="diceskin_344">Hero - Warlock (Fx)</string>
	<string name="diceskin_345">Hero - Wizard (Fx)</string>
	
	<string name="diceskin_346">Dragonqueen</string>
	<string name="diceskin_347">Dragonqueen (Fx)</string>
	<string name="diceskin_348">Bladelord</string>
	<string name="diceskin_349">Bladelord (Fx)</string>
	<string name="diceskin_350">Stormlight</string>
	<string name="diceskin_351">Stormlight (Fx)</string>

	<string name="diceskin_352">Hero - Alchemist</string>
	<string name="diceskin_353">Hero - Engineer</string>
	<string name="diceskin_354">Hero - Gunslinger</string>
	<string name="diceskin_355">Hero - Investigator</string>
	<string name="diceskin_356">Hero - Jester</string>
	<string name="diceskin_357">Hero - Ninja</string>
	<string name="diceskin_358">Hero - Psychic</string>
	<string name="diceskin_359">Hero - Samurai</string>
	<string name="diceskin_360">Hero - Swashbuckler</string>
	<string name="diceskin_361">Hero - Witch</string>
	<string name="diceskin_362">Hero - Alchemist (Fx)</string>
	<string name="diceskin_363">Hero - Engineer (Fx)</string>
	<string name="diceskin_364">Hero - Gunslinger (Fx)</string>
	<string name="diceskin_365">Hero - Investigator (Fx)</string>
	<string name="diceskin_366">Hero - Jester (Fx)</string>
	<string name="diceskin_367">Hero - Ninja (Fx)</string>
	<string name="diceskin_368">Hero - Psychic (Fx)</string>
	<string name="diceskin_369">Hero - Samurai (Fx)</string>
	<string name="diceskin_370">Hero - Swashbuckler (Fx)</string>
	<string name="diceskin_371">Hero - Witch (Fx)</string>
	
	<!-- Custom Dice Rolls -->
	<string name="drc_list_label_name">Roll Type</string>
	<string name="drc_list_label_default">Default</string>

	<string name="drc_item_button_usedefault">Use Default Skin?</string>
	<string name="drc_item_custom">Drag dice skin button from Color Selection window to set custom skin</string>
	<string name="drc_item_button_custom_clear">Clear Custom Dice Skin</string>

	<string name="drc_label_type_damage">Damage</string>
	<string name="drc_label_type_heal">Healing</string>

	<string name="drc_label_subtype_acid">Element - Acid</string>
	<string name="drc_label_subtype_cold">Element - Cold</string>
	<string name="drc_label_subtype_electricity">Element - Electricity</string>
	<string name="drc_label_subtype_fire">Element - Fire</string>
	<string name="drc_label_subtype_force">Element - Force</string>
	<string name="drc_label_subtype_lightning">Element - Lightning</string>
	<string name="drc_label_subtype_necrotic">Element - Necrotic</string>
	<string name="drc_label_subtype_negative">Element - Negative</string>
	<string name="drc_label_subtype_poison">Element - Poison</string>
	<string name="drc_label_subtype_positive">Element - Positive</string>
	<string name="drc_label_subtype_psychic">Element - Psychic</string>
	<string name="drc_label_subtype_radiant">Element - Radiant</string>
	<string name="drc_label_subtype_sonic">Element - Sonic</string>
	<string name="drc_label_subtype_thunder">Element - Thunder</string>

	<string name="drc_label_subtype_bludgeoning">Physical - Bludgeoning</string>
	<string name="drc_label_subtype_piercing">Physical - Piercing</string>
	<string name="drc_label_subtype_slashing">Physical - Slashing</string>
	<string name="drc_label_subtype_ballistic">Physical - Ballistic</string>
	<string name="drc_label_subtype_concussion">Physical - Concussion</string>

	<string name="drc_label_subtype_adamantine">Material - Adamantine</string>
	<string name="drc_label_subtype_cold-forged-iron">Material - Cold Iron</string>
	<string name="drc_label_subtype_cold-iron">Material - Cold Iron</string>
	<string name="drc_label_subtype_silver">Material - Silver</string>

	<string name="drc_label_subtype_epic">Special - Epic</string>
	<string name="drc_label_subtype_magic">Special - Magic</string>
	<string name="drc_label_subtype_magical">Special - Magical</string>

	<string name="drc_label_subtype_health">Health</string>
	<string name="drc_label_subtype_temp">Temp</string>
	<string name="drc_label_subtype_stamina">Stamina</string>

	<string name="drc_label_mode_critical">Critical</string>
	<string name="drc_label_mode_precision">Precision</string>
</root>
