<?xml version="1.0" encoding="iso-8859-1"?>

<!--
  Please see the license.html file included with this distribution for
  attribution and copyright information.
-->

<root>
	<!-- Used by many rulesets -->
	<string name="dash">-</string>
	<string name="ac">AC</string>
	<string name="base">Base</string>
	<string name="armorclass">Armor Class</string>
	<string name="custom">Custom</string>
	<string name="hp">HP</string>
	<string name="hitpoints">Hit Points</string>
	<string name="lvl">Lvl</string>
	<string name="level">Level</string>
	<string name="xp">XP</string>
	<string name="clear">Clear</string>
	<string name="campaign">Campaign</string>
	<string name="unknown">Unknown</string>

	<!-- General -->
	<string name="visibilityon">Visible to All</string>
	<string name="visibilityoff">Visible to GM</string>
	<string name="list_menu_createitem">Create Item</string>
	<string name="list_menu_deleteitem">Delete Item</string>
	<string name="list_menu_deleteconfirm">Confirm Delete</string>

	<string name="label_page_info">Page %d of %d</string>
	<string name="tooltip_page_top">Open Story Book</string>
	<string name="tooltip_page_start">First Page</string>
	<string name="tooltip_page_prev">Previous Page</string>
	<string name="tooltip_page_next">Next Page</string>
	<string name="tooltip_page_end">Last Page</string>
	<string name="tooltip_home">Home</string>
	<string name="tooltip_history_back">Back</string>

	<string name="numbersuffix0">th</string>
	<string name="numbersuffix1">st</string>
	<string name="numbersuffix2">nd</string>
	<string name="numbersuffix3">rd</string>
	<string name="numbersuffix4">th</string>
	<string name="numbersuffix5">th</string>
	<string name="numbersuffix6">th</string>
	<string name="numbersuffix7">th</string>
	<string name="numbersuffix8">th</string>
	<string name="numbersuffix9">th</string>
	<string name="numbersuffix_default">th</string>

	<string name="header_description">DESCRIPTION</string>
	<string name="header_gmnotes">GM NOTES</string>
	<string name="header_playernotes">PLAYER NOTES</string>

	<!-- Actions -->
	<string name="action_ability_tag">ABILITY</string>
	<string name="action_attack_tag">ATTACK</string>
	<string name="action_cast_tag">CAST</string>
	<string name="action_check_tag">CHECK</string>
	<string name="action_cm_tag">CM</string>
	<string name="action_damage_tag">DAMAGE</string>
	<string name="action_effect_tag">EFFECT</string>
	<string name="action_grapple_tag">GRAPPLE</string>
	<string name="action_heal_tag">HEAL</string>
	<string name="action_init_tag">INIT</string>
	<string name="action_save_tag">SAVE</string>
	<string name="action_savevs_tag">SAVE VS</string>
	<string name="action_skill_tag">SKILL</string>

	<!-- Common Lighting/Vision Settings -->
	<string name="lighting_none">None</string>
	<string name="lighting_candle">Candle</string>
	<string name="lighting_lamp">Lamp</string>
	<string name="lighting_torch">Torch</string>
	<string name="lighting_lantern">Lantern</string>
	<string name="lighting_spell_darkness">Spell - Darkness</string>
	<string name="lighting_spell_darkness_tag">darkness</string>
	<string name="lighting_spell_light">Spell - Light</string>
	<string name="lighting_spell_light_tag">light</string>
	<string name="ambient_lighting_none">None</string>
	<string name="ambient_lighting_dawn">Dawn</string>
	<string name="ambient_lighting_sunlight">Sunlight</string>
	<string name="ambient_lighting_dusk">Dusk</string>
	<string name="ambient_lighting_moonlight">Moonlight</string>
	<string name="vision_none">None</string>
	<string name="vision_darkvision">Darkvision</string>
	<string name="vision_blindsight">Blindsight</string>
	<string name="vision_truesight">Truesight</string>

	<!-- Game System Specific Lighting/Vision Settings -->
	<string name="lighting_sunrod">Sunrod</string>
	<string name="lighting_spell_daylight">Spell - Daylight</string>
	<string name="lighting_spell_daylight_tag">daylight</string>
	<string name="vision_infravision">Infravision</string>
	<string name="vision_nightvision">Nightvision</string>
	<string name="vision_devilsight">Devilsight</string>
	<string name="vision_devilsight_alt">Devil's Sight</string>
	<string name="vision_darkvision_greater">Greaterdarkvision</string>
	<string name="vision_darkvision_greater_alt">Greater Darkvision</string>
	<string name="vision_darkvision_superior">Superior Darkvision</string>
	<string name="vision_lowlightvision">Lowlightvision</string>
	<string name="vision_lowlightvision_alt">Low-Light Vision</string>

	<!-- Templates -->
	<string name="counter_menu_clear">Clear</string>
	<string name="listlink_menu_editon">Edit</string>
	<string name="listlink_menu_editoff">Stop Editing</string>

	<string name="button_folder">Folder</string>
	<string name="button_refresh">Refresh</string>
	<string name="button_folder_refresh_tooltip">Refresh Folder Assets</string>
	<string name="button_import_image_files">Import Files</string>
	<string name="button_import_image_assets">Create From Campaign Assets</string>
	<string name="button_store">Store</string>
	<string name="button_store_tooltip">Store purchases require update and restart of Fantasy Grounds</string>
	<string name="button_dialog_ok">OK</string>
	<string name="button_dialog_roll">Roll</string>
	<string name="button_dialog_fauxroll">Faux Roll\r(Numbers will not match visible 3D dice)</string>
	<string name="button_dialog_cancel">Cancel</string>

	<string name="dice_menu_clear">Clear Dice</string>

	<!-- Desktop -->
	<string name="charlist_menu_ring">Ring Bell</string>
	<string name="charlist_menu_kick">Kick</string>
	<string name="charlist_menu_kickconfirm">Kick Confirm</string>
	<string name="charlist_menu_afk">Toggle AFK</string>
	<string name="charlist_menu_release">Release</string>
	<string name="charlist_menu_whisper">Whisper</string>
	<string name="charlist_message_afkon">User has gone AFK.</string>
	<string name="charlist_message_afkoff">User is back.</string>
	<string name="charlist_tooltip_user">User</string>

	<string name="modstack_label_modifier">Modifier</string>
	<string name="modstack_label_adjusting">Adjusting</string>
	<string name="modstack_tooltip_targeting_on">Use current targets for chat window rolls</string>
	<string name="modstack_tooltip_targeting_off">Do not use current targets for chat window rolls</string>

	<string name="dicetower_tooltip">Dice Tower</string>
	<string name="dicetower_tag">TOWER</string>
	<string name="dicetower_menu_whisper">Whisper to GM</string>

	<!-- Sidebar -->
	<string name="sidebar_tooltip_library">Modules</string>
	<string name="sidebar_tooltip_assets">Assets</string>
	<string name="sidebar_tooltip_story_book">Books</string>

	<string name="sidebar_tooltip_ct">Combat Tracker</string>
	<string name="sidebar_tooltip_ps">Party Sheet</string>
	<string name="sidebar_tooltip_calendar">Calendar</string>
	<string name="sidebar_tooltip_diceselect">Dice</string>
	<string name="sidebar_tooltip_modifiers">Modifiers</string>
	<string name="sidebar_tooltip_effectlist">Effects</string>
	<string name="sidebar_tooltip_options">Options</string>
	<string name="sidebar_tooltip_manualroll">Manual Dice Rolls</string>
	<string name="sidebar_tooltip_sound_context">Sound: Context</string>

	<!-- Windows -->
	<string name="button_toolbar_duplicate">Duplicate Record</string>
	<string name="button_toolbar_export">Export Record</string>
	<string name="button_toolbar_help">Open Help</string>
	<string name="button_toolbar_link">Drag Record Link</string>
	<string name="button_toolbar_id_true">Identified</string>
	<string name="button_toolbar_id_false">Not Identified</string>
	<string name="button_toolbar_locked_false">Unlocked</string>
	<string name="button_toolbar_locked_true">Locked</string>
	<string name="button_toolbar_readonly">Read Only</string>
	<string name="button_toolbar_module">Module</string>
	<string name="button_toolbar_revert">Revert Changes To Module Record</string>
	<string name="button_toolbar_share_off">Not Shared</string>
	<string name="button_toolbar_share_public">Public</string>
	<string name="button_toolbar_share_specific">Shared with:</string>
	<string name="button_toolbar_window_close">Close</string>
	<string name="button_toolbar_window_minimize">Minimize</string>
	<string name="button_toolbar_size_up">Increase Size</string>
	<string name="button_toolbar_size_down">Decrease Size</string>

	<string name="revert_dialog_title">Revert Changes</string>
	<string name="revert_dialog_text">Do you wish to revert changes to the following record?</string>
	<string name="revert_module_dialog_text">Do you wish to revert changes to the following module?</string>

	<string name="help_library_masterindex">https://server.fantasygrounds.com/links_ruleset.php?link=help_data_masterindex</string>
	<string name="help_library_charselect">https://server.fantasygrounds.com/links_ruleset.php?link=help_data_charselect</string>

	<string name="help_tool_ct">https://server.fantasygrounds.com/links_ruleset.php?link=help_tool_ct</string>
	<string name="help_tool_ps">https://server.fantasygrounds.com/links_ruleset.php?link=help_tool_ps</string>
	<string name="help_tool_calendar">https://server.fantasygrounds.com/links_ruleset.php?link=help_tool_calendar</string>
	<string name="help_tool_color">https://server.fantasygrounds.com/links_ruleset.php?link=help_tool_color</string>
	<string name="help_tool_dice">https://server.fantasygrounds.com/links_ruleset.php?link=help_tool_dice</string>
	<string name="help_tool_modifiers">https://server.fantasygrounds.com/links_ruleset.php?link=help_tool_modifiers</string>
	<string name="help_tool_effects">https://server.fantasygrounds.com/links_ruleset.php?link=help_tool_effects</string>
	<string name="help_tool_options">https://server.fantasygrounds.com/links_ruleset.php?link=help_tool_options</string>

	<string name="help_tool_library">https://server.fantasygrounds.com/links_ruleset.php?link=help_data_library</string>
	<string name="help_tool_moduleselection">https://server.fantasygrounds.com/links_ruleset.php?link=help_data_moduleselection</string>
	<string name="help_tool_tokens">https://server.fantasygrounds.com/links_ruleset.php?link=help_data_assets</string>

	<string name="help_tool_sound_settings">https://server.fantasygrounds.com/links_ruleset.php?link=help_tool_soundsettings</string>
	<string name="help_tool_sound_context">https://server.fantasygrounds.com/links_ruleset.php?link=help_tool_soundcontext</string>

	<string name="help_record_charsheet">https://server.fantasygrounds.com/links_ruleset.php?link=help_record_charsheet</string>
	<string name="help_record_image">https://server.fantasygrounds.com/links_ruleset.php?link=help_record_image</string>
	<string name="help_record_table">https://server.fantasygrounds.com/links_ruleset.php?link=help_record_table</string>

	<string name="help_action_cast">https://server.fantasygrounds.com/links_ruleset.php?link=help_action_cast</string>
	<string name="help_action_attack">https://server.fantasygrounds.com/links_ruleset.php?link=help_action_attack</string>
	<string name="help_action_damage">https://server.fantasygrounds.com/links_ruleset.php?link=help_action_damage</string>
	<string name="help_action_heal">https://server.fantasygrounds.com/links_ruleset.php?link=help_action_heal</string>
	<string name="help_action_effect">https://server.fantasygrounds.com/links_ruleset.php?link=help_action_effect</string>

	<!-- Character List -->
	<string name="button_characterlist_swap_combat">Switch to Combat Tabletop List</string>
	<string name="button_characterlist_swap_party">Switch to Party Tabletop List</string>

	<!-- Chat -->
	<string name="message_slashcommands">SLASH COMMANDS [required] &lt;optional&gt;</string>
	<string name="message_slashREVLon">Revealing all die rolls</string>
	<string name="message_slashREVLoff">Hiding all die rolls</string>
	<string name="error_slashexportrecordmissing">Unable to find record requested for export.</string>
	<string name="error_slashreplytargetmissing">Reply target not available.</string>
	<string name="error_slashwhispertargetmissing">Whisper recipient not found.</string>
	<string name="error_slashwhispermsgmissing">No whisper message found.</string>
	<string name="error_slashwhispersourcemissing">Please select an identity before whispering.</string>
	<string name="message_slashimportsuccess">Imported record(s) from</string>
	<string name="message_slashexportsuccess">Exported record(s)</string>
	<string name="message_slashflushsuccess">All client non-owner access to database has been reset.</string>
	<string name="error_oobunknown">[ERROR] Unknown special message type received.</string>
	<string name="tag_warning">WARNING</string>
	<string name="chat_tooltip_speaker">Speaker identity</string>
	<string name="chat_tooltip_language">Language selection</string>
	<string name="message_record_share_unknown">Unknown window type shared</string>

	<!-- Languages -->
	<string name="message_chatsetlang_unavailable">Chat language is not available to current identity.</string>
	<string name="error_chathandlelang_unavailable">[ERROR] Received non-campaign chat language [Language = %s, Message = %s]</string>
	<string name="message_chathandlelang_understood">understood by</string>
	<string name="tag_chathandlelang_translation">[Translation]</string>
	<string name="tag_chathandlelang_partial">[Partial]</string>
	<string name="tag_chathandlelang_unknown">[Unknown]</string>

	<!-- Calendar -->
	<string name="message_calendartime">The time is</string>
	<string name="message_calendardate">The date is</string>

	<!-- Common Rest Options -->
	<string name="menu_rest">Rest</string>
	<string name="menu_restshort">Short Rest</string>
	<string name="menu_restlong">Long Rest</string>
	<string name="menu_restextended">Extended Rest</string>
	<string name="menu_restovernight">Overnight Rest</string>

	<string name="message_restshort">Taking Short Rest.</string>
	<string name="message_restlong">Taking Long Rest.</string>
	<string name="message_restextended">Taking Extended Rest.</string>
	<string name="message_restovernight">Taking Overnight Rest.</string>
	<string name="message_restallshort">Party taking Short Rest.</string>
	<string name="message_restalllong">Party taking Long Rest.</string>
	<string name="message_restallextended">Party taking Extended Rest.</string>
	<string name="message_restallovernight">Party taking Overnight Rest.</string>

	<!-- Other -->
	<string name="message_initswap">Initiative swapped. [%s &lt;-&gt; %s]</string>

	<!-- Built-in FG menus - General -->
	<!--
	<string name="deleteconfirm">Confirm Delete</string>
	<string name="linkshare">Make Link Shareable</string>
	<string name="linkshareall">Make All Links Shareable</string>
	<string name="linkprivate">Make Link Private</string>
	<string name="linkprivateall">Make All Links Private</string>
	-->

	<!-- Built-in FG menus - Desktop -->
	<!--
	<string name="closeprogrammenu">Exit Session</string>
	<string name="closeprogram">Exit Program</string>
	<string name="closereturn">Return to Launcher</string>
	<string name="desktoprestore">Restore Window</string>
	<string name="desktopmaximize">Maximize Window</string>
	<string name="dicearrange">Arrange Dice</string>
	<string name="dicelock">Set Arrange Position</string>
	<string name="diceunlock">Default Arrange Position</string>
	<string name="dicecustom">Custom Dice</string>
	<string name="diceroll2">Roll 2</string>
	<string name="diceroll3">Roll 3</string>
	<string name="diceroll4">Roll 4</string>
	<string name="diceroll5">Roll 5</string>
	<string name="diceroll10">Roll 10</string>
	<string name="diceroll15">Roll 15</string>
	<string name="diceroll20">Roll 20</string>
	-->

	<!-- Built-in FG menus - Hot Key Bar -->
	<!--
	<string name="hotkeyclear">Clear Slot</string>
	<string name="hotkeyedit">Edit Label</string>
	<string name="hotkeyeditend">End Label Edit</string>
	-->

	<!-- Built-in FG menus - tokenbagcontrol -->
	<!--
	<string name="tokenbagclear">Clear Slot</string>
	<string name="tokenbagarrangegrid">Arrange Tokens</string>
	<string name="tokenbagshuffle">Shuffle Tokens</string>
	<string name="tokenbagzoommenu">Zoom</string>
	<string name="tokenbagzoom">Zoom In</string>
	<string name="tokenbagzoomout">Zoom Out</string>
	<string name="tokenbagreset">Reset Zoom</string>

	<string name="assetviewnext">Next Page</string>
	<string name="assetviewprev">Previous Page</string>
	<string name="assetviewgrid">Grid View</string>
	<string name="assetviewlist">List View</string>
	-->

	<!-- Built-in FG menus - chatwindow -->
	<!--
	<string name="chatclipboard">Copy Text To Clipboard</string>
	<string name="chattotal">Total</string>
	<string name="chattotalnone">Hide</string>
	<string name="chattotalsum">Standard Value</string>
	<string name="chattotalhalf">Half Value</string>
	<string name="chattotaldouble">Double Value</string>
	<string name="chattotalnegate">Negate Value</string>
	-->

	<!-- Built-in FG menus - diecontrol -->
	<!--
	<string name="dieclear">Clear Dice</string>
	-->

	<!-- Built-in FG menus - textcontrol -->
	<!--
	<string name="textclipboard">Clipboard</string>
	<string name="textclipboardcut">Cut</string>
	<string name="textclipboardcopy">Copy</string>
	<string name="textclipboardpaste">Paste</string>
	-->

	<!-- Built-in FG menus - formattedtextcontrol -->
	<!--
	<string name="textparagraphtypes">Paragraph Types</string>
	<string name="textbody">Body Text</string>
	<string name="texttitle">Heading</string>
	<string name="textlist">List</string>
	<string name="textlink">Link</string>
	<string name="textchat">Chat Frame</string>
	<string name="texttableh">Table</string>
	<string name="textassignspeaker">Assign Speaker</string>
	<string name="textformatting">Formatting</string>
	<string name="textbold">Bold</string>
	<string name="textitalics">Italics</string>
	<string name="textunderline">Underline</string>
	-->

	<!-- Built-in FG menus - imagecontrol -->
	<!--
	<string name="imageshortcutson">Enable Links</string>
	<string name="imageshortcutsoff">Disable Links</string>
	<string name="imageshortcutdelete">Delete Link</string>
	<string name="imageviewmenu">Sharing</string>
	<string name="imageviewupdate">Update Client View</string>
	<string name="imageviewunlock">Unlock Client View</string>
	<string name="imageviewsynch">Synch Client View</string>
	<string name="imageviewlock">Lock Client View</string>
	<string name="imagelayers">Layers</string>
	<string name="imagegoto">Navigator</string>
	<string name="imagemask">Enable Mask</string>
	<string name="imagemaskdelete">Delete Mask</string>
	<string name="imagemaskediton">Enter Mask Mode</string>
	<string name="imagemaskeditoff">Exit Mask Mode</string>
	<string name="imagegrid">Set Grid</string>
	<string name="imagegridhex">Set Hex Grid</string>
	<string name="imagegridoff">Grid Off</string>
	<string name="imagegridchangesquare">Change Grid to Square</string>
	<string name="imagegridchangehex">Change Grid to Hex</string>
	<string name="imagegridsnapon">Snap to Grid On</string>
	<string name="imagegridsnapoff">Snap to Grid Off</string>
	<string name="imagedrawingmenu">Drawing</string>
	<string name="imagedrawinglock">Lock Drawing Layer</string>
	<string name="imagedrawingunlock">Unlock Drawing Layer</string>
	<string name="imagedrawingeraseall">Clear Drawing</string>
	<string name="imagedrawingexpand">Expand drawing</string>
	<string name="imagedrawingexpandup">Expand up</string>
	<string name="imagedrawingexpandright">Expand right</string>
	<string name="imagedrawingexpanddown">Expand down</string>
	<string name="imagedrawingexpandleft">Expand left</string>
	<string name="imagedrawingediton">Enter Drawing Mode</string>
	<string name="imagedrawingstroke">Draw</string>
	<string name="iamgedrawingerasestroke">Erase</string>
	<string name="imagedrawingeditoff">Exit Drawing Mode</string>
	<string name="imageselectmenu">Selection Modes</string>
	<string name="imageselecttoken">Token Select Mode</string>
	<string name="imageselecttarget">Token Target Mode</string>
	<string name="imagepointermenu">Pointers</string>
	<string name="imagepointerarrow">Draw Arrow</string>
	<string name="imagepointercone">Draw Cone</string>
	<string name="imagepointercircle">Draw Circle</string>
	<string name="imagepointersquare">Draw Square</string>
	<string name="imagepointerdeleteone">Remove This</string>
	<string name="imagepointerdeleteall">Remove Pointers</string>
	<string name="imagetokenlock">Lock Tokens</string>
	<string name="imagetokenunlock">Unlock Tokens</string>
	<string name="imagetokenzoomlock">Lock Token Scale</string>
	<string name="imagetokenzoomunlock">Release Token Scale</string>
	<string name="imagesize">View</string>
	<string name="imagesizesynch">Synch Client View</string>
	<string name="imagesizereset">Reset Zoom</string>
	<string name="imagesizefit">Zoom To Fit</string>
	<string name="imagesizefill">Zoom To Fill</string>
	-->

	<!-- Built-in FG menus - tokeninstance -->
	<!--
	<string name="tokenrotatecw">Rotate Right</string>
	<string name="tokenrotateccw">Rotate Left</string>
	<string name="tokenacceptmove">Accept Move</string>
	<string name="tokenresetscale">Reset individual token scale</string>
	<string name="tokenvisibility">Visibility</string>
	<string name="tokenvisibilitymask">Mask Sensitive Visibility</string>
	<string name="tokenvisibilityoff">Set Always Invisible</string>
	<string name="tokenvisibilityon">Set Always Visible</string>
	<string name="tokendelete">Delete Token</string>
	<string name="tokendeleteone">Delete This Token</string>
	<string name="tokendeleteall">Delete All Tokens</string>
	<string name="tokentoback">Send To Back</string>
	<string name="tokentofront">Bring To Front</string>
	-->

	<!-- Built-in FG menus - windowinstance -->
	<string name="windowshare">Share Record</string>
	<string name="windowunshare">Stop Sharing Record</string>
	<!--
	<string name="windowsharemenu">Sharing</string>
	<string name="windowshareupdate">Update Shared Record</string>
	<string name="windowunlock">Unlock Position</string>
	<string name="windowlock">Lock Position</string>
	<string name="windowsizemenu">Minimize or Restore</string>
	<string name="windowminimize">Minimize</string>
	<string name="windowrestore">Restore</string>
	<string name="windowsizereset">Reset Position</string>
	<string name="windowclosemenu">Window</string>
	<string name="windowcloseremote">Close For All</string>
	<string name="windowclose">Close Window</string>
	<string name="windowdelete">Delete Record</string>
	<string name="windowexport">Export Record</string>
	-->

	<!-- Built-in FG menus - windowlist -->
	<!--
	<string name="listinsert">Create Item</string>
	<string name="listdelete">Delete Item</string>
	-->

	<!-- DEPRECATED (2025-03) -->
	<string name="lang_val_speaksall">Speaks all</string>
	<string name="lang_val_understandsall">Understands all</string>
	<string name="lang_val_comprehendlanguages">Comprehend languages</string>
	<string name="lang_val_tongues">Tongues</string>
</root>
