<?xml version="1.0" encoding="iso-8859-1"?>

<!--
  Please see the license.html file included with this distribution for
  attribution and copyright information.
-->

<root>
	<!-- STANDARD -->
	<string name="ct_window_title">Combat Tracker</string>

	<string name="ct_emptylist">Drop PC, NPC or encounter links to add entries.</string>

	<string name="ct_label_name">Name</string>
	<string name="ct_label_init">Init</string>
	<string name="ct_label_hptemp">Tmp</string>
	<string name="ct_label_nonlethal">Sbd</string>
	<string name="ct_label_wounds">Wnd</string>
	<string name="ct_label_status">Status</string>
	<string name="ct_label_targets">Targets:</string>
	<string name="ct_label_effects">Effects:</string>
	<string name="ct_label_space_size">Space</string>
	<string name="ct_label_space_reach">Reach</string>
	<string name="ct_label_effectappliedby">Applied by:</string>
	<string name="ct_label_effecttargets">Targets:</string>
	<string name="ct_label_menu">MENU</string>
	<string name="ct_label_round">ROUND</string>

	<string name="ct_tooltip_hptemp">Temporary Hit Points</string>
	<string name="ct_tooltip_nonlethal">Nonlethal Wounds</string>
	<string name="ct_tooltip_wounds">Wounds</string>
	<string name="ct_tooltip_space_size">Space</string>
	<string name="ct_tooltip_space_reach">Reach</string>
	<string name="ct_tooltip_endturn">Turn Complete</string>
	<string name="ct_tooltip_nextactor">Next Actor</string>
	<string name="ct_tooltip_nextround">Next Round</string>
	<string name="ct_tooltip_factionempty">Faction: None</string>
	<string name="ct_tooltip_factionfriend">Faction: Friend</string>
	<string name="ct_tooltip_factionneutral">Faction: Neutral</string>
	<string name="ct_tooltip_factionfoe">Faction: Hostile</string>
	<string name="ct_tooltip_effectadd">Add Effect</string>
	<string name="ct_tooltip_effectdelete">Delete Effect</string>
	<string name="ct_tooltip_effectdragtarget">Drag onto new effect target</string>
	<string name="ct_tooltip_shownpcallon">Show all NPCs</string>
	<string name="ct_tooltip_shownpcalloff">Hide all NPCs</string>
	<string name="ct_tooltip_shownpcon">Show NPC</string>
	<string name="ct_tooltip_shownpcoff">Hide NPC</string>
	<string name="ct_tooltip_effects">Effects</string>
	<string name="ct_tooltip_offense">Offense</string>
	<string name="ct_tooltip_defense">Defense</string>
	<string name="ct_tooltip_space">Space and Reach</string>
	<string name="ct_tooltip_targeting">Targets</string>
	<string name="ct_tooltip_dragtarget">Drag onto new target</string>
	<string name="ct_tooltip_effecton">Active</string>
	<string name="ct_tooltip_effectoff">Inactive</string>
	<string name="ct_tooltip_effectskip">Skip One Use</string>
	<string name="ct_tooltip_cleartarget">Clear targets</string>

	<string name="ct_menu_round5">Advance 5</string>
	<string name="ct_menu_round10">Advance 10</string>
	<string name="ct_menu_round15">Advance 15</string>
	<string name="ct_menu_round20">Advance 20</string>
	<string name="ct_menu_effectadd">Add Effect</string>
	<string name="ct_menu_effectdelete">Delete Effect</string>
	<string name="ct_menu_initmenu">Initiative</string>
	<string name="ct_menu_initall">Roll All Initiatives</string>
	<string name="ct_menu_initnpc">Roll NPC Initiatives</string>
	<string name="ct_menu_initpc">Roll PC Initiatives</string>
	<string name="ct_menu_initclear">Clear All Initiatives</string>
	<string name="ct_menu_itemdelete">Delete From Tracker</string>
	<string name="ct_menu_itemdeletenonfriendly">Delete All Non-Friendly</string>
	<string name="ct_menu_itemdeletefoe">Delete Only Foes</string>
	<string name="ct_menu_effectdeleteall">Clear All Effects</string>
	<string name="ct_menu_effectdeleteexpiring">Clear Expiring Effects</string>
	<string name="ct_menu_targeting">Targeting</string>
	<string name="ct_menu_targetingfriend">Target all allies</string>
	<string name="ct_menu_targetingnonfriend">Target all non-allies</string>

	<string name="ct_error_effectdroptargetnotinct">[ERROR] Effect dropped on target which is not listed in the combat tracker.</string>
	<string name="ct_error_effectdecodefail">[ERROR] Unable to decode effect details.</string>
	<string name="ct_error_addnpcfail">[ERROR] Unable to create NPC record.</string>
	<string name="ct_error_addnpcfail2">[ERROR] Missing data record, check your modules. Unable to add NPC record.</string>
	<string name="ct_error_effectapplyfail">[ERROR] Unable to resolve CT effect application on node.</string>
	<string name="ct_error_effectremovefail">[ERROR] Unable to resolve CT effect removal on node.</string>
	<string name="ct_error_effectdeletefail">[ERROR] Unable to find effect to remove.</string>
	<string name="ct_error_effectmissingactor">[ERROR] Unable to find actor to remove effect from.</string>
	<string name="ct_error_targetingunlinkedtoken">[ERROR] Unable to target token not linked to combat tracker entry.</string>
	<string name="ct_error_targetingpcmissingfromct">[ERROR] Active PC not listed in combat tracker.</string>
	<string name="ct_error_openpclinkedtokenwithoutaccess">[ERROR] Unable to open linked character record, because your user does not own that record.</string>
	<string name="ct_error_openotherlinkedtokenwithoutaccess">[ERROR] Unable to open linked actor record, because your user does not have access.</string>

	<string name="ct_tooltip_effectdur">Duration</string>
	<string name="ct_tooltip_effectinit">Initiative to adjust on</string>

	<string name="combat_tag_round">ROUND</string>
	<string name="combat_tag_turn">TURN</string>
	<string name="combat_tag_status">STATUS</string>
</root>
