<?xml version="1.0" encoding="iso-8859-1"?>

<!-- 
  Please see the license.html file included with this distribution for 
  attribution and copyright information.
-->

<root>
	<windowclass name="combattracker_client" merge="join">
		<script file="ct/scripts/clientct_window_dnd.lua" />
	</windowclass>
	<windowclass name="sub_ct_header_client" merge="join">
		<sheetdata>
			<label_ct_header_right name="label_status" insertbefore="label_init">
				<anchored width="110" />
				<static textres="ct_label_status" />
			</label_ct_header_right>
			<label_ct_header_right name="label_wounds" insertbefore="label_init">
				<static textres="ct_label_wounds" />
				<tooltip textres="ct_tooltip_wounds" />
			</label_ct_header_right>
			<label_ct_header_right name="label_temp" insertbefore="label_init">
				<static textres="ct_label_hptemp" />
				<tooltip textres="ct_tooltip_hptemp" />
			</label_ct_header_right>
			<label_ct_header_right name="label_hp" insertbefore="label_init">
				<static textres="hp" />
				<tooltip textres="hitpoints" />
			</label_ct_header_right>
		</sheetdata>
	</windowclass>
</root>
