<?xml version="1.0" encoding="iso-8859-1"?>

<!-- 
  Please see the license.html file included with this distribution for 
  attribution and copyright information.
-->

<root>
	<windowclass name="client_ct_entry" merge="join">
		<script file="ct/scripts/clientct_entry.lua" />
		<sheetdata>
			<base_clientct_health name="healthbase" insertbefore="initresult" />
			<string_clientct_status name="status" insertbefore="initresult" />
			<number_clientct_wounds name="wounds" insertbefore="initresult" />
			<number_clientct_hptemp name="hptemp" insertbefore="initresult" />
			<number_clientct_hp name="hptotal" insertbefore="initresult" />

			<sub_ct_section name="sub_active" insertbefore="sub_effects" />
		</sheetdata>
	</windowclass>
</root>
