<?xml version="1.0" encoding="iso-8859-1"?>

<!-- 
  Please see the license.html file included with this distribution for 
  attribution and copyright information.
-->

<root>
	<windowclass name="ct_entry" merge="join">
		<margins control="0,0,0,5" />
		<sizelimits>
			<minimum height="50" />
		</sizelimits>
		<script file="ct/scripts/ct_entry.lua" />
		<sheetdata>
			<hs name="status" />

			<hsx name="type" />
			<hsx name="size" />
			<hsx name="alignment" />
			<hnx name="deathsavesuccess" />
			<hnx name="deathsavefail">
				<script>
					function update() window.onHealthChanged(); end
				</script>
			</hnx>

			<hnx name="init" />
			<hnx name="ac" />
			<hsx name="speed" />

			<hnx name="strength" source="abilities.strength.score" />
			<hnx name="dexterity" source="abilities.dexterity.score" />
			<hnx name="constitution" source="abilities.constitution.score" />
			<hnx name="intelligence" source="abilities.intelligence.score" />
			<hnx name="wisdom" source="abilities.wisdom.score" />
			<hnx name="charisma" source="abilities.charisma.score" />

			<button_ct_section_defense name="button_section_defense" insertbefore="button_section_space" />
			<button_ct_section_active name="button_section_active" insertbefore="button_section_space" />

			<number_ct_crosslink name="wounds" insertbefore="initresult">
				<anchored to="rightanchor" width="30" height="20">
					<top />
					<right anchor="left" relation="relative" offset="-10" />
				</anchored>
				<min value="0" />
				<hideonvalue value="0" />
				<tabtarget prev="hptemp" next="strength" />
				<script>
					function handleDrop(draginfo)
						if draginfo.getType() == "number" then
							local node = window.getDatabaseNode();
							local rActor = ActorManager.resolveActor(node);
							local rRoll = { sDesc = draginfo.getDescription(), nTotal = draginfo.getNumberData() };
							rRoll.bSecret = CombatManager.isCTHidden(node);
							ActionDamage.applyDamage(nil, rActor, rRoll);
						end
					end

					function update()
						window.onHealthChanged();
					end
				</script>
			</number_ct_crosslink>
			<number_ct_crosslink name="hptemp" insertbefore="initresult">
				<anchored to="rightanchor" width="30" height="20">
					<top />
					<right anchor="left" relation="relative" offset="-10" />
				</anchored>
				<hideonvalue value="0" />
				<tabtarget prev="hptotal" next="wounds" />
				<script>
					function onInit()
						if super and super.onInit then
							super.onInit();
						end
						setColor(ColorManager.getUIColor("health_shield"));
					end
					function handleDrop(draginfo)
						if draginfo.getNumberData() &gt; 0 then
							setValue(draginfo.getNumberData());
						else
							setValue(getValue() + draginfo.getNumberData());
						end
					end

					function update()
						window.onHealthChanged();
					end
				</script>
			</number_ct_crosslink>
			<number_ct_crosslink name="hptotal" insertbefore="initresult">
				<anchored to="rightanchor" width="30" height="20">
					<top />
					<right anchor="left" relation="relative" offset="-10" />
				</anchored>
				<tabtarget prev="initresult" next="hptemp" />
				<script>
					function update()
						window.onHealthChanged();
					end
				</script>
			</number_ct_crosslink>

			<sub_ct_section name="sub_active" insertbefore="sub_effects" />
			<sub_ct_section name="sub_defense" insertbefore="sub_effects" />
		</sheetdata>
	</windowclass>
</root>
