<?xml version="1.0" encoding="iso-8859-1"?>

<!-- 
  Please see the license.html file included with this distribution for 
  attribution and copyright information.
-->

<root>
	<template name="button_ct_controls_menu" merge="join">
		<button_listitem_text_left_sm>
			<script file="ct/scripts/ct_menu.lua" />
		</button_listitem_text_left_sm>
	</template>

	<!-- GM combat tracker entry -->
	<template name="number_ct_ability">
		<number_ct>
			<anchored width="20" height="20" />
			<default>10</default>
			<script>
				function action(draginfo)
					local rActor = ActorManager.resolveActor(window.getDatabaseNode());
					if Input.isShiftPressed() then
						ActionSave.performRoll(draginfo, rActor, self.target[1]);
					else
						ActionCheck.performRoll(draginfo, rActor, self.target[1]);
					end
					return true;
				end
				function onDragStart(button, x, y, draginfo)
					return action(draginfo);
				end
				function onDoubleClick(x,y)
					return action();
				end
			</script>
		</number_ct>
	</template>
	<template name="number_ct_init">
		<number_ct>
			<displaysign />
			<script>
				function action(draginfo)
					local node = window.getDatabaseNode();
					local rActor = ActorManager.resolveActor(node);
					ActionInit.performRoll(draginfo, rActor, CombatManager.isCTHidden(node));
					return true;
				end
				function onDragStart(button, x, y, draginfo)
					return action(draginfo);
				end
				function onDoubleClick(x,y)
					return action();
				end
			</script>
		</number_ct>
	</template>

	<!-- Player combat tracker entry -->
	<template name="number_clientct_wounds">
		<number_ct_static name="wounds">
			<anchored to="healthbase" width="30" height="20">
				<top />
				<right />
			</anchored>
			<min value="0" />
			<script>
				function onValueChanged()
					window.onHealthChanged();
				end
			</script>
		</number_ct_static>
	</template>
	<template name="number_clientct_hptemp">
		<number_ct_static name="hptemp">
			<anchored to="wounds" width="30" height="20">
				<top />
				<right anchor="left" offset="-10" />
			</anchored>
			<script>
				function onInit()
					setColor(ColorManager.getUIColor("health_shield"));
				end
				function onValueChanged()
					window.onHealthChanged();
				end
			</script>
		</number_ct_static>
	</template>
	<template name="number_clientct_hp">
		<number_ct_static name="hptotal">
			<anchored to="hptemp" width="30" height="20">
				<top />
				<right anchor="left" offset="-10" />
			</anchored>
			<min value="0" />
			<script>
				function onValueChanged()
					window.onHealthChanged();
				end
			</script>
		</number_ct_static>
	</template>

	<!-- Player combat tracker entry -->
	<template name="list_clientct_section_active_vehicle_components">
		<windowlist>
			<anchored position="insidetopright" offset="0,4">
				<left parent="icon_section" anchor="right" />
			</anchored>
			<datasource>.components</datasource>
			<class>client_ct_section_active_vehicle_component</class>
			<noscroll />
		</windowlist>
	</template>

	<!-- Section - Active -->
	<template name="list_ct_section_actions">
		<list_ct_section_labeled>
			<class>ct_power</class>
			<hideonempty />
		</list_ct_section_labeled>
	</template>

	<!-- Section - Defense -->
	<template name="label_ct_ability">
		<label>
			<anchored position="lefthigh" offset="10,0" />
		</label>
	</template>
</root>
