<?xml version="1.0" encoding="iso-8859-1"?>

<!-- 
  Please see the license.html file included with this distribution for 
  attribution and copyright information.
-->

<root>
	<!-- Common -->
	<string name="suffix_legacy">(Legacy)</string>
	<string name="misc">Misc</string>
	<string name="STR">STR</string>
	<string name="DEX">DEX</string>
	<string name="CON">CON</string>
	<string name="INT">INT</string>
	<string name="WIS">WIS</string>
	<string name="CHA">CHA</string>
	<string name="str">Str</string>
	<string name="dex">Dex</string>
	<string name="con">Con</string>
	<string name="int">Int</string>
	<string name="wis">Wis</string>
	<string name="cha">Cha</string>
	<string name="strength">Strength</string>
	<string name="constitution">Constitution</string>
	<string name="dexterity">Dexterity</string>
	<string name="intelligence">Intelligence</string>
	<string name="wisdom">Wisdom</string>
	<string name="charisma">Charisma</string>
	<string name="prof">Prof</string>
	<string name="cr">CR</string>
	<string name="hd">HD</string>
	<string name="hitdice">Hit Dice</string>
	<string name="temphp">Temporary HP</string>
	<string name="dt">DT</string>
	<string name="damagethreshold">Damage Threshold</string>
	<string name="init">Init</string>
	<string name="initiative">Initiative</string>
	<string name="melee">Melee</string>
	<string name="ranged">Ranged</string>
	<string name="dc">DC</string>
	<string name="2nd">2nd</string>

	<!-- Records -->
	<string name="library_recordview_label_item_vehicledrawn">Tack, Harness, And Drawn Vehicles</string>
	<string name="library_recordview_label_item_vehiclemount">Mounts And Other Animals</string>
	<string name="library_recordview_label_item_vehiclewater">Waterborne Vehicles</string>
	<string name="library_recordview_label_item_vehiclecomponent">Vehicle Components</string>
	<string name="library_recordview_label_item_vehiclecomponentupgrade">Vehicle Component Upgrades</string>

	<string name="library_recordtype_label_race">Species</string>
	<string name="library_recordtype_single_race">Species</string>
	<string name="library_recordtype_empty_race">&#171; New Species &#187;</string>

	<string name="library_recordtype_label_race_subrace">Ancestries</string>
	<string name="library_recordtype_single_race_subrace">Ancestry</string>
	<string name="library_recordtype_empty_race_subrace">&#171; New Ancestry &#187;</string>

	<string name="library_recordtype_label_class_specialization">Subclasses</string>
	<string name="library_recordtype_single_class_specialization">Subclass</string>
	<string name="library_recordtype_empty_class_specialization">&#171; New Subclass &#187;</string>
	<string name="class_button_specialization">Subclasses</string>

	<string name="record_tooltip_legacy">Legacy Record</string>
	<string name="record_label_version">Version</string>
	<string name="record_label_2024">2024</string>
	<string name="record_label_2014">Legacy</string>
	<string name="record_label_version_title">Use the 2024 D&amp;D Rules as Your Default?</string>	
	<string name="record_label_version_prompt">Do you want to use the new D&amp;D 2024 Rules by default?\r\n\r\nYou can use both the 2024 D&amp;D rules and the Legacy rules interchangeably, but this will set the default choice whenever you create a new game element record. You can change this at any time in the Campaign Options sidebar menu.</string>
	<string name="record_label_prerequisite">Prerequisite</string>

	<!-- Rolls -->
	<string name="roll_msg_trait_luck">TRAIT: LUCK</string>
	<string name="roll_msg_feature_eldritchinvocationeldritchmind">ELDRITCH MIND</string>
	<string name="roll_msg_feature_jackofalltrades">JACK OF ALL TRADES</string>
	<string name="roll_msg_feature_reliable">RELIABLE</string>
	<string name="roll_msg_feature_improved_critical">IMPROVED CRITICAL</string>
	<string name="roll_msg_feature_superior_critical">SUPERIOR CRITICAL</string>
	<string name="roll_msg_feature_warcaster">FEAT: WAR CASTER</string>
	<string name="roll_msg_feat_heavyarmormaster">FEAT: HEAVY ARMOR MASTER</string>
	<string name="roll_msg_feat_healer">FEAT: HEALER</string>
	<string name="roll_msg_feat_elvenaccuracy">FEAT: ELVEN ACCURACY</string>
	<string name="roll_msg_feat_archery">STYLE: ARCHERY +2</string>
	<string name="roll_msg_feat_dueling">STYLE: DUELING +2</string>
	<string name="roll_msg_feat_greatweaponfighting">STYLE: GREAT WEAPON</string>
	<string name="roll_msg_feat_thrownweaponfighting">STYLE: THROWN +2</string>
	<string name="roll_msg_feat_twoweaponfighting">STYLE: TWO WEAPON</string>
	<string name="roll_msg_armor_nonprof">ARMOR NON-PROFICIENCY</string>
	<string name="roll_msg_armor_disstealth">ARMOR STEALTH PENALTY</string>

	<!-- Options -->
	<string name="option_label_NPCD">Combat: NPC damage rolls</string>
	<string name="option_val_fixed">Fixed</string>
	<string name="option_val_variable">Variable</string>
	<string name="option_val_HRHV_fast">Healing Surges</string>
	<string name="option_val_HRHV_slow">Slow Natural Heal</string>
	<string name="option_val_HRAS_prof">Prof. Bonus</string>

	<string name="option_label_HRST">Combat: Auto death rolls</string>
	<string name="option_label_HRNH">Combat: NPC hit points</string>
	<string name="option_label_HRMD">Combat: Massive system shock</string>
	<string name="option_label_HRAS">PC: Attunement slots</string>
	<string name="option_label_HREN">PC: Encumbrance</string>
	<string name="option_label_HRHV">PC: Healing variants</string>
	<string name="option_label_HRIS">PC: Inspiration slots</string>
	<string name="option_label_HRBASTION">Game: Bastion Support</string>

	<string name="option_label_GAVE">Game: Rules Version</string>

	<!-- Languages -->
	<string name="language_value_common">Common</string>
	<string name="language_value_common_sign">Common Sign Language</string>
	<string name="language_value_dwarvish">Dwarvish</string>
	<string name="language_value_elvish">Elvish</string>
	<string name="language_value_giant">Giant</string>
	<string name="language_value_gnomish">Gnomish</string>
	<string name="language_value_goblin">Goblin</string>
	<string name="language_value_halfling">Halfling</string>
	<string name="language_value_orc">Orc</string>

	<string name="language_value_abyssal">Abyssal</string>
	<string name="language_value_celestial">Celestial</string>
	<string name="language_value_draconic">Draconic</string>
	<string name="language_value_deepspeech">Deep Speech</string>
	<string name="language_value_infernal">Infernal</string>
	<string name="language_value_primordial">Primordial</string>
	<string name="language_value_sylvan">Sylvan</string>
	<string name="language_value_undercommon">Undercommon</string>

	<string name="language_value_aquan">Aquan</string>
	<string name="language_value_auran">Auran</string>
	<string name="language_value_ignan">Ignan</string>
	<string name="language_value_terran">Terran</string>

	<string name="language_value_aarakocra">Aarakocra</string>
	<string name="language_value_druidic">Druidic</string>
	<string name="language_value_thievescant">Thieves' Cant</string>

	<!-- Combat Tracker -->
	<string name="ct_tooltip_offense">Offense</string>
	<string name="ct_tooltip_defense">Defense</string>

	<string name="ct_label_reaction">React?</string>
	<string name="ct_tooltip_reactionon">Reaction Used</string>
	<string name="ct_tooltip_reactionoff">Reaction Not Used</string>
	<string name="ct_label_speed">Spd</string>
	<string name="ct_label_traits">Traits</string>
	<string name="ct_label_actions">Actions</string>
	<string name="ct_label_bonusactions">Bns Actns</string>
	<string name="ct_label_reactions">Reactions</string>
	<string name="ct_label_legendaryactions">Lgd Actns</string>
	<string name="ct_label_lairactions">Lair Actns</string>
	<string name="ct_label_innatespells">Inn Spells</string>
	<string name="ct_label_spells">Spells</string>
	<string name="ct_label_components">Component</string>

	<string name="ct_tooltip_attribute">Attributes</string>
	<string name="ct_label_damagevulnerabilities">Dmg Vuln</string>
	<string name="ct_tooltip_damagevulnerabilities">Damage Vulnerabilities</string>
	<string name="ct_label_damageresistances">Dmg Res</string>
	<string name="ct_tooltip_damageresistances">Damage Resistances</string>
	<string name="ct_label_damageimmunities">Dmg Imm</string>
	<string name="ct_tooltip_damageimmunities">Damage Immunities</string>
	<string name="ct_label_conditionimmunities">Cnd Imm</string>
	<string name="ct_tooltip_conditionimmunities">Condition Immunities</string>
	<string name="ct_label_vulnerabilities">Vuln</string>
	<string name="ct_tooltip_vulnerabilities">Vulnerabilities</string>
	<string name="ct_label_resistances">Resist</string>
	<string name="ct_tooltip_resistances">Resistances</string>
	<string name="ct_label_immunities">Immune</string>
	<string name="ct_tooltip_immunities">Immunities</string>

	<!-- Party Sheet -->
	<string name="ps_label_race">Species</string>
	<string name="ps_label_classlevel">Class &amp; Level</string>
	<string name="ps_label_abilities">Abilities</string>
	<string name="ps_label_ac">AC</string>
	<string name="ps_label_defenses">Defenses</string>
	<string name="ps_label_perc">Perc</string>
	<string name="ps_label_senses">Senses</string>

	<string name="ps_label_groupcheck">Ability</string>
	<string name="ps_label_groupsave">Save</string>
	<string name="ps_label_groupskill">Skill</string>
	<string name="ps_label_groupatk">Attack</string>
	<string name="ps_default_groupability">Strength</string>
	<string name="ps_message_groupatk">Party Attack</string>

	<!-- Modifiers -->
	<string name="modifier_label_ADV">ADV</string>
	<string name="modifier_label_DIS">DIS</string>
	<string name="modifier_label_PLUS2">+2</string>
	<string name="modifier_label_MINUS2">-2</string>
	<string name="modifier_label_PLUS5">+5</string>
	<string name="modifier_label_MINUS5">-5</string>

	<string name="modifier_category_attack">ATTACK</string>
	<string name="modifier_label_ATT_OPP">Opportunity</string>
	<string name="modifier_label_DEF_COVER">Cover</string>
	<string name="modifier_label_DEF_SCOVER">Sup. Cover</string>
	<string name="modifier_category_damage">DAMAGE</string>
	<string name="modifier_label_DMG_CRIT">Critical</string>
	<string name="modifier_label_DMG_MAX">Max</string>
	<string name="modifier_label_DMG_HALF">Half</string>

	<!-- Import -->
	<string name="import_item_window_title">Import - Item</string>
	<string name="import_npc_window_title">Import - NPC</string>
	<string name="import_race_window_title">Import - Species</string>

	<string name="import_mode_2022">2022 - Monsters of the Multiverse</string>
	<string name="import_mode_2024">2024 - D&amp;D Core Rules</string>
	<string name="import_mode_dndb_2024">2024 - D&amp;D Beyond</string>

	<string name="ft_empty_import_item_listdata">Paste item list data here.\r\rFormatting is NOT preserved.</string>
	<string name="ft_empty_import_item_description">Paste the item text here.\r\rFormatting is NOT preserved.</string>
	<string name="ft_empty_import_npc_statblock">Paste a stat block here.\r\rFormatting is NOT preserved.</string>
	<string name="ft_empty_import_npc_description">Paste your description text here.\r\rYou can include bold, italic, lists, links, or anything else that would be relevant for the description.</string>	
	<string name="ft_empty_import_species">Paste the species text here.\r\rFormatting is NOT preserved.</string>

	<!-- Characters - Overall -->
	<string name="char_tooltip_prof_off">Not Proficient</string>
	<string name="char_tooltip_prof_on">Proficient</string>
	<string name="char_tooltip_prof_double">Double Prof. Bonus</string>
	<string name="char_tooltip_prof_half">Half Prof. Bonus</string>

	<!-- Characters - Main -->
	<string name="char_message_inspiration_gained">Gained Inspiration</string>
	<string name="char_message_inspiration_used">Used Inspiration</string>

	<string name="char_label_inspiration">INSP</string>
	<string name="char_tooltip_inspiration">Inspiration</string>
	<string name="char_label_classlevel">CLASS &amp; LEVEL</string>
	<string name="char_button_levelup">LVL UP</string>
	<string name="char_label_profbonus">PROF</string>
	<string name="char_label_background">BACKGROUND</string>
	<string name="char_label_race">SPECIES</string>

	<string name="char_label_stats">ABILITIES</string>
	<string name="char_label_check_roll">Roll Ability Check</string>
	<string name="char_label_save">SAVES</string>
	<string name="char_label_save_roll">Roll Ability Save</string>

	<string name="char_label_initiative">INIT</string>
	<string name="char_label_initiative_roll">Roll Initiative</string>
	<string name="char_label_speed">SPEED</string>
	<string name="char_label_speedspecial">Special Move</string>
	<string name="char_label_specialdef">Special Defenses</string>
	<string name="char_tooltip_speed">Speed</string>

	<string name="char_label_perception">PERC</string>

	<string name="char_label_hpmax">MAX</string>
	<string name="char_label_hptemp">TMP</string>
	<string name="char_label_wounds">WND</string>
	<string name="char_tooltip_wounds">Wounds</string>
	<string name="char_label_deathsave">Death Saves</string>
	<string name="char_label_deathsave_succ">S</string>
	<string name="char_label_deathsave_fail">F</string>

	<string name="char_label_hd">HIT DIE</string>
	<string name="char_label_hdused">USED</string>
	<string name="char_tooltip_hdused">Hit Dice Used</string>
	<string name="char_label_class_specialization">Subclass:</string>

	<string name="char_button_powers">POWERS</string>	
	<string name="char_tooltip_powers">Click to open Powers</string>	
	<string name="char_button_skills">SKILLS</string>
	<string name="char_tooltip_skills">Click to open Skills</string>	
	<string name="char_button_abilities">ABILITIES</string>
	<string name="char_tooltip_abilities">Click to open Abilities</string>	
	<string name="char_button_inventory">EQUIPMENT</string>
	<string name="char_tooltip_inventory">Click to open Equipment</string>	
	<string name="char_button_notes">NOTES</string>
	<string name="char_tooltip_notes">Click to open Notes</string>
	<string name="char_button_actions">ACTIONS</string>
	<string name="char_tooltip_actions">Click to open actions Data</string>

	<string name="char_label_addprof_armor">Armor</string>
	<string name="char_label_addprof_weapon">Weapon</string>
	<string name="char_label_addprof_tool">Tool</string>

	<string name="char_classes_title">CLASS &amp; LEVEL</string>
	<string name="char_label_class">CLASS</string>
	<string name="char_label_level">LEVEL</string>
	<string name="char_label_caster">CASTER</string>
	<string name="char_tooltip_caster">Caster Level Multiplier and Type</string>
	<string name="char_tooltip_casterpactmagic">Off = Spellcasting / On = Pact Magic</string>
	<string name="char_label_totallevel">TOTAL LEVEL</string>
	<string name="char_label_nextlevel">NEXT LEVEL</string>

	<string name="char_combatcalc_title">COMBAT CALC</string>
	<string name="char_label_initdetail">Init:</string>
	<string name="char_label_initprof">Proficient?</string>
	<string name="char_label_speeddetail">Speed:</string>
	<string name="char_label_speedarmor">Armor</string>
	<string name="char_label_armordetail">Armor:</string>
	<string name="char_label_armormain">Armor</string>
	<string name="char_label_armorshield">Shield</string>
	<string name="char_label_armordexfull">Full</string>
	<string name="char_label_armordexmax2">Max 2</string>
	<string name="char_label_armordexmax3">Max 3</string>
	<string name="char_label_armordexnone">None</string>
	<string name="char_label_armordisstealth">Stealth Disadvantage?</string>
	<string name="char_label_armorprof">Proficient?</string>
	<string name="char_label_armorlist">ARMOR</string>

	<string name="char_healthcalc_title">HEALTH CALC</string>
	<string name="char_label_hddetail">Hit Die Roll:</string>
	<string name="char_label_hdclass">Class</string>
	<string name="char_label_hdstat">Stat</string>

	<!-- Characters - Skills -->
	<string name="char_skills_title">ABILITIES</string>
	<string name="char_label_skills">SKILLS</string>
	<string name="char_label_skilltotal">TOTAL</string>
	<string name="char_label_skillmisc">MISC</string>
	<string name="char_label_skillstat">STAT</string>
	<string name="char_label_skillname">NAME</string>
	<string name="char_skills_tooltip_edit">Edit Skills</string>

	<!-- Character - Abilities -->
	<string name="char_abilities_title">ABILITIES</string>
	<string name="char_abilities_label_checks">CHECKS</string>
	<string name="char_abilities_label_feats">FEATS</string>
	<string name="char_abilities_label_features">FEATURES</string>
	<string name="char_abilities_label_abilities">ABILITIES</string>
	<string name="char_abilities_label_traits">TRAITS</string>
	<string name="char_abilities_label_proficiencies">PROFICIENCIES</string>
	<string name="char_abilities_label_languages">LANGUAGES</string>
	<string name="char_abilities_tooltip_edit">Edit Abilities</string>

	<!-- Character - Inventory -->
	<string name="char_label_inventory">EQUIPMENT</string>
	<string name="char_label_itemname">NAME</string>
	<string name="char_label_itemlocation">LOCATION</string>
	<string name="char_label_itemweight">WT</string>
	<string name="char_label_money">TREASURE</string>
	<string name="char_label_encumbrance">ENCUMBRANCE</string>
	<string name="char_label_totalweight">Current</string>
	<string name="char_label_encbase">Encumbered</string>
	<string name="char_label_encheavy">Heavy</string>
	<string name="char_label_encmax">Maximum</string>
	<string name="char_label_encdrag">Lift/Push/Drag</string>
	<string name="char_inventory_tooltip_edit">Edit Inventory</string>
	<string name="char_inventory_tooltip_attuned">Attunement</string>

	<string name="char_invmeta_title">INVENTORY META</string>
	<string name="char_label_attunedetail">Attunement:</string>
	<string name="char_label_attuneclass">Class</string>

	<!-- Character - Notes -->
	<string name="char_notes_title">NOTES</string>
	<string name="char_label_notes_traits">PERSONALITY TRAITS</string>
	<string name="char_label_notes_ideals">IDEALS</string>
	<string name="char_label_notes_bonds">BONDS</string>
	<string name="char_label_notes_flaws">FLAWS</string>
	<string name="char_label_size">SIZE</string>
	<string name="char_label_alignment">ALIGNMENT</string>
	<string name="char_label_deity">DEITY</string>
	<string name="char_label_appearance">APPEARANCE</string>
	<string name="char_label_notes">NOTES</string>

	<!-- Character - Logs -->
	<string name="char_logs_tooltip_edit">Edit Logs</string>
	<string name="char_label_faction">FACTION</string>
	<string name="char_label_dci">DCI #</string>
	<string name="char_logs_label_adventures">ADVENTURES</string>
	<string name="char_logs_label_sessionno">SESSION #</string>
	<string name="char_logs_label_date">DATE</string>
	<string name="char_logs_label_dmname">GM NAME AND DCI #</string>
	<string name="char_logs_label_xp">ADV CHECK</string>
	<string name="char_logs_label_gold">GOLD</string>
	<string name="char_logs_label_dt">DOWNTIME</string>
	<string name="char_logs_label_renown">RENOWN</string>
	<string name="char_logs_label_magic">T1</string>
	<string name="char_logs_label_treasure_pt_tier2">T2</string>
	<string name="char_logs_label_treasure_pt_tier3">T3</string>
	<string name="char_logs_label_treasure_pt_tier4">T4</string>
	<string name="char_logs_label_start">Starting</string>
	<string name="char_logs_label_earn">Adjustment</string>
	<string name="char_logs_label_total">Total</string>
	<string name="char_logs_label_notes">ADVENTURE NOTES / DOWNTIME ACTIVITY</string>
	<string name="log_magic_item">MAGIC ITEM UNLOCKS</string>
	<string name="log_story_rewards">STORY REWARDS</string>
	<string name="log_purchases">PURCHASES</string>
	<string name="char_logs_message_adventureadd">Adventure record '%s' added to '%s'.</string>

	<!-- Character - Actions -->
	<string name="char_actions_title">ACTIONS</string>

	<string name="char_label_weapon">WEAPONS</string>
	<string name="char_tooltip_weapontypemelee">Melee</string>
	<string name="char_tooltip_weapontyperanged">Ranged</string>
	<string name="char_tooltip_weapontypethrown">Thrown</string>
	<string name="char_tooltip_weaponhand1">Primary Hand</string>
	<string name="char_tooltip_weaponhand2">Two Hands</string>
	<string name="char_tooltip_weaponhandoff">Off Hand</string>
	<string name="char_label_weaponatkdetail">Attack:</string>
	<string name="char_label_weapondmgdetail">Damage:</string>
	<string name="char_label_weapondmgtype">Type:</string>
	<string name="char_label_weaponproperties">Properties:</string>
	<string name="char_label_weaponammo">Ammo</string>
	<string name="char_button_weapondamage">Damage</string>

	<string name="char_weaponmeta_title">WEAPON META</string>
	<string name="char_label_critrange">Crit on:</string>
	<string name="char_label_critdicebonus">Extra Crit Dice:</string>
	<string name="char_label_critmelee">Melee</string>
	<string name="char_label_critranged">Ranged</string>
	<string name="char_label_fightingstyle2weapon">Two Weapon Fighting Style</string>

	<string name="char_message_atkwithnoammo">[ATTACKING WHILE OUT OF AMMO]</string>

	<string name="char_label_powers">Powers</string>
	<string name="power_label_spellslots">SPELL SLOTS</string>
	<string name="power_label_spellcastingslots">Spellcasting</string>
	<string name="power_label_pactmagicslots">Pact Magic</string>

	<string name="char_tooltip_actionaddpower">Add Power</string>
	<string name="char_tooltip_actionaddweapon">Add Weapon</string>

	<!-- Pregens -->
	<string name="pregen_label_race">Species</string>
	<string name="pregen_label_class">Class</string>
	<string name="pregen_label_background">Background</string>
	<string name="pregen_error_missingdata">[ERROR] One or more data records (features, traits, inventory, spells) were unable to be loaded. Please ensure that your Player's Handbook or Basic Rules - Player modules are loaded; and re-add the pregen character.</string>

	<!-- Backgrounds -->
	<string name="background_header_features">FEATURES</string>
	<string name="background_label_abilities">Abilities</string>
	<string name="background_label_feat">Feat</string>
	<string name="background_label_equipment">Equipment</string>
	<string name="background_label_languages">Languages</string>
	<string name="background_label_skills">Skills</string>
	<string name="background_label_tools">Tools</string>

	<!-- Battles -->
	<string name="battle_tooltip_refreshcr">Refresh CR</string>
	<string name="battle_tooltip_refreshxp">Refresh XP</string>
	<string name="battle_error_missingnpclink">[ERROR] Link for NPC '%s' is not working. Make sure the correct modules have been opened in the Library.</string>

	<!-- Classes -->
	<string name="class_value_artificer">Artificer</string>
	<string name="class_value_barbarian">Barbarian</string>
	<string name="class_value_bard">Bard</string>
	<string name="class_value_cleric">Cleric</string>
	<string name="class_value_druid">Druid</string>
	<string name="class_value_fighter">Fighter</string>
	<string name="class_value_monk">Monk</string>
	<string name="class_value_paladin">Paladin</string>
	<string name="class_value_ranger">Ranger</string>
	<string name="class_value_rogue">Rogue</string>
	<string name="class_value_sorcerer">Sorcerer</string>
	<string name="class_value_warlock">Warlock</string>
	<string name="class_value_wizard">Wizard</string>
	<string name="class_short_artificer">Art</string>
	<string name="class_short_barbarian">Brb</string>
	<string name="class_short_bard">Brd</string>
	<string name="class_short_cleric">Cle</string>
	<string name="class_short_druid">Drd</string>
	<string name="class_short_fighter">Ftr</string>
	<string name="class_short_monk">Mnk</string>
	<string name="class_short_paladin">Pal</string>
	<string name="class_short_ranger">Rng</string>
	<string name="class_short_rogue">Rog</string>
	<string name="class_short_sorcerer">Sor</string>
	<string name="class_short_warlock">War</string>
	<string name="class_short_wizard">Wiz</string>

	<string name="class_header_features">FEATURES</string>
	<string name="class_header_featurechoices">FEATURE CHOICES</string>

	<string name="library_recordtype_empty_classfeature">&#171; New Class Feature &#187;</string>
	<string name="library_recordtype_empty_classfeaturechoice">&#171; New Class Feature Choice &#187;</string>
	<string name="classfeaturechoice_empty_choicetype">&#171; Type &#187;</string>
	<string name="classfeaturechoice_label_choicetype">Type</string>
	<string name="classfeaturechoice_label_prerequisite">Prerequisite</string>
	<string name="classfeaturechoice_label_repeatable">Repeatable</string>

	<string name="class_label_ability">Primary Ability</string>
	<string name="class_label_hitdice">HP Die</string>
	<string name="class_tooltip_hitdice">Hit Point Die</string>
	<string name="classprof_label_armor">Armor Training</string>
	<string name="classprof_label_savingthrows">Saving Throws</string>
	<string name="classprof_label_skills">Skills</string>
	<string name="classprof_label_tools">Tools</string>
	<string name="classprof_label_weapons">Weapons</string>
	<string name="classfeature_label_specializationchoice">Spec. Choice?</string>
	<string name="classfeature_label_specialization">Spec. Required</string>
	<string name="class_header_proficiencies">FIRST LEVEL PROFICIENCIES</string>
	<string name="class_header_multiclassproficiencies">MULTI-CLASS PROFICIENCIES</string>
	<string name="class_header_equipment">Starting Equipment</string>
	<string name="class_header_specializations">SPECIALIZATIONS</string>

	<string name="library_recordtype_empty_classproficiency">&#171; New Class Proficiency &#187;</string>

	<!-- Class Specializations -->
	<string name="class_specialization_label_class">Class</string>

	<!-- Class Spell Lists -->
	<string name="class_spell_list_header_spells">Spells</string>

	<!-- Feats -->
	<string name="feat_label_category">Category</string>
	<string name="feat_label_repeatable">Repeatable</string>

	<!-- Items -->
	<string name="item_button_forge">Forge</string>
	<string name="item_label_type">Type</string>
	<string name="item_label_subtype">Subtype</string>
	<string name="item_label_rarity">Rarity</string>
	<string name="item_label_bonus">Bonus</string>
	<string name="item_label_damage">Damage</string>
	<string name="item_label_mastery">Mastery</string>
	<string name="item_label_ac">AC Base</string>
	<string name="item_label_dexbonus">Dex Bonus</string>
	<string name="item_label_speed">Speed</string>
	<string name="item_label_properties">Properties</string>
	<string name="item_label_bonus">Bonus</string>
	<string name="item_label_aura">Aura</string>
	<string name="item_label_carryingcapacity">Cargo</string>
	<string name="item_label_strength">Strength</string>
	<string name="item_label_stealth">Stealth</string>

	<string name="item_vehicle_label_cover">Cover</string>
	<string name="item_vehicle_label_load">Load</string>
	<string name="item_vehicle_label_aim">Aim</string>
	<string name="item_vehicle_label_fire">Fire</string>
	<string name="item_vehicle_component_cover_none">None</string>
	<string name="item_vehicle_component_cover_half">1/2</string>
	<string name="item_vehicle_component_cover_threequarter">3/4</string>
	<string name="item_vehicle_component_cover_full">Full</string>

	<string name="item_grouped_label_name">Name</string>
	<string name="item_grouped_label_cost">Cost</string>
	<string name="item_grouped_label_weight">Wt</string>
	<string name="item_grouped_tooltip_weight">Weight</string>
	<string name="item_grouped_label_ac">AC</string>
	<string name="item_grouped_tooltip_ac">Armor Class</string>
	<string name="item_grouped_label_dexbonus">Dex</string>
	<string name="item_grouped_tooltip_dexbonus">Dexterity Adjustment</string>
	<string name="item_grouped_label_strength">Str</string>
	<string name="item_grouped_tooltip_strength">Strength Required</string>
	<string name="item_grouped_label_stealth">Stealth</string>
	<string name="item_grouped_tooltip_stealth">Stealth Adjustment</string>
	<string name="item_grouped_label_damage">Damage</string>
	<string name="item_grouped_label_mastery">Mastery</string>
	<string name="item_grouped_label_properties">Properties</string>
	<string name="item_grouped_label_speed">Speed</string>
	<string name="item_grouped_label_carryingcapacity">Carry</string>
	<string name="item_grouped_tooltip_carryingcapacity">Carrying Capacity</string>

	<!-- Locations -->
	<string name="location_type_bastion">Bastion</string>
	<string name="location_type_bastionfacility">Bastion Facility</string>

	<string name="location_header_bastionfacilities">FACILITIES</string>
	<string name="location_header_bastionfacility_name_simple">Simple Facility</string>
	<string name="location_header_bastionfacility_name_special">Special Facility</string>
	<string name="location_header_bastionfacility_space_cramped">Cramped</string>
	<string name="location_header_bastionfacility_space_roomy">Roomy</string>
	<string name="location_header_bastionfacility_space_vast">Vast</string>

	<string name="location_label_level">Level</string>
	<string name="location_label_prerequisite">Prerequisite</string>
	<string name="location_label_space">Space</string>
	<string name="location_label_hirelings">Hirelings</string>
	<string name="location_label_order">Order</string>

	<!-- NPCs -->
	<string name="npc_label_summon">Summon?</string>
	<string name="npc_label_summon_level">Spell Lvl</string>
	<string name="npc_label_summon_attack">Spell Atk</string>
	<string name="npc_label_summon_dc">Spell DC</string>
	<string name="npc_label_summon_mod">Spell Mod</string>
	<string name="npc_label_summon_pb">Prof</string>
	<string name="npc_label_summon_ac">Summon AC</string>
	<string name="npc_label_summon_ac_mod">per spell level</string>
	<string name="npc_label_summon_hp">Summon HP</string>
	<string name="npc_label_summon_hp_mod">for each spell level above</string>

	<string name="npc_label_init">Initiative</string>
	<string name="npc_label_damagethreshold">Dmg Thresh</string>
	<string name="npc_tooltip_damagethreshold">Damage Threshold</string>
	<string name="npc_label_abilities">Abilities</string>
	<string name="npc_label_abilitymod">MOD</string>
	<string name="npc_label_abilitysave">SAVE</string>
	<string name="npc_label_challenge">Challenge</string>
	<string name="npc_label_profbonus">Proficiency Bonus</string>
	<string name="npc_label_alignment">Alignment</string>
	<string name="npc_label_savingthrows">Saving Throws</string>
	<string name="npc_label_vulnerabilities">Vulnerabilities</string>
	<string name="npc_label_resistances">Resistances</string>
	<string name="npc_label_immunities">Immunities</string>
	<string name="npc_label_damagevulnerabilities">Dmg Vuln</string>
	<string name="npc_tooltip_damagevulnerabilities">Damage Vulnerabilities</string>
	<string name="npc_label_damageresistances">Dmg Resist</string>
	<string name="npc_tooltip_damageresistances">Damage Resistances</string>
	<string name="npc_label_damageimmunities">Dmg Immune</string>
	<string name="npc_tooltip_damageimmunities">Damage Immunities</string>
	<string name="npc_label_conditionimmunities">Cond Immune</string>
	<string name="npc_tooltip_conditionimmunities">Condition Immunities</string>
	<string name="npc_header_traits">TRAITS</string>
	<string name="npc_header_actions">ACTIONS</string>
	<string name="npc_header_bonusactions">BONUS ACTIONS</string>
	<string name="npc_header_reactions">REACTIONS</string>
	<string name="npc_header_legendaryactions">LEGENDARY ACTIONS</string>
	<string name="npc_header_lairactions">LAIR ACTIONS</string>
	<string name="npc_header_innatespells">INNATE SPELLS</string>
	<string name="npc_header_spells">SPELLS</string>
	<string name="npc_empty_powername">&#171; Trait or Action Name &#187;</string>

	<string name="npc_grouped_label_name">Name</string>
	<string name="npc_grouped_label_cr">CR</string>
	<string name="npc_grouped_tooltip_cr">Challenge Rating</string>

	<string name="npc_tooltip_spellslot">Double-click to use a slot, or click to edit.</string>
	<string name="npc_label_spellslot1">L1</string>
	<string name="npc_label_spellslot2">L2</string>
	<string name="npc_label_spellslot3">L3</string>
	<string name="npc_label_spellslot4">L4</string>
	<string name="npc_label_spellslot5">L5</string>
	<string name="npc_label_spellslot6">L6</string>
	<string name="npc_label_spellslot7">L7</string>
	<string name="npc_label_spellslot8">L8</string>
	<string name="npc_label_spellslot9">L9</string>
	<string name="npc_tooltip_spellslot1">Level 1 Spell Slots</string>
	<string name="npc_tooltip_spellslot2">Level 2 Spell Slots</string>
	<string name="npc_tooltip_spellslot3">Level 3 Spell Slots</string>
	<string name="npc_tooltip_spellslot4">Level 4 Spell Slots</string>
	<string name="npc_tooltip_spellslot5">Level 5 Spell Slots</string>
	<string name="npc_tooltip_spellslot6">Level 6 Spell Slots</string>
	<string name="npc_tooltip_spellslot7">Level 7 Spell Slots</string>
	<string name="npc_tooltip_spellslot8">Level 8 Spell Slots</string>
	<string name="npc_tooltip_spellslot9">Level 9 Spell Slots</string>

	<string name="npc_menu_parsespells">Parse NPC Spells</string>

	<!-- Races -->
	<string name="race_label_type">Creature Type</string>
	<string name="race_label_size">Size</string>
	<string name="race_label_speed">Speed</string>
	<string name="race_header_traits">TRAITS</string>
	<string name="race_label_ignoresubrace">Skip subrace?</string>
	<string name="race_header_subraces">SUB-RACES</string>

	<!-- Subraces -->
	<string name="race_subrace_label_race">Species</string>

	<!-- Skills -->
	<string name="skill_label_ability">Ability</string>
	<string name="skill_value_acrobatics">Acrobatics</string>
	<string name="skill_value_animalhandling">Animal Handling</string>
	<string name="skill_value_arcana">Arcana</string>
	<string name="skill_value_athletics">Athletics</string>
	<string name="skill_value_deception">Deception</string>
	<string name="skill_value_history">History</string>
	<string name="skill_value_insight">Insight</string>
	<string name="skill_value_intimidation">Intimidation</string>
	<string name="skill_value_investigation">Investigation</string>
	<string name="skill_value_medicine">Medicine</string>
	<string name="skill_value_nature">Nature</string>
	<string name="skill_value_perception">Perception</string>
	<string name="skill_value_performance">Performance</string>
	<string name="skill_value_persuasion">Persuasion</string>
	<string name="skill_value_religion">Religion</string>
	<string name="skill_value_sleightofhand">Sleight of Hand</string>
	<string name="skill_value_stealth">Stealth</string>
	<string name="skill_value_survival">Survival</string>

	<!-- Spells -->
	<string name="spell_label_source">Source</string>
	<string name="spell_label_ritual">Ritual</string>
	<string name="spell_label_school">School</string>
	<string name="spell_label_castingtime">Casting Time</string>
	<string name="spell_label_range">Range</string>
	<string name="spell_label_components">Components</string>
	<string name="spell_label_duration">Duration</string>

	<string name="spell_label_cantrip">cantrip</string>
	<string name="spell_label_shortdescription">Summary</string>

	<string name="spell_view_grouped_label_level">Level</string>
	<string name="spell_view_grouped_label_name">Name</string>
	<string name="spell_view_grouped_label_castingtime">Casting Time</string>
	<string name="spell_view_grouped_label_duration">Duration</string>
	<string name="spell_view_grouped_label_range">Range/Area</string>
	<string name="spell_view_grouped_label_components">Components</string>

	<!-- Vehicles -->
	<string name="vehicle_tooltip_actions_summary">Load/Aim/Fire</string>
	<string name="vehicle_label_crew">Crew</string>
	<string name="vehicle_label_cargo">Cargo</string>
	<string name="vehicle_label_damagethreshold">Dmg Thresh</string>
	<string name="vehicle_tooltip_damagethreshold">Damage Threshold</string>
	<string name="vehicle_label_mishapthreshold">Mishap Thresh</string>
	<string name="vehicle_tooltip_mishapthreshold">Mishap Threshold</string>
	<string name="vehicle_header_components">COMPONENTS</string>
	<string name="vehicle_header_actions">ACTIONS</string>
	<string name="vehicle_label_ac">Armor Class</string>
	<string name="vehicle_label_hp">HP</string>
	<string name="vehicle_tooltip_disablestandardimmunities">Disable standard vehicle immunities</string>

	<!-- Record Powers -->
	<string name="power_tooltip_grouptypeability">Abilities</string>
	<string name="power_tooltip_grouptypeprep">Spells</string>

	<string name="power_label_useperiod_daily">Daily</string>
	<string name="power_label_useperiod_enc">Rest</string>
	<string name="power_label_useperiod_once">Once</string>
	<string name="power_label_useperiod_dual">Dual</string>

	<string name="power_label_mode">Mode</string>
	<string name="power_label_modestd">Standard</string>
	<string name="power_label_modeprep">Preparation</string>
	<string name="power_label_modecombat">Combat</string>
	<string name="power_label_display">Display</string>
	<string name="power_label_displaygroup">Group</string>
	<string name="power_label_displaysummary">Summary</string>
	<string name="power_label_displayaction">Actions</string>

	<string name="power_empty_group">&#171; Spell or Ability Group &#187;</string>
	<string name="power_label_groupspells">Spells</string>
	<string name="power_label_groupabilities">Abilities</string>
	<string name="power_label_groupcantrips">Cantrips</string>

	<string name="power_groupdetail_title">Power Group</string>
	<string name="power_label_groupname">Group Name</string>
	<string name="power_label_grouptype">Group Type</string>
	<string name="power_label_groupstat">Ability</string>
	<string name="power_label_groupatk">Attack</string>
	<string name="power_label_groupsave">Save DC</string>
	<string name="power_label_groupuses">Uses</string>
	<string name="power_label_groupprepared">Prepared</string>

	<string name="power_tooltip_prepared">Uses per day</string>
	<string name="power_tooltip_group">Spell Class or Ability Group</string>
	<string name="power_tooltip_toggle">Click to edit / hide details</string>
	<string name="power_tooltip_summary">Spell or Ability Summary</string>

	<string name="power_tooltip_typecast">Cast</string>
	<string name="power_tooltip_typedamage">Damage</string>
	<string name="power_tooltip_typeheal">Heal</string>
	<string name="power_tooltip_typeeffect">Effect</string>

	<string name="power_error_spellgroupnotfound">[ERROR] Unable to locate spell group to resolve spell modifiers or DCs.</string>
	<string name="power_error_spellcastingnotfound">[ERROR] Unable to locate spellcasting trait to resolve spell modifiers or DCs.</string>
	<string name="power_error_innatespellcastingnotfound">[ERROR] Unable to locate innate spellcasting trait to resolve spell modifiers or DCs.</string>

	<!-- Editors -->
	<string name="weapon_title">Weapon</string>
	<string name="weapon_label_name">Name</string>
	<string name="weapon_label_properties">Properties</string>
	<string name="weapon_header_attack">ATTACK</string>
	<string name="weapon_label_atkstat">Stat</string>
	<string name="weapon_label_atkbonus">Bonus</string>
	<string name="weapon_label_atkprof">Prof</string>
	<string name="weapon_header_damage">DAMAGE</string>
	<string name="weapon_label_dmgdice">Dice</string>
	<string name="weapon_label_dmgstat">Mult x Stat</string>
	<string name="weapon_label_dmgbonus">Bonus</string>
	<string name="weapon_label_dmgtype">Type</string>

	<string name="power_tooltip_statmult">Multiple of level or ability</string>

	<string name="power_label_atktype">Type</string>
	<string name="power_label_atkbase">Base</string>
	<string name="power_label_atkbase_group">Group Atk + </string>
	<string name="power_label_atkbase_ability">Ability</string>
	<string name="power_label_atkbase_fixed">Fixed</string>
	<string name="power_label_atkstat">Stat</string>
	<string name="power_label_atkprof">Prof</string>
	<string name="power_label_atkmod">Bonus</string>
	<string name="power_label_savetype">Type</string>
	<string name="power_label_savedcbase">Base</string>
	<string name="power_label_savebase_group">Group DC + </string>
	<string name="power_label_savebase_ability">8 + Ability</string>
	<string name="power_label_savebase_fixed">Fixed</string>
	<string name="power_label_savedcstat">Stat</string>
	<string name="power_label_savedcprof">Prof</string>
	<string name="power_label_savedcmod">Bonus</string>
	<string name="power_label_savemagic">Magic?</string>
	<string name="power_label_onmissdamage">Damage</string>
	<string name="power_label_onmissdamage_half">Half on Success</string>

	<string name="power_label_healtype">Type</string>
	<string name="power_label_healtypenormal">HP</string>
	<string name="power_label_healtypetemp">TEMP</string>

	<!-- Item Forge -->
	<string name="forge_item_window_title">Item Forge</string>
	<string name="forge_item_label_items">Base Item</string>
	<string name="forge_item_label_templates">Item Templates</string>
	<string name="forge_item_label_activateforge">Forge New Item(s)</string>
	<string name="forge_item_label_clearforge">Clear Forge</string>
	<string name="forge_ok">OK</string>
	<string name="forge_error">Error</string>

	<string name="forge_item_advgear">Adventuring Gear</string>
	<string name="forge_item_armor">Armor</string>
	<string name="forge_item_mount">Mount</string>
	<string name="forge_item_tool">Tool</string>
	<string name="forge_item_vehicle">Vehicle/Harness</string>
	<string name="forge_item_weapon">Weapon</string>
	<string name="forge_magicitem_armor">Magic Armor</string>
	<string name="forge_magicitem_potion">Magic Potion</string>
	<string name="forge_magicitem_ring">Magic Ring</string>
	<string name="forge_magicitem_rod">Magic Rod</string>
	<string name="forge_magicitem_scroll">Magic Scroll</string>
	<string name="forge_magicitem_staff">Magic Staff</string>
	<string name="forge_magicitem_wand">Magic Wand</string>
	<string name="forge_magicitem_weapon">Magic Weapon</string>
	<string name="forge_magicitem_wondrousitem">Magic Wondrous Item</string>
	<string name="forge_magicspell">Magic Spell</string>

	<string name="forge_item_empty_items">Drag and drop  a base item or a list of items here. The template(s) in the Item Templates window will be applied to each piece of equipment in this window when the Forge New Item(s) button is clicked.</string>
	<string name="forge_item_empty_templates">Drag and drop Item Templates or a Spell to this window. The Item Template(s) or Spells in this window will be applied to each base item in the Base Item window when the Forge New Item(s) button is clicked.</string>
	<string name="forge_item_message_success">New item forged.</string>
	<string name="forge_item_message_incompatible">Error, please remove incompatible items.</string>
	<string name="forge_item_message_missing">Error, please add a base item and a template before attempting to forge!</string>

	<!-- Library - Master Index -->
	<string name="class_button_specialization">Subclasses</string>
	<string name="class_button_spell_view">Spell Lists</string>
	<string name="class_button_spell_list">Definitions</string>

	<string name="library_recordtype_label_class_spell_list">Class Spell List Definitions</string>
	<string name="library_recordtype_empty_class_spell_list">&#171; New Class Spell List Definition &#187;</string>

	<string name="library_recordtype_value_spell_level_0">Cantrip</string>
	<string name="library_recordtype_value_spell_level_0_group">Cantrips</string>

	<string name="library_recordtype_empty_backgroundfeature">&#171; New Background Feature &#187;</string>
	<string name="library_recordtype_empty_racialtrait">&#171; New Racial Trait &#187;</string>
	<string name="library_recordtype_empty_subracialtrait">&#171; New Sub-Racial Trait &#187;</string>

	<!-- House Rule - Bastions -->
	<string name="tab_bastion">Bastion</string>
	<string name="bastion">Bastion</string>

	<string name="ps_label_bastion">BASTION</string>

	<string name="ps_tooltip_bastion_log">Log of Bastion Turns</string>
	<string name="ps_tooltip_bastion_advance">Advance Bastion Turns</string>
	<string name="ps_tooltip_bastion_facility_order_clear">Clear Order</string>

	<string name="ps_label_bastion_facility_order">ORDERS</string>
	<string name="ps_tooltip_bastion_facility_order">Drag order button onto facility to set the current facility order.</string>
	<string name="ps_label_bastion_facility_order_none">NONE</string>
	<string name="ps_label_bastion_facility_order_craft">CRAFT</string>
	<string name="ps_label_bastion_facility_order_empower">EMPOWER</string>
	<string name="ps_label_bastion_facility_order_harvest">HARVEST</string>
	<string name="ps_label_bastion_facility_order_maintain">MAINTAIN</string>
	<string name="ps_label_bastion_facility_order_recruit">RECRUIT</string>
	<string name="ps_label_bastion_facility_order_research">RESEARCH</string>
	<string name="ps_label_bastion_facility_order_trade">TRADE</string>

	<string name="ps_bastion_log_window_title">Bastion Turn Log</string>
	<string name="ps_tooltip_bastion_log_clear">Clear Bastion Log</string>
	<string name="ps_tooltip_bastion_log_turn_reset">Reset Bastion Turn Counter</string>
	<string name="ps_label_bastion_log_turn">Turn</string>
</root>
