<?xml version="1.0" encoding="iso-8859-1"?>

<!--
  Please see the license.html file included with this distribution for
  attribution and copyright information.
-->

<root>
	<windowclass name="ps_inventory">
		<script file="ps/scripts/ps_inv.lua" />
		<sheetdata>
			<anchor_content_top />

			<anchor_content_bottom />
			<sub_content_hidden_bottom name="sub_party">
				<anchored height="320" />
			</sub_content_hidden_bottom>

			<sub_content name="sub_shared">
				<class>ps_inventory_shared</class>
			</sub_content>
		</sheetdata>
	</windowclass>

	<windowclass name="ps_inventory_shared">
		<sheetdata>
			<anchor_content_top />
			<anchor_content_bottom />

			<sub_content_framed_groupbox_top name="sub_header">
				<class>ps_inventory_shared_header</class>
			</sub_content_framed_groupbox_top>

			<sub_content name="sub_coins">
				<anchored>
					<right anchor="center" offset="-100" />
				</anchored>
				<class>ps_inventory_shared_coins</class>
			</sub_content>
			<sub_content name="sub_items">
				<anchored>
					<left anchor="center" offset="-40" />
				</anchored>
				<class>ps_inventory_shared_items</class>
			</sub_content>
			<sub_content name="sub_controls">
				<anchored>
					<left anchor="center" offset="-100" />
					<right anchor="center" offset="-40" />
				</anchored>
				<class>ps_inventory_shared_controls</class>
			</sub_content>
		</sheetdata>
	</windowclass>
	<windowclass name="ps_inventory_shared_header">
		<margins control="0,0,0,5" />
		<sheetdata>
			<anchor_content_top />
			<anchor_content_bottom />

			<header_content_framed_headersimple name="header">
				<static textres="ps_header_inventory_shared" />
			</header_content_framed_headersimple>
		</sheetdata>
	</windowclass>
	<windowclass name="ps_inventory_shared_coins">
		<frame>groupbox</frame>
		<sheetdata>
			<anchor_content_groupbox_top />
			<anchor_content_groupbox_bottom />

			<list_content_labeled_alternating name="list">
				<datasource>.treasureparcelcoinlist</datasource>
				<class>ps_parcelcoin</class>
				<allowdelete />
			</list_content_labeled_alternating>
			<scrollbar_content_list />

			<anchor_list_content_label_left />
			<anchor_list_content_label_right />
			<label_list_content_number_left name="label_count">
				<anchored width="50" />
				<static>#</static>
			</label_list_content_number_left>
			<button_list_content_iedit_label_right name="list_iedit" />
			<button_list_content_iadd_label_right name="list_iadd" />
			<label_list_content_noframe name="label_name">
				<static textres="ps_label_desc" />
			</label_list_content_noframe>
		</sheetdata>
	</windowclass>
	<windowclass name="ps_inventory_shared_items">
		<frame>groupbox</frame>
		<sheetdata>
			<anchor_content_groupbox_top />
			<anchor_content_groupbox_bottom />

			<list_content_labeled_alternating name="list">
				<datasource>.treasureparcelitemlist</datasource>
				<class>ps_parcelitem</class>
				<empty font="list-empty" textres="ps_emptylistitems" />
				<allowdelete />
				<script>
					function onSortCompare(w1, w2)
						return ItemManager.getSortName(w1.getDatabaseNode()) &gt; ItemManager.getSortName(w2.getDatabaseNode());
					end
				</script>
			</list_content_labeled_alternating>
			<scrollbar_content_list />

			<anchor_list_content_label_left />
			<anchor_list_content_label_right />
			<spacer_list_content_link_label_left name="label_link" />
			<label_list_content_number_left name="label_count">
				<anchored width="30" />
				<static>#</static>
			</label_list_content_number_left>
			<button_list_content_iedit_label_right name="list_iedit" />
			<button_list_content_iadd_label_right name="list_iadd">
				<recordtype>item</recordtype>
			</button_list_content_iadd_label_right>
			<label_list_content_string_right name="label_assign">
				<anchored width="80" />
				<static textres="ps_label_invassign" />
			</label_list_content_string_right>
			<label_list_content name="label_name">
				<static textres="ps_label_desc" />
			</label_list_content>
		</sheetdata>
	</windowclass>
	<windowclass name="ps_inventory_shared_controls">
		<frame>groupbox</frame>
		<sheetdata>
			<anchor_content_groupbox_top />
			<anchor_content_groupbox_bottom />

			<buttoncontrol name="button_sell">
				<anchored width="26" height="33">
					<left offset="18" />
					<top anchor="center" offset="-33" />
				</anchored>
				<icon normal="arrowleft" />
				<tooltip textres="ps_tooltip_sell" />
				<gmvisibleonly />
				<script>
					function onButtonPress()
						PartyLootManager.sellItems();
					end
				</script>
			</buttoncontrol>
			<basicnumber name="sellpercentage">
				<anchored to="button_sell" width="20" height="20">
					<top anchor="bottom" offset="5" />
					<left offset="-3" /> 
				</anchored>
				<default>50</default>
				<nodrop />
				<droptypes merge="delete" />
				<gmvisibleonly />
			</basicnumber>
			<label name="label_sellpercentage">
				<anchored to="sellpercentage" position="righthigh" offset="5,0" />
				<static>%</static>
				<gmvisibleonly />
			</label>
			<buttoncontrol name="button_id">
				<anchored to="button_sell" width="20" height="20">
					<top offset="-35" />
					<left offset="3" /> 
				</anchored>
				<frame name="fieldlight" offset="7,7,7,7" />
				<icon normal="record_identified" />
				<tooltip textres="ps_tooltip_id_all" />
				<gmvisibleonly />
				<script>
					function onButtonPress()
						PartyLootManager.identifyItems();
					end
				</script>
			</buttoncontrol>
		</sheetdata>
	</windowclass>
	<windowclass name="ps_parcelcoin">
		<margins control="0,0,0,2" />
		<sheetdata>
			<anchor_listitem_left_sm />
			<anchor_listitem_right_sm />

			<button_listitem_idelete_left name="idelete">
				<editmode>list_iedit</editmode>
			</button_listitem_idelete_left>
			<number_dropadd_listitem_left name="amount">
				<anchored width="50" />
				<description field="description" />
			</number_dropadd_listitem_left>

			<string_listitem_center_underline name="description">
				<multilinespacing>20</multilinespacing>
				<empty textres="library_recordtype_empty_item" />
				<nodrop />
			</string_listitem_center_underline>
		</sheetdata>
	</windowclass>
	<windowclass name="ps_parcelitem">
		<margins control="0,0,0,2" />
		<script>
			function onInit()
				self.onIDChanged();
			end
			function onIDChanged()
				local bID = RecordDataManager.getIDState("item", getDatabaseNode());
				name.setVisible(bID);
				nonid_name.setVisible(not bID);
			end
		</script>
		<sheetdata>
			<anchor_listitem_left_sm />
			<anchor_listitem_right_sm />

			<button_listitem_idelete_left name="idelete">
				<editmode>list_iedit</editmode>
			</button_listitem_idelete_left>
			<linkc_listitem_left name="shortcut">
				<class>item</class>
			</linkc_listitem_left>
			<number_dropadd_listitem_left name="count">
				<anchored width="30" />
			</number_dropadd_listitem_left>

			<button_listitem_isidentified_right name="isidentified" />
			<string_listitem_right name="assign">
				<anchored width="100" />
				<multilinespacing>20</multilinespacing>
				<nodrop />
				<droptypes merge="delete" />
				<tabtarget prev="nonid_name" />
				<script file="ps/scripts/ps_carriedby.lua" />
			</string_listitem_right>

			<string_listitem_center name="name">
				<empty textres="library_recordtype_empty_item" />
				<nodrop />
			</string_listitem_center>
			<string_listitem_center name="nonid_name">
				<empty textres="library_recordtype_empty_nonid_item" />
				<nodrop />
				<droptypes merge="delete" />
				<invisible />
				<tabtarget next="assign" prev="name" />
			</string_listitem_center>
		</sheetdata>
	</windowclass>

	<windowclass name="ps_inventory_party">
		<sheetdata>
			<anchor_content_top />
			<anchor_content_bottom />

			<sub_content_framed_groupbox_top name="sub_header">
				<class>ps_inventory_party_header</class>
			</sub_content_framed_groupbox_top>

			<sub_content name="sub_coins">
				<anchored>
					<right anchor="center" offset="-70" />
				</anchored>
				<class>ps_inventory_party_coins</class>
			</sub_content>
			<sub_content name="sub_items">
				<anchored>
					<left anchor="center" offset="-70" />
				</anchored>
				<class>ps_inventory_party_items</class>
			</sub_content>
		</sheetdata>
	</windowclass>
	<windowclass name="ps_inventory_party_header">
		<margins control="0,0,0,5" />
		<sheetdata>
			<anchor_content_top />
			<anchor_content_bottom />

			<header_content_framed_headersimple name="header">
				<static textres="ps_header_inventory_carried" />
			</header_content_framed_headersimple>
			<button_refresh name="button_rebuild">
				<anchored to="header" position="insidetopright" offset="5,0" />
				<tooltip textres="ps_tooltip_rebuild" />
				<gmvisibleonly />
				<script>
					function onButtonPress()
						PartyLootManager.rebuild();
					end
				</script>
			</button_refresh>
			<button_icon name="button_distribute">
				<anchored to="header" position="insidetopleft" offset="5,0" />
				<icon normal="button_ctnextactor" pressed="button_ctnextactor_down" />
				<tooltip textres="ps_tooltip_distribute" />
				<gmvisibleonly />
				<script>
					function onButtonPress()
						PartyLootManager.distribute();
					end
				</script>
			</button_icon>
		</sheetdata>
	</windowclass>
	<windowclass name="ps_inventory_party_coins">
		<frame>groupbox</frame>
		<sheetdata>
			<anchor_content_groupbox_top />
			<anchor_content_groupbox_bottom />

			<list_content_labeled_alternating name="list">
				<datasource>.coinlist</datasource>
				<class>ps_coin</class>
			</list_content_labeled_alternating>
			<scrollbar_content_list />

			<anchor_list_content_label_left />
			<anchor_list_content_label_right />
			<label_list_content_number_left name="label_count">
				<anchored width="50" />
				<static>#</static>
			</label_list_content_number_left>
			<label_list_content_string_left name="label_name">
				<anchored width="80" />
			</label_list_content_string_left>
			<label_list_content_noframe name="label_carried">
				<static textres="ps_label_partycarried" />
			</label_list_content_noframe>
		</sheetdata>
	</windowclass>
	<windowclass name="ps_inventory_party_items">
		<frame>groupbox</frame>
		<sheetdata>
			<anchor_content_groupbox_top />
			<anchor_content_groupbox_bottom />

			<list_content_labeled_alternating name="list">
				<datasource>.inventorylist</datasource>
				<class>ps_item</class>
				<sortby><control>name</control></sortby>
				<empty font="list-empty" textres="ps_emptylistpartyitems" />
			</list_content_labeled_alternating>
			<scrollbar_content_list />

			<anchor_list_content_label_left />
			<anchor_list_content_label_right />
			<label_list_content_number_left name="label_count">
				<anchored width="30" />
				<static>#</static>
			</label_list_content_number_left>
			<label_list_content_string_right name="label_carried">
				<anchored width="160" />
				<static textres="ps_label_partycarried" />
			</label_list_content_string_right>
			<label_list_content_noframe name="label_name">
				<static textres="ps_label_invname" />
			</label_list_content_noframe>
		</sheetdata>
	</windowclass>
	<windowclass name="ps_coin">
		<margins control="0,0,0,2" />
		<sheetdata>
			<anchor_listitem_left_sm />
			<anchor_listitem_right_sm />

			<number_listitem_left_static name="amount">
				<anchored width="50" />
				<hideonvalue>0</hideonvalue>
				<description field="description" />
			</number_listitem_left_static>
			<string_listitem_left_underline_static name="name">
				<anchored width="100" />
				<multilinespacing>20</multilinespacing>
			</string_listitem_left_underline_static>

			<string_listitem_center_noframe_static name="carriedby">
				<empty textres="library_recordtype_empty_item" />
			</string_listitem_center_noframe_static>
		</sheetdata>
	</windowclass>
	<windowclass name="ps_item">
		<margins control="0,0,0,2" />
		<sheetdata>
			<anchor_listitem_left_sm />
			<anchor_listitem_right_sm />

			<number_listitem_left_static name="count">
				<anchored width="30" />
				<hideonvalue>0</hideonvalue>
			</number_listitem_left_static>

			<string_listitem_right_noframe_static name="carriedby">
				<anchored width="160" height="-1" />
				<multilinespacing>20</multilinespacing>
			</string_listitem_right_noframe_static>

			<string_listitem_center_noframe_static name="name" />
		</sheetdata>
	</windowclass>
</root>
