<?xml version="1.0" encoding="iso-8859-1"?>

<!--
	Please see the license.html file included with this distribution for
	attribution and copyright information.
-->

<root>
	<windowclass name="ps_main">
		<script>
			function onInit()
				if Session.IsHost and Interface.isWindowClass("ps_main_rolls") then
					sub_rolls.setValue("ps_main_rolls", getDatabaseNode());
					sub_rolls.setVisible(true);
				end
			end
			function onDrop(x, y, draginfo)
				return PartyManager.onDrop(draginfo);
			end
		</script>
		<sheetdata>
			<anchor_content_top />
			<anchor_content_bottom />

			<sub_content_framed_groupbox_hidden_bottom name="sub_rolls" />

			<sub_content_framed_groupbox name="sub_content">
				<class>ps_main_content</class>
			</sub_content_framed_groupbox>
		</sheetdata>
	</windowclass>
	<windowclass name="ps_main_content">
		<sheetdata>
			<anchor_content_top />
			<anchor_content_bottom />

			<sub_content_top name="sub_labels">
				<anchored height="40" />
				<class>ps_main_labels</class>
			</sub_content_top>
			<button_iedit name="list_iedit">
				<anchored to="sub_labels" position="insidebottomright" offset="25,5" />
				<edittarget>list</edittarget>
				<gmvisibleonly />
			</button_iedit>

			<list_content name="list">
				<datasource>.partyinformation</datasource>
				<class>ps_mainitem</class>
				<sortby><control>name</control></sortby>
				<empty font="list-empty" textres="ps_emptylist" />
				<allowdelete />
			</list_content>
			<scrollbar_content_list />
		</sheetdata>
	</windowclass>
	<windowclass name="ps_main_labels">
		<sheetdata>
			<label_list_content_base name="namelabel">
				<anchored position="insidetopleft" offset="55,20" width="200" />
				<static textres="ps_label_name" />
			</label_list_content_base>
		</sheetdata>
	</windowclass>

	<windowclass name="ps_mainitem">
		<margins control="0,0,0,10" />
		<frame>fieldlight</frame>
		<sheetdata>
			<hlink name="link">
				<script>
					function onValueChanged()
						window.portrait.update();
					end
				</script>
			</hlink>

			<portrait_ps name="portrait">
				<bounds>10,10,40,40</bounds>
			</portrait_ps>

			<string_ps name="name">
				<anchored position="insidetopleft" offset="55,20" width="200" />
				<empty textres="library_recordtype_empty_charsheet" />
			</string_ps>

			<button_idelete name="idelete">
				<anchored position="insidetopright" offset="10,10" />
				<editmode>list_iedit</editmode>
			</button_idelete>
		</sheetdata>
	</windowclass>
</root>
