<?xml version="1.0" encoding="iso-8859-1"?>

<!--
	Please see the license.html file included with this distribution for
	attribution and copyright information.
-->

<root>
	<windowclass name="ps_xp">
		<script>
			function onDrop(x, y, draginfo)
				return PartyXPManager.onDrop(draginfo);
			end
		</script>
		<sheetdata>
			<anchor_content_top />
			<sub_content_framed_groupbox_top name="sub_party">
				<anchored height="300" />
				<class>ps_xp_party</class>
			</sub_content_framed_groupbox_top>

			<anchor_content_bottom />

			<sub_content_framed_groupbox_left name="sub_battles">
				<class>ps_xp_battles</class>
			</sub_content_framed_groupbox_left>
			<sub_content_framed_groupbox_right name="sub_quests">
				<class>ps_xp_quests</class>
			</sub_content_framed_groupbox_right>
		</sheetdata>
	</windowclass>

	<windowclass name="ps_xp_party">
		<sheetdata>
			<anchor_content_top />
			<anchor_content_bottom />

			<header_content_framed_headersimple name="header">
				<static textres="ps_header_party" />
			</header_content_framed_headersimple>

			<list_content name="list">
				<datasource>.partyinformation</datasource>
				<class>ps_xp_partyentry</class>
				<sortby><control>name</control></sortby>
				<columns width="350" fillwidth="true" dynamic="true" />
				<empty font="list-empty" gmtextres="ps_emptylistother" />
			</list_content>
			<scrollbar_content_list />
		</sheetdata>
	</windowclass>
	<windowclass name="ps_xp_partyentry">
		<margins control="0,0,0,10" />
		<frame>fieldlight</frame>
		<sheetdata>
			<hlink name="link">
				<script>
					function onValueChanged()
						window.portrait.update();
					end
				</script>
			</hlink>

			<portrait_ps name="portrait">
				<bounds>10,10,40,40</bounds>
			</portrait_ps>

			<string_ps name="name">
				<anchored position="insidetopleft" offset="55,10" height="20">
					<right offset="-215" />
				</anchored>
				<empty textres="library_recordtype_empty_charsheet" />
			</string_ps>
			<label name="label_exp">
				<anchored position="insidetopright" offset="185,10" width="20" />
				<static textres="xp" />
			</label>	
			<number_ps name="exp">
				<anchored position="insidetopright" offset="110,10" width="65" height="20" />
				<stateframe>
					<drophilight name="fieldfocusplus" />
				</stateframe>
				<script>
					function onDrop(x, y, draginfo)
						if draginfo.isType("number") and Session.IsHost then
							local rActor = ActorManager.resolveActor(window.link.getTargetDatabaseNode());
							PartyXPManager.awardXPtoPC(rActor, draginfo.getNumberData());
							return true;
						end
					end
				</script>				
			</number_ps>
			<label name="label_expneeded">
				<anchored position="insidetopright" offset="90,10" width="10" height="20" />
				<static> / </static>
				<center />
			</label>	
			<number_ps name="expneeded">
				<anchored position="insidetopright" offset="15,10" width="65" height="20" />
			</number_ps>
		</sheetdata>
	</windowclass>

	<windowclass name="ps_xp_battles">
		<sheetdata>
			<anchor_content_top />
			<anchor_content_bottom />

			<header_content_framed_headersimple name="header">
				<static textres="library_recordtype_label_battle" />
			</header_content_framed_headersimple>
			<button_text name="button_award">
				<anchored to="header" position="insidetopleft" offset="0,0" width="60" />
				<state textres="ps_label_award" />
				<script>
					function onButtonPress()
						PartyXPManager.awardRecordsToParty("battle");
					end
				</script>
			</button_text>

			<area_list_content_controls name="area_controls" />
			<anchor_list_content_controls_right name="rightanchor" />
			<button_iedit_list_content_controls name="list_iedit" />
			<filter_list_content_controls />

			<list_content_labeled_alternating_filtered name="list">
				<datasource>.encounters</datasource>
				<class>ps_xp_battleentry</class>
				<empty font="list-empty" textres="ps_emptylistenc" />
				<allowdelete />
			</list_content_labeled_alternating_filtered>
			<scrollbar_content_list />

			<anchor_list_content_label_left />
			<anchor_list_content_label_right />
			<spacer_list_content_link_label_left name="spacer_link" />
			<label_list_content_button_right name="label_xpawarded">
				<anchored width="30" />
				<static textres="ps_label_xpawarded" />
				<tooltip textres="ps_tooltip_xpawarded" />
			</label_list_content_button_right>
			<label_list_content_number_right name="label_xp">
				<anchored width="50" />
				<static textres="xp" />
			</label_list_content_number_right>
			<label_list_content_noframe name="label_name">
				<static textres="ps_label_xpname" />
			</label_list_content_noframe>
		</sheetdata>
	</windowclass>
	<windowclass name="ps_xp_battleentry">
		<margins control="0,0,0,2" />
		<script>
			function onInit()
				if Session.IsHost then
					registerMenuItem(Interface.getString("ps_menu_awardxp"), "deletealltokens", 3);
				end
			end
			function onMenuSelection(selection, subselection)
				if selection == 3 then
					PartyXPManager.awardRecordsToParty("battle", getDatabaseNode());
				end
			end
		</script>
		<sheetdata>
			<anchor_listitem_left_sm />
			<anchor_listitem_right_sm />

			<button_listitem_idelete_left name="idelete">
				<editmode>list_iedit</editmode>
			</button_listitem_idelete_left>
			<linkc_listitem_left name="shortcut">
				<class>battle</class>
			</linkc_listitem_left>

			<button_listitem_checkbox_right name="xpawarded">
				<anchored width="30" />
			</button_listitem_checkbox_right>
			<number_listitem_right name="exp">
				<anchored width="50" />
			</number_listitem_right>

			<string_listitem_center_noframe_static name="name">
				<empty textres="library_recordtype_empty_battle" />
			</string_listitem_center_noframe_static>
		</sheetdata>
	</windowclass>

	<windowclass name="ps_xp_quests">
		<sheetdata>
			<anchor_content_top />
			<anchor_content_bottom />

			<header_content_framed_headersimple name="header">
				<static textres="library_recordtype_label_quest" />
			</header_content_framed_headersimple>
			<button_text name="button_award">
				<anchored to="header" position="insidetopleft" offset="0,0" width="60" />
				<state textres="ps_label_award" />
				<script>
					function onButtonPress()
						PartyXPManager.awardRecordsToParty("quest");
					end
				</script>
			</button_text>

			<area_list_content_controls name="area_controls" />
			<anchor_list_content_controls_right name="rightanchor" />
			<button_iedit_list_content_controls name="list_iedit" />
			<button_iadd_list_content_controls name="list_iadd" />
			<filter_list_content_controls />

			<list_content_labeled_alternating_filtered name="list">
				<datasource>.quests</datasource>
				<class>ps_xp_questentry</class>
				<empty font="list-empty" textres="ps_emptylistquest" />
				<allowdelete />
			</list_content_labeled_alternating_filtered>
			<scrollbar_content_list />

			<anchor_list_content_label_left />
			<anchor_list_content_label_right />
			<spacer_list_content_link_label_left name="spacer_link" />
			<label_list_content_button_right name="label_xpawarded">
				<anchored width="30" />
				<static textres="ps_label_xpawarded" />
				<tooltip textres="ps_tooltip_xpawarded" />
			</label_list_content_button_right>
			<label_list_content_number_right name="label_xp">
				<anchored width="50" />
				<static textres="xp" />
			</label_list_content_number_right>
			<label_list_content_noframe name="label_name">
				<static textres="ps_label_xpname" />
			</label_list_content_noframe>
		</sheetdata>
	</windowclass>
	<windowclass name="ps_xp_questentry">
		<margins control="0,0,0,2" />
		<script>
			function onInit()
				if Session.IsHost then
					registerMenuItem(Interface.getString("ps_menu_awardxp"), "deletealltokens", 3);
				end
			end
			function onMenuSelection(selection, subselection)
				if selection == 3 then
					PartyXPManager.awardRecordsToParty("quest", getDatabaseNode());
				end
			end
		</script>
		<sheetdata>
			<anchor_listitem_left_sm />
			<anchor_listitem_right_sm />

			<button_listitem_idelete_left name="idelete">
				<editmode>list_iedit</editmode>
			</button_listitem_idelete_left>
			<linkc_listitem_left name="shortcut">
				<class>quest</class>
			</linkc_listitem_left>

			<button_listitem_checkbox_right name="xpawarded">
				<anchored width="30" />
			</button_listitem_checkbox_right>
			<number_listitem_right name="xp">
				<anchored width="50" />
			</number_listitem_right>

			<string_listitem_center_noframe_static name="name">
				<empty textres="library_recordtype_empty_quest" />
			</string_listitem_center_noframe_static>
		</sheetdata>
	</windowclass>
</root>
